word,freq
abbe,0
abed,0
abet,2
able,6522
ably,13
abut,4
aced,9
aces,31
ache,16
achy,7
acid,194
acme,1
acne,46
acre,60
acts,729
adds,1034
ados,0
adze,1
aeon,0
aery,0
afar,37
agar,0
aged,1444
ages,679
agog,2
ague,0
ahem,6
ahoy,0
aide,135
aids,82
ails,7
aims,1081
airs,69
airy,41
ajar,6
akin,132
alas,18
albs,0
ales,35
alga,0
alit,0
alls,0
ally,307
alms,3
aloe,7
alps,1
also,43041
alto,3
alum,98
amen,6
amid,1334
amir,0
ammo,28
amok,8
amps,8
anal,15
anew,38
ankh,0
anon,0
ante,16
anti,19
ants,40
anus,13
aped,0
apes,22
apex,104
apps,609
apse,1
aqua,7
arch,44
arcs,31
area,7667
ares,1
aria,4
arid,13
arks,0
arms,747
army,706
arts,546
arty,4
arum,1
ashy,0
asks,403
asps,0
atom,11
atop,158
auks,1
aunt,133
aura,48
auto,283
aver,1
avid,115
avow,0
away,7625
awed,5
awes,0
awls,2
awns,0
awol,0
awry,26
axed,72
axes,19
axis,67
axle,14
axon,0
ayah,0
ayes,0
baas,0
babe,27
baby,1332
back,17871
bade,6
bads,0
bags,575
baht,29
bail,717
bait,68
bake,91
bald,45
bale,5
balk,11
ball,2850
balm,35
band,1262
bane,11
bang,138
bani,0
bank,1726
bans,166
barb,3
bard,3
bare,130
barf,0
bark,39
barn,121
bars,574
base,1638
bash,53
bask,14
bass,146
bast,0
bate,0
bath,155
bats,104
baud,0
bawd,0
bawl,0
bays,45
bead,12
beak,9
beam,70
bean,56
bear,513
beat,1564
beau,20
beck,4
beds,323
beef,344
been,47805
beep,11
beer,489
bees,99
beet,9
begs,43
bell,154
belt,395
bend,104
bent,76
berg,0
berm,3
best,9657
beta,1755
bets,252
bevy,22
beys,0
bias,215
bibs,3
bide,11
bids,122
bier,0
bike,619
bile,15
bilk,2
bill,2004
bind,37
bins,165
bios,3
bird,396
bite,250
bits,176
blab,1
blah,16
bled,22
blew,195
blip,29
blob,16
bloc,198
blog,189
blot,7
blow,523
blue,1112
blur,44
boar,12
boas,0
boat,735
bobs,5
bock,1
bode,28
bods,0
body,3437
bogs,11
bogy,0
boil,104
bola,2
bold,412
bole,0
boll,0
bolt,40
bomb,359
bond,665
bone,225
bong,3
bony,10
boob,14
book,2471
boom,177
boon,39
boor,0
boos,42
boot,248
bops,2
bore,70
born,1512
bosh,0
boss,1050
both,10939
bout,166
bowl,341
bows,33
boxy,9
boys,1033
bozo,1
brad,1
brae,0
brag,19
bran,3
bras,11
brat,15
bray,0
bred,57
brew,55
brie,5
brig,0
brim,23
bros,14
brow,23
bubo,0
bubs,0
buck,71
buds,81
buff,26
bugs,92
bulb,25
bulk,197
bull,156
bump,162
bums,5
bung,0
bunk,18
buns,31
bunt,18
buoy,11
burg,1
burl,0
burn,319
burp,3
burr,2
burs,0
bury,94
bush,68
buss,1
bust,103
busy,1055
buts,4
butt,92
buys,84
buzz,170
byes,3
byte,2
cabs,8
cads,0
cafe,262
cage,99
cagy,0
cake,366
calf,127
calk,0
call,4497
calm,512
came,7236
camp,1051
cams,10
cane,38
cans,107
cant,19
cape,17
capo,2
caps,175
card,1390
care,5411
carp,16
cars,1573
cart,113
case,6339
cash,1786
cask,22
cast,1614
cats,324
cave,89
caws,0
cays,0
ceca,0
cede,11
cell,469
cent,4725
chap,16
char,6
chat,430
chef,379
chew,42
chic,125
chid,0
chin,75
chip,394
chis,0
chit,5
chop,60
chow,13
chub,1
chug,5
chum,4
ciao,0
cite,65
city,6250
clad,43
clam,13
clan,50
clap,23
claw,53
clay,118
clef,0
clew,0
clip,522
clit,1
clod,0
clog,24
clop,0
clot,12
cloy,0
club,3406
clue,129
coal,305
coat,229
coax,19
cobs,0
coca,0
cock,7
coco,2
coda,5
code,746
cods,0
coed,6
cogs,11
coho,4
coif,0
coil,14
coin,224
coke,19
cola,4
cold,1127
colt,16
coma,63
comb,27
come,9485
comp,18
cone,22
conk,0
cons,51
cony,0
cook,327
cool,970
coon,2
coop,17
coos,1
coot,1
cope,246
cops,188
copy,298
cord,92
core,970
cork,11
corm,1
corn,198
cost,3736
cosy,119
cote,0
cots,6
coup,169
cove,12
cowl,5
cows,155
cozy,122
crab,63
crag,1
cram,12
crap,83
craw,2
crew,1068
crib,19
crop,316
crow,10
crud,0
crux,29
cube,26
cubs,26
cuds,0
cued,2
cues,43
cuff,12
cull,12
cult,170
cums,0
cunt,0
cups,126
curb,216
curd,15
cure,139
curl,31
curs,0
curt,4
cusp,69
cuss,4
cute,223
cuts,1078
cyan,0
cyst,19
czar,16
dabs,0
dace,0
dado,1
dads,43
daft,11
dais,12
dale,5
dame,4
damn,124
damp,104
dams,72
dang,9
dank,5
dare,103
dark,1128
darn,28
dart,26
dash,183
data,5342
date,2502
daub,1
dawn,114
days,7759
daze,1
dead,1884
deaf,98
deal,3973
dean,61
dear,300
debs,0
debt,1141
deck,214
deed,57
deem,44
deep,1685
deer,188
deft,18
defy,46
deli,46
dell,0
demo,83
dens,11
dent,39
deny,301
desk,234
dews,0
dewy,18
dhow,1
dial,82
dibs,5
dice,43
dick,27
dido,0
died,3076
dies,145
diet,528
digs,55
dike,5
dill,12
dime,39
dims,5
dine,54
ding,7
dins,0
dint,3
dips,62
dire,254
dirk,0
dirt,210
disc,68
dish,354
disk,30
diss,37
ditz,0
diva,22
dive,342
dock,144
docs,17
dodo,2
doer,0
does,5860
doff,2
doge,1
dogs,1018
dogy,0
dohs,0
dole,6
doll,58
dolt,0
dome,43
dona,0
done,4939
dong,0
dons,13
doom,63
door,1607
dopa,0
dope,19
dopy,0
dork,1
dorm,42
dory,0
dose,140
dost,0
dote,0
doth,3
dots,74
dour,7
dove,37
down,13175
doze,3
drab,15
drag,300
dram,1
drat,0
draw,1208
dray,0
drew,489
drip,26
drop,1418
drub,0
drug,1662
drum,109
drys,0
dual,242
dubs,6
duck,150
duct,20
dude,87
duds,3
duel,34
dues,42
duet,36
duff,0
duke,37
dull,85
duly,62
dumb,88
dump,125
dune,15
dung,9
dunk,64
duns,0
duos,14
dupe,25
dusk,33
dust,341
duty,771
dyed,14
dyer,0
dyes,20
dyke,3
each,7605
earl,4
earn,777
ears,207
ease,597
east,795
easy,2467
eats,75
eave,0
ebbs,10
echo,88
ecru,2
eddy,3
edge,877
edgy,31
edit,70
eels,11
eery,0
egad,0
eggs,436
egis,0
egos,19
eked,12
ekes,2
elan,0
elks,1
ells,0
elms,3
else,2121
emir,10
emit,35
emos,0
emus,5
ends,830
envy,41
eons,1
epee,0
epic,286
eras,31
ergo,0
ergs,0
errs,0
erst,0
espy,0
etas,0
etch,5
euro,93
even,13531
ever,4638
eves,0
evil,334
ewer,0
ewes,23
exam,285
exec,33
exes,21
exit,631
expo,27
eyed,25
eyes,1372
eyry,0
face,4736
fact,3258
fade,81
fads,8
fags,2
fail,430
fain,0
fair,1446
fake,647
fall,2304
fame,378
fang,0
fans,4821
fare,237
farm,1055
faro,0
fart,15
fast,1236
fate,395
fats,75
faun,0
fawn,9
fays,0
faze,2
fear,1250
feat,211
feds,40
feed,525
feel,5881
fees,864
feet,1615
fell,1739
felt,3279
fend,48
fens,0
fern,13
fess,2
fest,26
feta,16
fete,9
feud,134
fiat,17
fibs,0
fief,0
fife,1
figs,8
file,553
fill,789
film,4167
find,6588
fine,1496
fink,0
fins,17
fire,4060
firm,3385
firs,1
fish,801
fist,90
fits,255
five,6968
fizz,18
flab,0
flag,719
flak,18
flan,4
flap,20
flat,690
flaw,50
flax,9
flay,0
flea,14
fled,460
flee,192
flew,292
flex,37
flip,221
flit,4
floe,1
flog,2
flop,36
flow,638
flub,3
flue,3
flus,0
flux,25
foal,5
foam,182
fobs,4
foci,0
foes,75
fogs,0
fogy,0
foil,67
fold,151
folk,184
fond,122
font,19
food,5397
fool,72
foot,925
fops,0
fora,3
ford,7
fore,41
fork,88
form,2516
fort,24
foul,313
four,8588
fowl,4
foxy,2
frat,13
fray,56
free,4893
fret,16
frig,0
friz,0
frog,39
from,91106
fuck,44
fuel,1304
full,4674
fume,5
fumy,0
fund,1817
funk,29
funs,0
furl,0
furs,5
fury,72
fuse,21
fuss,48
futz,0
fuze,0
fuzz,3
gabs,0
gads,0
gaff,4
gaga,8
gage,3
gags,14
gain,1015
gait,13
gala,100
gale,13
gall,8
gals,3
game,12131
gamy,0
gang,472
gaol,0
gape,3
gaps,301
garb,13
gars,0
gash,10
gasp,16
gate,269
gave,5338
gawk,3
gays,13
gaze,40
gear,382
geed,0
geek,12
gees,0
geez,1
geld,2
gels,18
gelt,0
gems,76
gene,81
gent,5
germ,6
gets,2352
ghat,4
gibe,1
gift,860
gigs,98
gild,0
gill,5
gilt,7
gimp,1
gins,10
gird,1
girl,1302
girt,0
gist,11
give,5258
glad,439
glee,17
glen,3
glib,7
glob,1
glop,0
glow,100
glue,37
glum,6
glut,19
gnat,1
gnaw,3
gnus,0
goad,3
goal,3789
goat,74
gobs,2
gods,75
goer,2
goes,2450
gold,1651
golf,611
gone,2251
gong,23
good,11929
goof,2
gook,0
goon,6
goop,1
goos,0
gore,21
gorp,0
gory,25
gosh,35
gout,4
gown,116
grab,427
grad,34
gram,34
gray,150
grew,2281
grey,248
grid,371
grim,131
grin,45
grip,188
grit,81
grog,2
grow,1575
grub,20
guff,2
gulf,18
gull,9
gulp,9
gums,22
gunk,8
guns,390
guru,74
gush,17
gust,36
guts,50
guys,1238
gyms,34
gyps,0
gyro,2
gyve,0
hack,137
hadj,0
haft,0
hags,1
hail,125
hair,1395
hajj,14
hake,2
hale,2
half,5024
hall,623
halo,13
halt,288
hams,9
hand,2789
hang,316
hank,1
haps,0
hard,4548
hare,7
hark,1
harm,791
harp,18
hart,0
hash,40
hasp,0
hast,0
hate,691
hath,4
hats,135
haul,152
have,87031
hawk,19
haws,0
hays,0
haze,26
hazy,17
head,4828
heal,168
heap,36
hear,1899
heat,1446
heck,67
heed,49
heel,116
heft,13
heir,56
held,5020
hell,398
helm,187
help,10756
heme,0
hemp,42
hems,4
hens,15
herb,35
herd,88
here,7805
hero,485
hers,85
hewn,2
hews,0
hick,0
hide,336
hied,0
hies,0
high,8386
hike,332
hill,195
hilt,7
hims,0
hind,7
hint,156
hips,61
hire,339
hiss,4
hist,0
hits,1171
hive,22
hoax,44
hobo,5
hobs,0
hock,3
hods,1
hoed,0
hoer,0
hoes,2
hogs,25
hoke,0
hold,3648
hole,570
holy,145
home,13142
homo,4
homy,0
hone,38
honk,9
hons,1
hood,92
hoof,3
hook,154
hoop,40
hoot,10
hope,3442
hops,27
hora,1
horn,51
hose,76
host,2216
hots,4
hour,1532
hove,1
howl,12
hows,1
hubs,147
hued,1
hues,39
huff,5
huge,2878
hugs,58
hula,15
hulk,5
hull,38
hump,21
hums,3
hung,187
hunk,9
hunt,286
hurl,8
hurt,821
hush,123
husk,5
huts,31
hymn,9
hype,167
hypo,1
iamb,0
ibex,1
ibis,0
iced,33
ices,2
icky,6
icon,323
idea,2526
idem,1
ides,0
idle,41
idly,13
idol,67
idyl,0
iffy,12
ikon,0
ilea,0
ilia,0
ilks,0
ills,8
imam,13
imps,2
inch,166
info,111
inks,8
inky,5
inns,8
into,28092
ions,11
iota,7
ires,0
iris,5
irks,5
iron,275
isle,9
isms,1
itch,24
item,429
jabs,48
jack,42
jade,7
jags,1
jail,818
jamb,1
jams,60
jape,0
jars,30
jato,0
java,3
jaws,29
jays,3
jazz,160
jean,10
jeep,14
jeer,1
jeez,2
jell,1
jerk,34
jest,17
jets,224
jews,2
jibe,21
jibs,0
jiff,0
jigs,1
jilt,0
jinn,4
jinx,11
jive,9
jobs,1969
jock,10
jogs,1
john,1
join,1772
joke,395
joky,0
jolt,29
josh,1
jots,0
jowl,1
joys,49
judo,22
jugs,9
jump,680
junk,86
jury,761
just,27571
jute,9
juts,4
kale,17
kart,8
kayo,1
keel,8
keen,691
keep,5943
kegs,5
kelp,7
keno,1
kens,0
kent,3
kepi,0
kept,1851
kerb,24
keys,230
khan,0
kick,891
kids,2547
kill,838
kiln,10
kilo,22
kilt,8
kind,3570
kine,0
king,321
kink,6
kips,0
kirk,1
kiss,155
kite,28
kith,0
kits,168
kiwi,5
knee,456
knew,2322
knit,54
knob,12
knot,141
know,11838
kola,1
kook,0
labs,53
lace,60
lack,2042
lacs,0
lacy,8
lade,0
lads,128
lady,384
lags,38
laid,593
lain,12
lair,5
lake,334
lama,0
lamb,86
lame,40
lamp,60
lams,0
land,2774
lane,496
lank,0
laps,86
lard,12
lark,2
lash,35
lass,6
last,24321
late,4242
lath,0
laud,5
lava,40
lave,0
lawn,220
laws,1266
lays,94
laze,2
lazy,99
lead,5358
leaf,103
leak,220
lean,228
leap,149
leas,0
lech,0
leek,2
leer,0
lees,1
left,8586
legs,497
leis,1
lend,102
lens,165
lent,51
lept,2
less,4590
lest,20
lets,292
levy,130
lewd,21
liar,52
libs,6
lice,8
lick,24
lido,7
lids,13
lied,138
lief,0
lien,11
lies,706
lieu,147
life,10281
lift,502
like,26456
lilt,2
lily,22
limb,39
lime,90
limn,0
limo,13
limp,33
limy,0
line,4428
ling,1
link,670
lint,5
lion,82
lips,123
lira,6
lire,0
lisp,1
list,2951
lite,5
live,4773
load,325
loaf,42
loam,3
loan,1071
lobe,5
lobs,1
loch,8
loci,0
lock,316
loco,6
lode,4
loft,55
loge,0
logo,276
logs,63
logy,0
loin,10
loll,1
lone,188
long,7693
look,7346
loom,34
loon,6
loop,142
loot,40
lope,1
lops,0
lord,52
lore,76
lorn,0
lose,1390
loss,3141
lost,4047
loth,0
lots,983
loud,379
lour,0
lout,1
love,6089
lows,173
luau,0
lube,3
luck,399
luff,0
lugs,4
lull,18
lump,74
lung,155
lure,94
lurk,13
lush,103
lust,15
lute,0
lyes,0
lynx,13
lyre,0
mace,7
mach,0
macs,0
made,15834
mads,0
magi,0
mags,1
maid,23
mail,284
maim,5
main,2778
make,16085
male,1022
mall,142
malt,26
mama,32
mane,8
mans,0
many,14967
maps,206
mare,16
mark,1369
marl,1
mars,2
mart,5
mash,34
mask,266
mass,888
mast,32
mate,367
math,186
mats,39
matt,1
maul,35
maws,0
maxi,14
mayo,16
mays,0
maze,46
mead,6
meal,720
mean,2517
meat,496
meds,21
meed,0
meek,13
meet,3064
mega,59
meld,5
melt,74
meme,133
memo,133
mend,41
menu,673
meow,3
mere,314
mesa,3
mesh,88
mess,313
mete,2
mewl,0
mews,2
mica,2
mice,87
midi,22
mien,0
miff,0
mike,1
mild,206
mile,317
milf,0
milk,479
mill,147
mils,0
milt,0
mime,1
mind,1984
mine,567
mini,245
mink,4
mint,62
minx,0
mire,4
miry,0
miss,1060
mist,60
mite,3
mitt,7
mixt,0
mkay,0
moan,14
moat,15
mobs,26
mock,97
mode,495
mods,35
moil,0
mold,89
mole,21
moll,2
molt,3
moms,60
monk,25
mono,1
mood,392
moon,364
moor,6
moos,0
moot,21
mope,0
mops,10
mopy,0
more,40858
morn,1
mosh,7
moss,34
most,17887
mote,0
moth,15
mots,1
moue,0
move,4851
mown,4
mows,2
much,12029
muck,12
muds,1
muff,0
mugs,25
mule,16
mull,3
mums,70
murk,1
muse,23
mush,6
musk,4
muss,0
must,5681
mute,24
mutt,3
myna,1
myth,73
nabs,0
nags,0
naif,0
nail,167
name,3893
nape,3
naps,9
narc,1
nark,0
nary,5
nave,1
navy,142
nays,2
neap,0
near,4581
neat,96
neck,512
need,12366
neon,44
nerd,25
nest,107
nets,78
nett,3
nevi,0
news,5664
newt,0
next,10612
nibs,1
nice,1426
nick,20
nigh,11
nils,0
nine,2221
nips,7
nite,0
nits,42
node,14
nods,59
noel,1
noes,0
none,694
nook,20
noon,335
nope,3
norm,146
nose,306
nosh,3
nosy,4
note,3011
noun,10
nova,5
nows,0
nubs,0
nude,73
nuke,7
null,12
numb,26
nuns,20
nuts,133
oafs,0
oaks,8
oars,8
oath,138
oats,34
obey,41
obis,0
obit,0
oboe,1
odds,481
odes,1
odor,35
offs,14
ogle,0
ogre,1
ohms,0
oils,101
oily,39
oink,0
okay,314
okra,7
olds,17
oleo,0
oles,0
omen,17
omit,13
once,4579
ones,1844
only,17996
onto,1584
onus,34
onyx,4
oohs,1
oops,2
ooze,5
oozy,1
opal,3
oped,1
open,5434
opes,1
opts,25
opus,6
oral,181
orbs,10
orcs,7
ores,6
orgy,12
orzo,2
ouch,1
ours,144
oust,45
outs,89
ouzo,1
oval,28
oven,216
over,27382
ovum,2
owed,184
owes,81
owls,35
owns,6901
oxen,4
pace,666
pack,463
pact,85
pads,87
page,1074
paid,2736
pail,4
pain,1227
pair,1793
pale,68
pall,4
palm,103
pals,80
pane,7
pang,7
pans,55
pant,5
papa,9
paps,11
para,21
pare,8
park,1836
pars,7
part,11158
pass,1825
past,6371
pate,5
path,1258
pats,7
pave,98
pawl,0
pawn,21
paws,29
pays,292
peak,679
peal,5
pear,27
peas,45
peat,25
peck,11
pecs,1
peed,2
peek,72
peel,35
peen,1
peep,4
peer,149
pees,0
pegs,5
peke,0
pelf,0
pelt,5
pend,0
pens,45
pent,7
peon,1
peps,1
perk,40
perm,2
pert,1
peso,17
pest,75
pets,346
pews,18
phat,0
phew,0
phis,0
pica,1
pick,1763
pics,49
pied,1
pier,104
pies,93
pigs,83
pike,6
pile,189
pill,86
pimp,10
pine,68
ping,20
pink,397
pins,72
pint,108
piny,0
pipe,138
pips,10
piss,14
pita,11
pith,2
pits,80
pity,48
pixy,0
plan,4325
plat,4
play,7337
plea,454
pled,25
plod,3
plop,4
plot,549
plow,27
ploy,32
plug,182
plum,20
plus,893
pock,0
pods,70
poem,93
poet,118
pois,0
poke,43
poky,0
pole,224
poll,815
polo,77
pols,0
pomp,15
pond,142
pone,1
pony,49
poof,3
pooh,0
pool,866
poop,25
poor,1335
pope,75
pops,62
pore,9
pork,162
porn,120
port,559
pose,375
posh,47
post,4088
posy,1
pots,94
pour,104
pout,0
pram,20
pray,264
prep,99
prey,117
prig,0
prim,0
prod,8
prof,5
prom,43
prop,122
pros,98
prow,1
psis,0
psst,0
pubs,253
puce,0
puck,199
puff,38
pugs,3
puke,5
pule,1
pull,798
pulp,34
puma,2
pump,266
punk,69
puns,9
punt,96
puny,5
pupa,1
pups,36
pure,273
purl,2
purr,4
push,1347
puss,1
puts,572
putt,54
pwns,0
pyre,1
quad,50
quay,7
quid,24
quip,18
quit,344
quiz,120
race,2733
rack,73
racy,20
rads,0
raft,72
raga,3
rage,159
rags,10
raid,280
rail,449
rain,1371
raja,1
rake,27
ramp,201
rams,3
rand,7
rang,127
rani,0
rank,315
rant,49
rape,442
raps,9
rapt,6
rare,1104
rash,69
rasp,0
rate,3209
rats,111
rave,72
raws,0
rays,51
raze,6
razz,1
read,2148
real,4263
ream,0
reap,62
rear,507
recs,1
redo,26
reds,24
reed,10
reef,55
reek,2
reel,75
refs,21
rein,49
rely,522
rems,0
rend,0
rent,623
reps,102
rest,2379
revs,4
rhea,0
rhos,0
rial,3
ribs,80
rice,422
rich,955
rick,0
ride,760
rids,3
rife,63
riff,20
rift,66
rigs,23
rile,4
rill,0
rime,0
rims,6
rind,3
ring,1036
rink,81
riot,125
ripe,66
rips,23
rise,2090
risk,3368
rite,26
rive,0
road,4249
roam,32
roan,0
roar,51
robe,37
robs,4
rock,767
rode,92
rods,36
roes,0
roil,6
role,4849
roll,551
romp,39
rood,1
roof,649
rook,2
room,3382
root,306
rope,197
ropy,0
rose,897
rosy,21
rote,9
rots,3
roue,0
rout,50
rove,1
rows,75
rube,1
rubs,12
ruby,11
rude,112
rued,1
rues,3
ruff,0
rugs,16
ruin,121
rule,1192
rump,8
rums,2
rune,2
rung,21
runs,2171
runt,1
ruse,14
rush,356
rusk,0
rust,25
ruts,2
ryes,0
sack,126
sacs,2
safe,2661
saga,137
sage,31
sago,0
sags,3
said,89540
sail,128
sake,201
saki,0
sale,2556
salt,325
same,9325
sand,286
sane,20
sang,156
sank,126
sans,24
saps,4
sari,5
sash,16
sass,5
sate,2
save,1972
sawn,0
saws,11
says,11096
scab,4
scad,1
scam,298
scan,177
scar,57
scat,0
scow,0
scud,0
scum,12
seal,196
seam,18
sear,2
seas,97
seat,1404
secs,4
sect,14
seed,407
seek,1102
seem,1547
seen,6872
seep,14
seer,7
sees,830
self,280
sell,1742
semi,62
send,1140
sent,2597
sera,2
sere,0
serf,1
sets,898
sewn,11
sews,1
sexy,98
shad,4
shag,6
shah,1
sham,39
shat,1
shay,0
shed,325
shes,4
shew,0
shim,1
shin,12
ship,833
shit,120
shiv,1
shod,1
shoe,134
shoo,4
shop,1612
shot,3045
show,8577
shun,18
shut,935
sick,541
sics,0
side,5381
sift,29
sigh,43
sign,2098
silk,69
sill,5
silo,15
silt,23
sims,3
sine,4
sing,256
sink,166
sins,59
sips,16
sire,4
sirs,1
site,3435
sits,522
size,1310
skas,0
skew,16
skid,46
skim,9
skin,1148
skip,124
skis,25
skit,34
slab,25
slag,1
slam,171
slap,91
slat,1
slaw,10
slay,11
sled,17
slew,115
slid,86
slim,157
slip,280
slit,25
slob,1
sloe,1
slog,25
slop,5
slot,265
slow,868
slue,0
slug,15
slum,18
slur,33
slut,4
smit,0
smog,24
smug,19
smut,1
snag,74
snap,329
snip,6
snit,0
snob,4
snot,6
snow,1036
snub,27
snug,24
soak,81
soap,213
soar,91
sobs,9
sock,18
soda,107
sods,2
sofa,115
soft,661
soil,529
sold,4952
sole,303
soli,0
solo,493
sols,0
some,22829
song,1618
sons,383
soon,3030
soot,12
sops,1
sore,106
sort,1196
sots,1
soul,405
soup,147
sour,82
sous,7
sown,24
sows,5
soya,16
soys,0
spam,33
span,249
spar,11
spas,17
spat,67
spay,10
spec,31
sped,67
spew,3
spin,250
spit,49
spot,2207
spry,3
spud,5
spun,75
spur,76
stab,144
stag,27
star,3072
stat,66
stay,2935
stem,179
step,2481
stet,0
stew,27
stir,125
stop,3409
stow,2
stub,5
stud,23
stun,36
stye,1
subs,44
such,11543
suck,72
suds,2
sued,213
sues,9
suet,4
suit,769
sulk,4
sumo,6
sump,3
sums,121
sung,60
sunk,58
suns,5
sups,0
sure,4295
surf,106
swab,10
swag,18
swam,31
swan,24
swap,175
swat,4
sway,100
swig,7
swim,256
swob,0
swop,0
swum,8
sync,56
tabs,50
tabu,0
tack,19
taco,25
tact,9
tads,0
tags,114
tail,157
take,13291
talc,9
tale,296
tali,0
talk,2320
tall,436
tame,49
tamp,11
tams,0
tang,5
tank,378
tans,6
tape,257
taps,72
tare,1
tarn,1
taro,2
tarp,10
tars,0
tart,30
task,770
tats,0
taus,0
taut,6
taxi,254
teak,7
teal,23
team,12085
tear,221
teas,39
teat,1
tech,1134
teed,20
teem,3
teen,305
tees,23
tell,2596
temp,16
tend,619
tens,318
tent,225
term,2052
tern,2
test,1741
text,727
than,24551
that,183042
thaw,22
thee,18
them,24197
then,13741
thew,2
they,48895
thin,324
this,67519
thou,12
thru,19
thud,15
thug,37
thus,526
tick,86
tics,5
tide,166
tidy,77
tied,868
tier,183
ties,729
tiff,6
tike,0
tile,34
till,360
tilt,62
time,28799
tine,2
ting,2
tins,25
tint,16
tiny,535
tipi,4
tips,512
tire,107
tiro,0
tits,8
toad,2
toed,5
toes,99
tofu,29
toga,3
togs,1
toil,6
toke,1
told,11572
tole,1
toll,423
tomb,41
tome,6
toms,2
tone,403
tong,4
tons,288
tony,3
took,7557
tool,840
toot,2
tops,142
tore,95
torn,198
tors,0
tort,11
toss,176
tost,0
tote,40
tots,10
tour,1457
tout,24
town,3702
tows,1
toys,251
tram,55
trap,180
tray,73
tree,962
trek,93
trey,4
trig,1
trim,129
trio,314
trip,1714
trod,1
trot,18
trow,0
troy,4
tsar,8
tuba,5
tube,85
tubs,28
tuck,30
tuft,2
tugs,5
tuna,32
tune,320
tuns,0
turd,3
turf,145
turn,2764
tush,1
tusk,1
tuts,0
tutu,1
twas,1
twig,1
twin,188
twit,0
twos,12
tyke,0
type,1343
typo,10
tyre,44
tyro,0
tzar,1
ugly,175
ulna,0
umps,0
undo,52
unit,1208
unto,26
upon,1537
urea,9
urge,467
uric,2
urns,2
used,7522
user,962
uses,1009
vain,54
vale,2
vamp,2
vane,0
vans,73
vape,95
vary,272
vase,13
vast,685
vats,2
veal,5
veep,4
veer,21
vegs,0
veil,36
vein,87
vela,0
veld,1
vend,1
vent,42
verb,12
very,13480
vest,58
veto,105
vets,45
vial,6
vibe,253
vice,1156
vied,9
vies,5
view,1851
vile,88
vims,0
vine,20
vino,4
viol,0
visa,240
vise,0
vita,2
viva,0
void,120
vole,1
volt,1
vote,3215
vows,103
wack,4
wade,13
wadi,0
wads,5
waft,1
wage,650
wags,2
waif,0
wail,5
wain,0
wait,1720
wake,639
wale,0
walk,1823
wall,920
wand,26
wane,10
want,11118
ward,308
ware,2
warm,1029
warn,220
warp,13
wars,285
wart,4
wary,126
wash,246
wasp,4
wast,0
watt,5
wave,643
wavy,19
waxy,6
ways,2363
weak,459
weal,0
wean,7
wear,800
webs,13
weds,1
weed,102
week,10806
ween,0
weep,8
weer,0
wees,0
weft,0
weir,5
weld,3
well,12974
welt,3
wend,1
wens,0
went,6596
wept,17
were,44390
west,816
wets,0
wham,0
what,23762
whee,0
when,30186
whet,5
whew,0
whey,11
whim,18
whip,134
whir,2
whit,0
whiz,11
whoa,3
whom,1109
whys,7
wick,4
wide,1575
wife,2880
wigs,22
wiki,3
wild,777
wile,1
will,69688
wilt,8
wily,10
wimp,1
wind,1090
wine,652
wing,412
wink,22
wino,0
wins,1125
winy,0
wipe,105
wire,173
wiry,3
wise,211
wish,1069
wisp,1
wist,0
with,148475
wits,19
wive,0
woad,0
woes,137
woke,290
woks,0
wold,1
wolf,68
womb,23
wonk,2
wont,15
wood,346
woof,1
wool,62
woos,5
word,1191
wore,459
work,14732
worm,36
worn,273
wort,0
wove,6
wows,3
wrap,217
wren,3
writ,30
wuss,0
yack,0
yaks,1
yams,10
yang,5
yank,3
yaps,0
yard,355
yarn,29
yawl,0
yawn,4
yaws,0
yeah,225
year,25593
yeas,6
yegg,0
yell,32
yelp,3
yens,0
yeps,0
yeti,0
yews,0
yins,0
yipe,0
yips,1
yoga,166
yogi,2
yoke,8
yolk,12
yore,6
your,24905
yous,4
yowl,0
yuan,40
yuck,0
yuks,0
yule,1
yups,0
yurt,5
zany,11
zaps,1
zeal,24
zebu,0
zeds,0
zero,618
zest,38
zeta,0
zinc,43
zing,4
zips,9
zits,1
zone,910
zoom,72
zoos,25
abaci,0
aback,53
abaft,0
abase,1
abash,0
abate,10
abbes,0
abbey,7
abbot,5
abeam,0
abets,1
abhor,3
abide,77
abler,0
abode,61
abort,11
about,40129
above,2499
abuse,1279
abuts,6
abuzz,21
abyss,21
ached,5
aches,45
achoo,0
acids,50
acing,1
acmes,0
acnes,0
acorn,7
acres,457
acrid,0
acted,313
actor,1383
acute,156
adage,21
adapt,308
added,10227
adder,3
addle,0
adept,32
adieu,7
adios,1
adman,0
admen,0
admit,360
admix,0
adobe,1
adopt,303
adore,60
adorn,15
adult,809
adzes,0
aegis,13
aeons,3
aerie,0
affix,1
afire,2
afoot,22
afoul,21
after,39118
again,6675
agape,6
agars,0
agate,0
agave,6
agent,756
agile,58
aging,263
aglow,6
agony,49
agree,897
agues,0
ahead,3834
aided,93
aides,119
ailed,1
aimed,957
aired,277
aisle,102
aitch,0
alack,0
alarm,355
album,1038
alder,3
alert,536
algae,70
algal,9
alias,42
alibi,13
alien,153
align,281
alike,397
aline,0
alive,795
alkyd,0
allay,8
alley,62
allot,7
allow,2421
alloy,32
aloes,0
aloft,25
aloha,9
alone,1707
along,5306
aloof,7
aloud,35
alpha,22
altar,61
alter,157
altho,0
altos,1
alums,17
amass,12
amaze,14
amber,57
amble,2
ameba,0
amend,86
amide,0
amigo,0
amirs,0
amiss,14
amity,3
ammos,0
amnia,0
among,5012
amour,0
ample,168
amply,6
ampul,0
amuck,0
amuse,14
anent,0
angel,67
anger,369
angle,213
angry,453
angst,40
anime,255
anion,0
anise,2
ankhs,0
ankle,224
annex,24
annoy,19
annul,10
anode,7
anted,0
antes,0
antic,2
antis,0
antsy,5
anvil,4
aorta,0
apace,8
apart,780
aphid,0
aping,0
apish,0
appal,0
apple,168
apply,1011
apron,110
apses,0
apter,0
aptly,46
aquae,0
aquas,0
arbor,0
arced,1
ardor,1
areal,0
areas,4224
arena,282
argon,3
argot,0
argue,492
arias,3
arise,156
armed,807
armor,98
aroma,37
arose,83
arras,0
array,367
arrow,31
arson,128
artsy,6
arums,1
ascot,1
ashen,3
ashes,70
aside,675
asked,5323
askew,3
aspen,7
aspic,2
assay,10
asses,10
asset,539
aster,0
astir,0
atilt,0
atlas,4
atoll,1
atoms,21
atone,6
atria,5
attar,0
attic,37
audio,421
audit,207
auger,4
aught,0
augur,5
aunts,29
aunty,9
aurae,0
aural,5
auras,1
autos,10
auxin,0
avail,76
avast,0
avers,0
avert,53
avian,34
avoid,1871
avows,1
await,134
awake,80
award,1258
aware,1492
awash,16
awful,293
awing,0
awoke,19
axial,2
axing,20
axiom,5
axles,5
axons,0
ayahs,0
azure,7
baaed,0
babel,0
babes,5
backs,272
bacon,87
baddy,0
badge,83
badly,293
bagel,30
baggy,24
bahts,0
bails,9
bairn,0
baits,10
baize,3
baked,155
baker,22
bakes,13
balds,1
baled,0
baler,0
bales,26
balks,1
balky,0
balls,392
balms,4
balmy,10
balsa,0
banal,11
bands,320
bandy,0
banes,0
bangs,28
banjo,12
banks,839
banns,0
barbs,18
bards,1
bared,9
barer,0
bares,2
barfs,0
barge,41
barks,9
barns,18
baron,6
barre,1
basal,4
based,3306
baser,0
bases,262
basic,980
basil,31
basin,62
basis,1577
basks,2
bassi,0
basso,0
baste,1
basts,0
batch,159
bated,10
bates,1
bathe,18
baths,77
batik,2
baton,58
batty,1
bauds,0
baulk,0
bawds,0
bawdy,8
bawls,0
bayed,0
bayou,4
beach,930
beads,32
beady,2
beaks,5
beams,67
beans,207
beard,85
bears,226
beast,76
beats,180
beaus,1
beaut,3
beaux,0
bebop,0
becks,0
bedim,0
beech,8
beefs,1
beefy,4
beeps,2
beers,118
beery,0
beets,6
befit,0
befog,0
began,3646
begat,0
beget,1
begin,1735
begot,0
begum,0
begun,464
beige,39
being,18771
belay,1
belch,4
belie,8
belle,3
bells,106
belly,97
below,2145
belts,71
bench,748
bends,26
bents,0
beret,7
bergs,1
berms,2
berry,23
berth,98
beryl,0
beset,21
besom,0
besot,0
bests,13
betas,5
betel,3
bevel,0
bezel,8
bible,15
bicep,11
biddy,0
bided,2
bides,0
bidet,1
biers,0
bight,1
bigot,7
bijou,0
biked,1
biker,29
bikes,186
biles,0
bilge,1
bilks,0
bills,949
billy,2
bimbo,0
binds,14
binge,42
bingo,62
biped,0
birch,3
birds,441
birth,808
bison,31
bitch,22
biter,4
bites,120
bitty,3
blabs,2
black,1996
blade,97
blahs,0
blame,521
bland,28
blank,113
blare,3
blase,0
blast,271
blaze,287
bleak,76
blear,0
bleat,4
bleed,47
bleep,3
blend,359
blent,0
bless,86
blest,0
blimp,2
blind,271
bling,11
blini,0
blink,46
blips,1
bliss,31
blitz,55
bloat,4
blobs,6
block,1348
blocs,16
blogs,13
bloke,49
blond,30
blood,1505
bloom,87
bloop,2
blots,1
blown,223
blows,122
blowy,1
blued,0
bluer,2
blues,101
bluet,0
bluff,17
blunt,78
blurb,6
blurs,11
blurt,2
blush,38
board,2883
boars,9
boast,127
boats,331
bobby,1
bocce,4
bocci,0
bocks,0
boded,1
bodes,27
boffo,1
bogey,44
boggy,4
bogie,1
bogus,40
boils,28
bolas,0
boles,0
bolls,0
bolts,42
bolus,1
bombs,228
bonds,308
boned,4
boner,1
bones,170
boney,0
bongo,1
bongs,3
bonny,0
bonus,487
boobs,25
booby,9
booed,68
books,1053
booms,11
boons,1
boors,1
boost,1236
booth,159
boots,262
booty,8
booze,46
boozy,11
borax,1
bored,70
borer,5
bores,4
borne,61
boron,3
bosom,4
bossy,3
bosun,1
botch,2
bough,0
bound,289
bouts,51
bowed,46
bowel,76
bower,0
bowls,89
boxed,29
boxer,117
boxes,377
bozos,0
brace,118
bract,0
brads,0
braes,0
brags,3
braid,8
brain,993
brake,68
brand,1639
brans,0
brash,20
brass,87
brats,5
brave,225
bravo,0
brawl,83
brawn,8
brays,0
braze,0
bread,342
break,2612
bream,4
breed,153
breve,0
brews,13
briar,1
bribe,44
brick,169
bride,114
brief,607
brier,0
bries,0
brigs,0
brims,6
brine,26
bring,4260
brink,136
briny,10
brisk,32
broad,422
broil,2
broke,1250
bronc,2
brood,13
brook,8
broom,24
broth,38
brown,421
brows,24
bruin,1
bruit,0
brunt,71
brush,208
brusk,0
brute,16
bucks,65
buddy,71
budge,21
buffs,37
buggy,17
bugle,2
build,2910
built,2223
bulbs,41
bulge,7
bulgy,0
bulks,1
bulky,53
bulls,41
bully,98
bumps,77
bumpy,38
bunch,357
bunco,0
bungs,0
bunko,0
bunks,5
bunny,16
bunts,2
buoys,10
burbs,1
burgh,3
burgs,0
burka,1
burls,1
burly,8
burns,121
burnt,135
burps,3
burqa,0
burro,2
burrs,0
bursa,0
burst,272
busby,0
bused,5
buses,440
bushy,11
busts,17
busty,1
butch,5
butte,0
butts,24
buxom,2
buyer,177
bylaw,43
bytes,5
byway,1
cabal,13
cabby,0
cabin,214
cable,349
cacao,8
cache,40
cacti,6
caddy,6
cadet,21
cadge,1
cadre,38
cafes,93
caged,10
cages,32
cagey,7
cairn,2
caked,6
cakes,125
calfs,0
calif,0
calks,0
calla,0
calls,1832
calms,9
calve,0
calyx,0
camel,17
cameo,104
camps,290
campy,15
canal,114
candy,147
caned,1
caner,1
canes,7
canny,10
canoe,46
canon,80
canst,1
canto,1
cants,0
caped,3
caper,11
capes,12
capon,0
capos,1
carat,5
carbs,31
cards,889
cared,199
carer,78
cares,179
caret,0
cargo,287
carny,1
carob,0
carol,13
carom,1
carpi,0
carps,1
carry,1323
carts,54
carve,71
cased,1
cases,2703
casks,19
caste,77
casts,78
catch,956
cater,153
catty,3
caulk,5
cause,2521
caved,15
caves,43
cavil,0
cawed,0
cease,124
cecal,0
cecum,0
cedar,22
ceded,13
ceder,0
cedes,1
celli,0
cello,18
cells,432
cents,336
chafe,2
chaff,8
chain,823
chair,915
chalk,31
champ,73
chant,70
chaos,557
chaps,8
chapt,0
chard,5
charm,245
chars,0
chart,375
chary,0
chase,327
chasm,17
chats,86
cheap,430
cheat,79
check,1793
cheek,62
cheep,0
cheer,217
chefs,167
chemo,33
chert,0
chess,89
chest,437
chews,4
chewy,10
chick,19
chics,0
chide,1
chief,2897
child,2964
chile,9
chili,58
chill,134
chime,12
chimp,4
china,14
chine,0
chink,2
chino,0
chins,0
chips,392
chirp,4
chits,0
chive,1
chock,6
choir,122
choke,50
chomp,1
chops,86
chord,38
chore,25
chose,661
chows,0
chubs,0
chuck,16
chugs,5
chump,2
chums,3
chunk,119
churl,0
churn,41
chute,9
chyme,0
cider,83
cigar,16
cilia,1
cinch,13
circa,33
cirri,1
cited,541
cites,67
civet,1
civic,182
civil,1117
clack,1
claim,1703
clamp,34
clams,29
clang,1
clank,1
clans,17
claps,8
clash,575
clasp,7
class,1783
claws,18
clays,3
clean,1430
clear,4243
cleat,1
clefs,1
cleft,9
clerk,117
clews,0
click,237
cliff,97
climb,316
clime,0
cling,28
clink,1
clips,162
clipt,0
clits,0
cloak,16
clock,415
clods,2
clogs,10
clomp,1
clone,22
clonk,0
clops,0
close,4694
cloth,87
clots,23
cloud,487
clout,36
clove,5
clown,60
cloys,0
clubs,864
cluck,2
clued,3
clues,127
clump,11
clung,25
clunk,1
coach,3058
coals,9
coast,807
coats,67
cobra,4
cocas,0
cocci,0
cocks,6
cocky,13
cocoa,85
cocos,0
codas,3
coded,16
coder,4
codes,190
codex,1
coeds,0
cohos,0
coifs,0
coils,31
coins,181
coked,0
cokes,0
colas,0
colds,17
colic,1
colon,41
color,672
colts,3
comas,1
combo,83
combs,5
comer,4
comes,5787
comet,37
comfy,63
comic,303
comma,4
comps,5
conch,4
condo,62
cones,40
coney,0
conga,6
conic,0
conks,0
cooed,0
cooks,56
cooky,0
cools,17
coons,0
coops,3
coots,1
copay,5
coped,20
copes,3
copra,1
copse,0
coral,75
cords,31
cored,0
corer,0
cores,43
corgi,1
corks,2
corms,1
corns,2
corny,8
corps,66
coses,0
costs,2869
cotes,0
couch,109
cough,132
could,20482
count,965
coupe,12
coups,21
court,5617
coven,15
cover,1714
coves,6
covet,2
covey,1
cowed,5
cower,4
cowls,0
coyer,0
coyly,1
coypu,0
cozen,0
crabs,24
crack,348
craft,462
crags,1
cramp,20
crams,1
crane,50
crank,19
crape,0
craps,0
crash,1504
crass,13
crate,25
crave,48
crawl,48
craws,0
craze,42
crazy,527
creak,1
cream,526
credo,2
creed,21
creek,46
creel,1
creep,41
creme,3
crepe,10
crept,32
cress,1
crest,42
crews,547
cribs,3
crick,0
cried,115
crier,3
cries,60
crime,2070
crimp,0
crisp,140
croak,0
croci,0
crock,4
crone,0
crony,9
crook,13
croon,0
crops,232
cross,877
croup,2
crowd,1506
crown,269
crows,11
crude,271
cruds,0
cruel,190
cruet,0
crumb,7
cruse,0
crush,105
crust,45
crypt,7
cubed,5
cuber,0
cubes,27
cubic,98
cubit,0
cuffs,22
cuing,1
culls,3
cults,13
cumin,13
cunts,0
cupid,1
curbs,16
curds,5
cured,27
curer,0
cures,16
curia,2
curie,0
curio,0
curls,40
curly,26
curry,87
curse,92
curst,0
curve,119
curvy,13
cushy,6
cusps,1
cuter,6
cutie,4
cutup,0
cyans,0
cycle,759
cyder,0
cynic,6
cysts,8
czars,1
daces,0
dacha,0
daddy,52
dados,0
daffy,2
daily,1915
dairy,225
daisy,10
dales,0
dally,2
dames,3
damns,0
damps,0
dance,928
dandy,4
dangs,0
dared,46
darer,0
dares,20
darks,1
darns,0
darts,64
dated,818
dater,1
dates,593
datum,0
daubs,0
daunt,0
davit,0
dawns,8
dazed,10
dazes,0
deals,1063
dealt,378
deans,5
dears,0
deary,0
death,4326
debar,1
debit,91
debts,143
debug,2
debut,1275
decaf,2
decal,3
decay,64
decks,49
decor,85
decoy,17
decry,7
deeds,47
deems,28
deeps,0
deers,0
defer,34
defog,0
degas,1
deice,0
deify,1
deign,1
deism,2
deist,0
deity,31
delay,609
delft,0
delis,2
dells,0
delta,18
delve,111
demon,47
demos,26
demur,0
denim,62
dense,120
dents,5
depot,75
depth,501
derby,143
desks,43
deter,197
detox,21
deuce,6
devil,57
dhoti,0
dhows,0
dials,12
diary,71
diced,12
dices,0
dicey,10
dicks,4
dicky,0
dicta,0
didos,0
didst,0
diets,64
digit,32
diked,0
dikes,3
dills,1
dilly,0
dimes,5
dimly,10
dinar,1
dined,18
diner,65
dines,0
dingo,5
dings,3
dingy,11
dinky,1
dints,0
diode,4
dippy,0
direr,0
dirge,0
dirks,0
dirts,0
dirty,219
disco,55
discs,23
disks,9
ditch,99
ditsy,0
ditto,2
ditty,5
ditzy,0
divan,1
divas,2
dived,32
diver,36
dives,71
divot,1
divvy,2
dizzy,22
djinn,0
docks,46
dodge,40
dodos,0
doers,0
doffs,0
doges,0
doggy,13
dogie,0
dogma,10
doily,0
doing,5113
doled,14
doles,5
dolls,60
dolly,7
dolor,0
dolts,1
domed,7
domes,11
donas,0
dongs,0
donor,207
donut,22
dooms,1
doors,988
dopas,0
doped,0
doper,1
dopes,1
dopey,2
dorks,0
dorky,0
dorms,12
dosed,3
doses,84
doted,8
doter,0
dotes,0
dotty,0
doubt,996
dough,116
douse,18
doves,7
dowdy,1
dowel,1
dower,0
downs,182
downy,0
dowry,12
dowse,0
doyen,1
dozed,5
dozen,550
dozes,1
drabs,1
draft,885
drags,29
drain,155
drake,2
drama,926
drams,3
drank,66
drape,8
drawl,2
drawn,609
draws,287
drays,0
dread,72
dream,1009
drear,1
dregs,2
dress,747
drest,0
dried,125
drier,54
dries,22
drift,65
drill,190
drily,0
drink,1007
drips,8
dript,0
drive,2220
droll,0
drone,530
drool,2
droop,5
drops,285
dross,1
drove,569
drown,35
drubs,0
drugs,1394
druid,3
drums,92
drunk,226
drupe,0
dryad,0
dryer,55
dryly,6
ducal,0
ducat,0
duchy,0
ducks,71
ducky,0
ducts,9
duded,0
dudes,23
duels,20
duets,10
duffs,0
dukes,0
dulls,0
dully,0
dummy,33
dumps,18
dumpy,0
dunce,0
dunes,32
dungs,0
dunks,22
dunno,4
duped,30
duper,0
dupes,11
duple,0
durst,0
durum,2
dusks,0
dusky,2
dusts,2
dusty,33
dutch,0
duvet,30
dwarf,23
dweeb,0
dwell,29
dwelt,4
dyers,0
dying,421
dykes,9
eager,397
eagle,60
eared,1
earls,0
early,6253
earns,84
earth,381
eased,118
easel,4
eases,12
easts,0
eaten,124
eater,8
eaves,10
ebbed,9
ebony,4
echos,0
eclat,0
ecrus,0
edema,3
edged,139
edger,0
edges,138
edict,2
edify,0
edits,21
educe,0
eerie,56
egged,2
egret,2
eider,0
eight,3037
eject,7
eking,3
eland,0
elans,0
elate,0
elbow,151
elder,116
elect,157
elegy,2
elfin,1
elide,0
elite,389
elope,1
elude,12
elver,3
elves,24
email,1150
embed,20
ember,2
emcee,13
emend,0
emery,0
emirs,5
emits,15
emoji,69
emote,4
empty,626
enact,82
ended,2196
endow,3
endue,0
enema,1
enemy,387
enjoy,2247
ennui,6
enrol,24
ensue,10
enter,1006
entry,736
enure,0
envoy,61
epees,0
epics,6
epoch,5
epoxy,6
equal,895
equip,109
erase,66
erect,36
ergot,0
erode,55
erred,17
error,432
eruct,0
erupt,23
essay,119
ester,0
ether,14
ethic,109
ethos,95
ethyl,1
etude,0
euros,182
evade,64
evens,10
event,6614
every,8631
evict,18
evils,23
evoke,48
ewers,0
exact,485
exalt,0
exams,188
excel,91
execs,24
exert,47
exile,69
exist,500
exits,72
expel,34
expos,5
extol,3
extra,1804
exude,21
exult,2
exurb,2
eying,5
eyrie,0
fable,8
faced,1538
faces,1311
facet,29
facts,458
faded,79
fades,28
faery,0
fagot,0
fails,225
faint,53
fairs,43
fairy,72
faith,781
faked,20
faker,0
fakes,16
fakir,0
falls,538
famed,138
fames,0
fancy,205
fangs,6
fanny,4
farad,0
farce,27
fared,54
fares,138
farms,357
faros,0
farts,5
fasts,4
fatal,447
fated,7
fates,18
fatty,49
fatwa,6
fault,337
fauna,25
fauns,0
favor,494
fawns,8
faxed,0
faxes,0
fayer,0
fazed,6
fazes,0
fears,578
feast,99
feats,35
fecal,3
feces,16
feeds,109
feels,1712
feign,3
feint,2
fells,10
felon,85
felts,0
femur,9
fence,321
fends,7
feral,51
ferns,6
ferny,0
ferry,166
fests,2
fetal,25
fetas,0
fetch,51
feted,10
fetes,5
fetid,2
fetus,35
feuds,17
fever,182
fewer,677
fezes,0
fiats,0
fiber,117
fibre,122
fiche,0
fichu,0
ficus,1
fiefs,1
field,2752
fiend,4
fiery,102
fifer,0
fifes,0
fifth,1055
fifty,748
fight,2670
filch,0
filed,1399
filer,6
files,263
filet,5
fills,81
filly,23
films,1049
filmy,2
filth,17
final,5295
finch,2
finds,649
fined,288
finer,36
fines,325
finis,0
finks,0
finny,0
fiord,0
fired,890
firer,0
fires,441
firms,660
first,26206
firth,1
fishy,9
fists,32
fitly,0
fives,15
fixed,531
fixer,33
fixes,89
fizzy,20
fjord,7
flabs,0
flack,4
flags,345
flail,2
flair,87
flake,10
flaky,14
flame,79
flank,66
flans,0
flaps,3
flare,49
flash,214
flask,3
flats,254
flaws,98
flays,0
fleas,14
fleck,1
flees,10
fleet,290
flesh,74
flick,76
flied,1
flier,6
flies,149
fling,25
flint,3
flips,37
flirt,15
flits,0
float,95
flock,110
floes,2
flogs,1
flood,599
floor,1677
flops,21
flora,33
floss,14
flour,102
flout,9
flown,154
flows,208
flubs,3
flues,0
fluff,14
fluid,146
fluke,18
fluky,1
flume,7
flung,28
flunk,0
flush,59
flute,26
flyby,7
flyer,32
foals,4
foams,9
foamy,3
focal,93
focus,2980
fogey,1
foggy,25
foils,4
foist,2
folds,19
folio,0
folks,563
folly,26
fondu,0
fonts,5
foods,495
fools,24
foots,2
foray,45
force,2301
fords,0
fores,0
forge,85
forgo,29
forks,7
forms,688
forte,4
forth,289
forts,4
forty,39
forum,285
fouls,50
found,9005
fount,1
fours,65
fowls,1
foxed,1
foxes,34
foyer,31
frack,1
frail,26
frame,491
franc,8
frank,46
frats,1
fraud,761
frays,0
freak,69
freed,152
freer,15
frees,23
fresh,1525
frets,4
friar,2
fried,156
frier,0
fries,82
frigs,0
frill,3
frisk,0
fritz,1
frizz,16
frock,12
frogs,24
frond,1
front,3391
frosh,1
frost,74
froth,6
frown,5
froze,27
fruit,434
frump,0
fryer,70
fucks,3
fudge,12
fuels,275
fugal,0
fugue,0
fulls,0
fully,1862
fumed,28
fumes,38
funds,2358
fungi,42
funks,0
funky,38
funny,533
furls,0
furor,9
furry,75
furze,0
fused,20
fusee,0
fuses,8
fussy,10
fusty,0
futon,0
fuzed,0
fuzes,0
fuzzy,23
gabby,0
gable,13
gaffe,20
gaffs,0
gaged,0
gages,1
gaily,1
gains,583
gaits,1
galas,7
gales,16
galls,0
gamed,4
gamer,44
games,5794
gamey,0
gamin,0
gamma,14
gamut,23
gangs,191
gaols,1
gaped,0
gapes,0
garbs,1
gases,69
gasps,10
gassy,2
gated,46
gates,221
gator,10
gaudy,6
gauge,113
gaunt,4
gauze,6
gauzy,5
gavel,13
gawks,0
gawky,0
gayer,1
gayly,0
gazed,18
gazer,0
gazes,10
gears,73
gecko,3
geeks,3
geeky,7
geese,30
gelds,0
gelid,0
genes,83
genie,6
genii,0
genre,367
gents,7
genus,8
geode,0
germs,33
getup,4
ghats,5
ghost,163
ghoul,6
giant,795
gibed,0
gibes,0
giddy,17
gifts,434
gilds,0
gills,8
gilts,3
gimme,2
gimps,0
gimpy,0
gipsy,0
girds,0
girls,1341
girly,7
girth,0
girts,0
gismo,0
gists,1
given,5636
giver,16
gives,1462
gizmo,3
glace,2
glade,3
glads,0
gland,14
glans,0
glare,24
glass,699
glaze,21
gleam,7
glean,10
glees,0
glens,3
glide,36
glint,5
glitz,23
gloat,4
globe,310
globs,1
gloom,32
glops,0
glory,221
gloss,29
glove,74
glows,4
glued,26
glues,1
gluey,2
gluts,0
gnarl,0
gnash,0
gnats,5
gnawn,0
gnaws,1
gnome,5
goads,3
goals,2639
goats,64
godly,10
goers,24
gofer,0
going,14152
golds,34
golfs,0
golly,1
gonad,0
goner,1
gongs,8
gonna,644
goods,835
goody,11
gooey,11
goofs,1
goofy,35
gooks,0
goons,18
goops,0
goose,35
gored,2
gores,0
gorge,18
gorps,0
gorse,4
gotta,180
gouge,4
gourd,5
gouts,0
gouty,0
gowns,31
grabs,174
grace,231
grade,469
grads,14
graft,39
grain,132
grams,147
grand,763
grant,788
grape,49
graph,35
grasp,121
grass,359
grate,6
grave,280
gravy,65
grays,3
graze,16
great,7387
grebe,1
greed,72
green,1618
greet,93
greys,1
grids,22
grief,295
grill,77
grime,27
grimy,6
grind,82
grins,6
gripe,19
grips,54
gript,0
grist,2
grits,5
groan,3
groat,0
grogs,0
groin,61
groom,49
grope,4
gross,340
group,6865
grout,11
grove,16
growl,2
grown,814
grows,214
grubs,4
gruel,2
gruff,7
grump,1
grunt,5
guano,0
guard,969
guava,5
guess,588
guest,605
guffs,0
guide,803
guild,15
guile,7
guilt,135
guise,56
gulag,2
gulch,1
gulfs,0
gulls,16
gully,13
gulps,0
gumbo,9
gummy,13
gunks,0
gunky,0
gunny,2
guppy,0
gurus,13
gushy,1
gussy,0
gusto,15
gusts,138
gusty,41
gutsy,20
gutty,1
guyed,0
gypsy,7
gyros,3
gyved,0
gyves,0
habit,182
hacks,33
hadji,0
hadst,0
hafts,0
haiku,1
hails,81
hairs,26
hairy,20
hajji,0
hakes,0
halal,12
haled,0
haler,0
hales,0
hallo,0
halls,128
halos,3
halts,22
halve,23
hammy,1
hands,1985
handy,209
hangs,101
hanks,0
hanky,1
haply,0
happy,2397
hardy,17
hared,0
harem,2
hares,9
harks,3
harms,70
harps,6
harpy,1
harry,1
harsh,276
harts,1
hasps,0
haste,14
hasty,17
hatch,40
hated,126
hater,11
hates,68
hauls,17
haunt,57
haven,120
haves,6
havoc,113
hawed,0
hawks,32
hayed,0
hazed,0
hazel,9
hazer,1
hazes,0
heads,705
heady,29
heals,17
heaps,31
heard,2854
hears,54
heart,2511
heath,13
heats,65
heave,13
heavy,1656
hecks,0
hedge,547
heeds,2
heels,254
hefts,0
hefty,188
heirs,25
heist,35
helix,1
hello,54
hells,0
helms,10
helot,0
helps,1383
helve,0
hemes,0
hemps,0
hence,197
henna,0
herbs,85
herds,26
heres,0
heron,3
heros,0
hertz,1
hewed,0
hewer,0
hexed,0
hexes,0
hicks,2
hided,0
hider,0
hides,52
highs,383
hiked,56
hiker,23
hikes,178
hills,147
hilly,38
hilts,0
hinds,0
hinge,24
hints,176
hippo,16
hippy,8
hired,451
hires,63
hitch,26
hived,0
hives,20
hoagy,0
hoard,23
hoary,2
hobby,86
hobos,0
hocks,1
hoers,0
hogan,0
hoist,15
hoked,0
hokes,0
hokey,6
hokum,0
holds,994
holed,19
holes,321
holey,1
holly,8
homed,4
homer,126
homes,2653
homey,5
homos,0
honed,48
honer,0
hones,2
honey,161
honks,3
honky,3
honor,687
hooch,2
hoods,17
hooey,0
hoofs,1
hooka,0
hooks,51
hooky,1
hoops,51
hoots,5
hoped,508
hopes,1364
horas,0
horde,15
horns,42
horny,10
horse,416
horsy,0
hosed,4
hoses,14
hosts,733
hotel,1334
hotly,44
hound,15
houri,0
hours,4615
house,4006
hovel,0
hover,39
howdy,1
howls,8
hubby,24
huffs,0
huffy,2
huger,0
hulas,0
hulks,0
hullo,0
hulls,6
human,2594
humid,53
humor,244
humph,0
humps,9
humus,1
hunch,4
hunks,1
hunky,5
hunts,31
hurls,5
hurry,84
hurts,112
husks,3
husky,4
hussy,2
hutch,1
huzza,0
hydra,5
hydro,30
hyena,4
hying,0
hymen,2
hymns,16
hyped,28
hyper,19
hypes,5
hypos,0
iambi,0
iambs,0
icier,1
icily,1
icing,54
icons,88
ictus,0
ideal,771
ideas,977
idiom,9
idiot,50
idled,2
idler,0
idles,0
idols,36
idyll,3
idyls,0
igloo,2
ikons,0
ileum,0
ilium,0
image,1171
imago,1
imams,5
imbed,0
imbue,5
impel,1
imply,51
inane,6
inapt,0
inbox,58
incur,47
index,531
indue,0
inept,31
inert,12
infer,14
infos,0
infra,7
ingot,0
inked,40
inlay,2
inlet,10
inner,277
input,285
inset,14
inter,10
intro,15
inure,0
ionic,5
iotas,0
irate,17
irked,14
irons,16
irony,90
isles,7
islet,5
issue,3827
itchy,20
items,1783
ivied,0
ivies,0
ivory,33
jabot,0
jacks,13
jaded,13
jades,0
jails,57
jambs,1
japan,0
japed,0
japes,1
jatos,0
jaunt,4
javas,0
jawed,3
jazzy,11
jeans,180
jeeps,2
jeers,11
jehad,1
jello,4
jells,0
jelly,28
jenny,0
jerks,13
jerky,6
jests,1
jetty,28
jewed,0
jewel,64
jibed,0
jibes,7
jiffs,0
jiffy,4
jihad,18
jilts,0
jimmy,0
jinni,0
jinns,0
jived,0
jives,0
jocks,3
johns,0
joins,241
joint,855
joist,1
joked,241
joker,10
jokes,206
jokey,9
jolly,21
jolts,1
joule,0
joust,3
jowls,0
jowly,0
joyed,0
judge,1480
judos,0
juice,219
juicy,69
julep,0
jumbo,16
jumps,95
jumpy,3
junco,1
junks,0
junky,1
junta,33
juror,28
jutes,0
kabob,1
kales,0
kapok,0
kappa,1
kaput,2
karat,1
karma,15
karts,4
kayak,41
kayos,0
kazoo,0
kebab,21
kebob,0
keels,0
keens,0
keeps,713
kelps,0
kenos,0
kepis,0
kerbs,10
ketch,4
keyed,8
khaki,18
khans,1
kicks,343
kicky,0
kiddo,8
kiddy,1
kills,173
kilns,4
kilos,29
kilts,5
kinda,74
kinds,418
kings,43
kinks,18
kinky,1
kiosk,27
kirks,0
kited,0
kites,12
kiths,0
kitty,15
kiwis,3
klutz,0
knack,50
knave,0
knead,4
kneed,1
kneel,8
knees,134
knell,9
knelt,12
knife,645
knish,0
knits,6
knobs,6
knock,262
knoll,3
knots,42
known,4972
knows,1435
knurl,0
koala,10
kolas,0
kooks,3
kooky,5
kopek,0
kraal,1
kraut,1
krill,5
krona,0
krone,3
kudos,16
kudzu,0
label,332
labia,3
labor,625
laced,44
laces,16
lacks,182
laded,0
laden,24
lades,0
ladle,2
lager,25
laird,1
lairs,4
laity,6
lakes,107
lamas,0
lambs,43
lamed,0
lamer,0
lames,0
lamps,47
lanai,0
lance,4
lands,332
lanes,394
lanky,3
lapel,4
lapin,0
lapse,31
larch,7
lards,0
lardy,0
large,3810
largo,0
larks,0
larva,6
laser,115
lasso,3
lasts,123
latch,18
later,6650
latex,27
lathe,4
laths,0
latte,28
lauds,4
laugh,378
lavas,0
laved,0
laves,0
lawns,59
laxer,0
laxly,0
layer,350
layup,113
lazed,0
lazes,0
leach,7
leads,930
leafs,0
leafy,26
leaks,145
leaky,23
leans,60
leant,9
leaps,40
leapt,42
learn,2094
lease,324
leash,35
least,4746
leave,3114
ledge,14
leech,4
leeks,9
leers,1
leery,7
lefts,5
lefty,37
legal,2999
leggy,9
legit,39
lemon,156
lemur,3
lends,35
lento,0
leper,3
lepta,0
letup,1
levee,9
level,3886
lever,23
liars,12
libel,25
licit,0
licks,7
lidos,0
liege,0
liens,13
lieus,0
lifer,9
lifts,114
light,2625
liked,435
liken,6
liker,0
likes,811
lilac,12
lilts,0
limbo,58
limbs,67
limed,0
limes,5
limit,943
limns,0
limos,2
limps,2
lined,269
linen,45
liner,39
lines,1308
lingo,10
lings,0
links,485
lints,0
linty,0
lions,66
lipid,8
lippy,2
liras,13
lisle,0
lisps,0
lists,317
liter,23
lithe,6
litre,103
lived,1268
liven,4
liver,168
lives,3562
livid,9
llama,2
llano,0
loads,194
loafs,0
loams,0
loamy,0
loans,599
loath,8
lobar,0
lobby,176
lobed,0
lobes,2
local,8922
lochs,3
locks,130
locus,10
lodes,2
lodge,83
lofts,4
lofty,59
loges,0
logic,135
login,35
logon,1
logos,41
loins,3
lolls,0
loner,8
longs,10
looks,2309
looms,59
loons,4
loony,3
loops,26
loopy,2
loose,313
loots,1
loped,1
lopes,0
lords,15
lores,0
loris,0
lorry,137
loser,80
loses,195
lotto,6
lotus,11
lours,0
louse,0
lousy,14
louts,2
loved,2337
lover,137
loves,590
lowed,0
lower,2259
lowly,17
loxes,0
loyal,305
luaus,0
lubed,0
lubes,0
lucid,13
lucks,0
lucky,638
lucre,0
luffs,0
lulls,6
lumps,32
lumpy,12
lunar,132
lunch,558
lunge,14
lungs,105
lupin,0
lupus,13
lurch,10
lured,44
lures,10
lurid,11
lurks,10
lusts,1
lusty,1
lutes,0
lying,462
lymph,19
lynch,5
lyres,1
lyric,23
macaw,1
maced,1
maces,2
macho,16
machs,0
macro,60
madam,10
madly,13
mafia,42
magic,502
magma,11
magus,0
maids,2
mails,1
maims,1
mains,56
maize,62
major,4554
maker,265
makes,3968
males,153
malls,68
malts,4
malty,0
mamas,4
mamba,2
mambo,0
mamma,1
mammy,0
maned,0
manes,0
manga,106
mange,6
mango,42
mangy,0
mania,23
manic,16
manly,7
manna,2
manor,32
manse,2
manta,1
maple,48
march,256
mares,4
maria,1
marks,859
marls,0
marry,162
marsh,14
marts,0
maser,0
masks,127
mason,11
masts,10
match,3355
mated,4
mates,123
maths,64
matte,28
matts,0
matzo,5
mauls,0
mauve,4
maven,7
mavin,0
maxed,13
maxes,5
maxim,7
maxis,0
maybe,1373
mayor,811
mayos,0
mayst,0
mazes,8
meads,0
meals,557
mealy,1
means,3859
meant,1510
meany,0
meats,69
meaty,21
mecca,11
medal,618
media,7015
medic,28
meeds,0
meets,438
melds,4
melee,34
melon,9
melts,23
memes,62
memos,13
mends,1
menus,99
meows,0
mercy,98
meres,0
merge,71
merit,133
merry,29
mesas,0
meson,0
messy,133
metal,544
meted,19
meter,124
metes,0
metre,66
metro,137
mewed,0
mewls,0
mezzo,1
micas,0
micra,0
micro,54
middy,0
midge,0
midis,0
midst,159
miens,1
miffs,0
might,6735
miked,0
mikes,1
milch,0
milds,0
miler,0
miles,1453
milfs,0
milks,7
milky,5
mills,38
milts,0
mimed,0
mimes,3
mimic,63
mince,45
minds,359
mined,21
miner,26
mines,144
minim,0
minis,4
minks,0
minor,719
mints,4
minty,4
minus,108
mired,48
mires,2
mirth,6
misdo,0
miser,2
mists,2
misty,17
miter,0
mites,21
mitre,0
mitts,3
mixed,647
mixer,43
mixes,44
moans,8
moats,4
mocha,11
mocks,11
modal,7
model,1921
modem,18
modes,138
mogul,94
moils,0
moire,0
moist,39
molar,3
molds,11
moldy,4
moles,10
molls,0
molly,1
molts,1
momma,10
mommy,11
money,6055
monks,27
monos,0
month,6400
mooch,2
moods,26
moody,19
mooed,1
moons,25
moors,10
moose,48
moots,1
moped,20
moper,0
mopes,0
mopey,0
moral,369
moray,1
morel,3
mores,6
morns,0
moron,17
morph,13
mosey,1
mossy,4
mosts,0
motel,39
motes,0
motet,1
moths,22
motif,14
motor,402
motto,61
moues,0
mould,130
moult,0
mound,76
mount,114
mourn,74
mouse,109
mousy,0
mouth,412
moved,2345
mover,6
moves,782
movie,2381
mowed,14
mower,29
moxie,0
mucks,0
mucky,1
mucus,10
muddy,60
muffs,0
mufti,4
muggy,10
mulch,32
mulct,0
mules,11
mulls,2
mummy,19
mumps,11
munch,5
mural,137
murks,0
murky,38
mused,14
muses,15
mushy,21
music,3838
musks,0
musky,1
mussy,0
musts,1
musty,10
muted,89
muter,0
mutes,0
mutts,0
mynah,0
mynas,1
myrrh,3
myths,58
nabob,0
nacho,2
nacre,0
nadir,9
naiad,0
naifs,0
nails,109
naive,52
naked,154
named,2183
names,1165
nanny,45
napes,0
nappy,7
narcs,0
narks,0
nasal,32
nasty,158
natal,5
natch,2
natty,1
naval,182
navel,4
naves,0
neaps,0
nears,34
neath,0
necks,20
needs,4458
needy,46
neigh,0
neons,0
nerds,16
nerdy,9
nerve,134
nervy,21
nests,44
netts,0
never,7445
nevus,0
newel,0
newer,159
newly,662
newsy,3
newts,3
nexts,1
nexus,24
nicer,31
niche,126
nicks,1
niece,96
nifty,19
nigga,0
night,6633
nimbi,0
nines,10
ninja,17
ninny,1
ninth,327
nippy,3
nisei,0
niter,0
nites,0
nitre,0
nixed,5
nixes,0
noble,76
nobly,0
nodal,5
nodes,32
noels,0
nohow,0
noise,555
noisy,68
nomad,16
nonce,1
nooks,12
noons,0
noose,5
norms,157
north,1327
nosed,3
noses,26
nosey,2
notch,57
noted,2654
notes,834
nouns,7
novae,0
novas,0
novel,534
noway,0
nubby,1
nuder,0
nudes,6
nudge,34
nuked,3
nukes,8
numbs,1
nurse,371
nutty,17
nylon,19
nymph,2
oaken,1
oakum,0
oared,0
oases,6
oasis,35
oaten,0
oaths,8
obese,47
obeys,1
obits,1
oboes,0
occur,479
ocean,397
ocher,0
ochre,6
octet,1
odder,1
oddly,33
odium,0
odors,19
odour,35
offal,2
offed,3
offer,3715
often,5027
ogled,0
ogler,0
ogles,0
ogres,0
oiled,6
oinks,0
okapi,0
okays,1
okras,0
olden,5
older,1488
oldie,1
oleos,0
olive,136
omega,1
omens,2
omits,7
onces,0
onion,134
onset,83
oohed,1
oozed,10
oozes,5
opals,1
opens,484
opera,124
opine,7
oping,0
opium,5
opted,342
optic,25
orals,0
orate,0
orbit,198
order,3694
organ,127
oriel,0
orris,0
orzos,0
osier,0
other,23491
otter,10
ought,143
ounce,69
ousts,0
outdo,8
outed,7
outer,112
outgo,2
outre,0
ouzos,0
ovals,6
ovary,9
ovate,0
ovens,24
overs,228
overt,29
ovoid,1
ovule,0
owing,92
owlet,1
owned,2174
owner,1511
oxbow,0
oxide,45
ozone,17
paced,34
pacer,26
paces,26
packs,182
pacts,7
paddy,20
padre,0
paean,2
pagan,14
paged,1
pager,20
pages,366
pails,2
pains,115
paint,459
pairs,149
paled,2
paler,3
pales,19
palls,0
palms,43
palmy,0
palsy,25
panda,17
panel,776
panes,4
pangs,6
panic,275
pansy,1
pants,192
panty,3
papal,12
papas,0
papaw,2
paper,972
pappy,0
paras,1
parch,0
pared,14
parer,0
pares,0
parka,6
parks,455
parry,8
parse,14
parts,1909
party,4937
pasha,0
passe,1
pasta,141
paste,55
pasts,8
pasty,1
patch,205
pates,2
paths,270
patio,138
patsy,0
patty,15
pause,254
paved,125
paves,33
pawed,1
pawls,0
pawns,10
payed,0
payee,0
payer,12
peace,1566
peach,34
peaks,79
peals,0
pearl,22
pears,8
pease,1
peats,0
peaty,1
pecan,7
pecks,0
pedal,50
peeks,7
peels,17
peens,0
peeps,2
peers,349
peeve,3
pekes,0
pekoe,0
pelfs,0
pelts,4
penal,30
pence,21
pends,0
penes,0
penis,67
penny,141
peons,1
peony,2
peppy,4
perch,31
peril,58
perks,109
perky,5
perms,0
pesky,32
pesos,22
pesto,11
pests,62
petal,3
peter,7
petty,65
pewee,0
pewit,0
phase,807
phial,1
phlox,0
phone,2522
phony,27
photo,1394
phyla,0
piano,152
picas,0
picks,374
picky,33
picot,1
piece,1280
piers,10
piety,9
piggy,5
pigmy,1
piing,0
piked,0
piker,0
pikes,0
pilaf,2
pilau,1
piled,71
piles,68
pills,129
pilot,524
pimps,5
pinch,115
pined,1
pines,20
piney,1
pings,7
pinko,0
pinks,3
pinky,6
pinon,0
pinto,2
pints,54
pinup,0
pious,7
piped,18
piper,13
pipes,161
pipit,1
pique,9
pitas,0
pitch,1004
piths,0
pithy,3
piton,0
pivot,98
pixel,21
pixie,2
pizza,306
place,10007
plaid,9
plain,203
plait,1
plane,792
plank,40
plans,4280
plant,1157
plash,0
plate,415
plats,0
platy,0
plays,1496
plaza,35
plead,76
pleas,108
pleat,0
plebe,0
plied,7
plies,1
plods,2
plops,0
plots,98
plows,14
ploys,2
pluck,11
plugs,44
plumb,3
plume,26
plump,18
plums,13
plumy,0
plunk,2
plush,58
poach,10
pocks,0
podia,0
poems,59
poesy,0
poets,36
point,5379
poise,33
poked,33
poker,51
pokes,10
pokey,2
polar,73
poled,1
poles,88
polio,70
polka,11
polls,922
polos,2
polyp,2
pomps,0
ponds,55
pones,0
pooch,26
poofs,0
poohs,0
pools,136
poops,0
popes,3
poppa,0
poppy,29
porch,97
pored,5
pores,20
porgy,0
porks,0
porky,2
porno,3
porns,0
ports,269
posed,409
poser,4
poses,330
posit,7
posse,8
posts,646
potty,13
pouch,28
pound,166
pours,21
pouts,1
power,5585
poxes,0
prams,11
prank,32
prate,0
prawn,11
prays,15
preen,0
preps,7
press,1944
preys,5
price,11936
prick,9
pricy,2
pride,516
pried,2
prier,0
pries,0
prigs,0
prime,1087
primp,1
print,287
prior,1343
prise,4
prism,9
privy,14
prize,570
probe,331
prods,3
profs,1
promo,123
proms,4
prone,138
prong,4
proof,393
props,62
prose,27
prosy,0
proud,1736
prove,802
prowl,5
prows,0
proxy,115
prude,1
prune,26
pryer,0
psalm,1
pshaw,0
psych,5
pubes,1
pubic,9
pubis,0
puces,0
pucks,18
pudgy,1
puffs,7
puffy,14
puked,0
pukes,1
pukka,0
puled,1
pules,0
pulls,154
pulps,1
pulpy,2
pulse,58
pumas,2
pumps,141
punch,223
punks,1
punts,22
pupae,0
pupal,0
pupas,0
pupil,126
puppy,91
puree,9
purer,2
purge,28
purls,0
purrs,1
purse,82
puses,2
pushy,7
pussy,5
putts,10
putty,3
pwned,0
pygmy,6
pylon,10
pyres,0
pyxes,0
quack,5
quads,9
quaff,0
quail,5
quake,61
quaky,0
qualm,0
quark,4
quart,1
quash,16
quasi,1
quays,1
queen,166
queer,188
quell,41
query,64
quest,287
queue,161
quick,1831
quids,1
quiet,667
quill,2
quilt,30
quint,0
quips,16
quire,0
quirk,20
quirt,0
quite,2845
quits,25
quoin,0
quoit,0
quota,96
quote,263
quoth,0
rabbi,34
rabid,15
raced,151
racer,38
races,551
racks,35
radar,224
radii,0
radio,727
radon,9
rafts,11
ragas,1
raged,47
rages,27
raids,167
rails,59
rains,240
rainy,110
raise,1557
rajah,0
rajas,1
raked,26
rakes,11
rally,1167
ramie,0
ramps,50
ranch,105
randy,2
ranee,0
range,2680
rangy,3
ranis,0
ranks,479
rants,17
raped,185
raper,0
rapes,27
rapid,459
rared,0
rarer,19
rares,0
rasps,1
raspy,9
rated,986
rater,0
rates,2292
ratio,4769
ratty,1
raved,25
ravel,0
raven,5
raves,13
rawer,0
rayon,2
razed,30
razes,0
razor,40
reach,2286
react,244
reads,472
ready,2601
realm,214
reams,5
reaps,3
rearm,6
rears,5
rebel,117
rebid,1
rebus,0
rebut,9
recap,58
recta,0
recto,0
recur,5
redid,3
redye,0
reeds,2
reedy,2
reefs,50
reeks,11
reels,38
reeve,2
refer,212
refit,11
regal,15
rehab,123
reign,167
reins,82
relax,188
relay,161
relic,23
relit,0
remap,1
remit,26
remix,22
renal,10
rends,0
renew,152
rents,149
reorg,0
repay,86
repel,24
reply,203
reran,0
rerun,9
reset,157
resew,0
resin,27
resow,0
rests,60
retch,0
retie,0
retro,89
retry,6
reuse,44
revel,25
revue,4
rewed,0
rheas,1
rheum,0
rhino,9
rhyme,23
rials,1
riced,0
ricer,2
rices,1
ricks,0
rider,186
rides,260
ridge,53
ridgy,0
rifer,0
riffs,25
rifle,152
rifts,8
right,10105
rigid,47
rigor,14
riled,20
riles,1
rills,0
rimed,0
rimes,1
rinds,2
rings,177
rinks,8
rinse,30
riots,162
ripen,14
riper,0
risen,288
riser,8
rises,278
risks,1102
risky,156
rites,34
ritzy,2
rival,545
rived,1
riven,3
river,702
rives,0
rivet,3
riyal,0
roach,3
roads,1290
roams,2
roans,0
roars,5
roast,121
robed,3
robes,28
robin,12
robot,173
rocks,197
rocky,108
rodeo,48
roger,0
rogue,59
roils,0
roles,1057
rolls,230
roman,4
romeo,0
romps,4
rondo,0
roods,0
roofs,61
rooks,0
rooms,744
roomy,13
roost,17
roots,367
roped,16
roper,0
ropes,189
roses,72
rosin,0
rotes,0
rotor,5
roues,0
rouge,2
rough,391
round,2274
rouse,4
roust,2
route,1138
routs,0
roved,0
rover,19
roves,0
rowdy,31
rowed,14
rowel,0
rower,17
royal,571
rubes,3
ruble,5
ruddy,4
ruder,0
ruffs,1
rugby,416
ruing,4
ruins,87
ruled,699
ruler,72
rules,1652
rumba,5
rummy,1
rumor,85
rumps,3
runes,5
rungs,4
runic,0
runny,21
runts,0
runty,0
rupee,33
rural,982
ruses,0
rushy,0
rusks,0
rusts,1
rusty,32
rutty,0
saber,6
sable,1
sabot,0
sabra,1
sabre,3
sacks,175
sacra,0
sadly,400
safer,388
safes,5
sagas,3
sager,0
sages,8
saggy,2
sagos,0
sahib,0
sails,41
saint,56
saith,1
sakes,4
sakis,0
salad,159
sales,2069
sally,2
salon,117
salsa,36
salts,15
salty,35
salve,6
salvo,18
samba,14
sands,30
sandy,64
saner,4
sappy,2
saran,0
saree,13
sarge,0
saris,2
sassy,11
satay,4
sated,0
sates,0
satin,29
satyr,1
sauce,288
saucy,13
sauna,56
saute,3
saved,614
saver,23
saves,296
savor,26
savoy,1
savvy,86
sawed,4
saxes,0
scabs,5
scads,0
scald,1
scale,914
scalp,88
scaly,2
scamp,0
scams,217
scans,88
scant,35
scare,162
scarf,45
scarp,0
scars,71
scary,293
scats,0
scene,3103
scent,117
schmo,0
schwa,0
scion,9
scoff,8
scold,9
scone,6
scoop,70
scoot,3
scope,303
score,1781
scorn,13
scour,13
scout,64
scowl,5
scows,0
scrag,0
scram,0
scrap,160
scree,3
screw,47
scrim,1
scrip,2
scrod,1
scrub,46
scuba,23
scuds,0
scuff,1
scull,0
scums,1
scurf,0
seals,44
seams,28
seamy,2
sears,0
seats,1279
sects,6
sedan,72
sedge,0
sedgy,0
seeds,281
seedy,14
seeks,449
seems,2353
seeps,12
seers,7
segue,4
seine,1
seize,147
sells,274
semen,18
semis,27
sends,251
senna,0
senor,0
sense,2410
sepal,0
sepia,0
septa,0
serer,0
serfs,3
serge,1
serif,1
serum,54
serve,1912
servo,0
setup,214
seven,3321
sever,20
sewed,9
sewer,101
sexed,1
sexes,9
shack,16
shade,183
shads,0
shady,50
shaft,29
shags,0
shahs,0
shake,203
shaky,66
shale,16
shall,370
shalt,5
shame,345
shams,1
shank,7
shape,793
shard,6
share,5527
shark,145
sharp,455
shave,44
shawl,12
shays,0
sheaf,1
shear,18
sheds,83
sheen,13
sheep,189
sheer,208
sheet,323
sheik,1
shelf,135
shell,182
sherd,0
shewn,0
shews,0
shied,16
shier,0
shies,7
shift,1053
shill,6
shims,0
shine,253
shins,3
shiny,88
ships,434
shire,21
shirk,4
shirr,0
shirt,440
shits,0
shivs,0
shlep,1
shoal,10
shoat,0
shock,635
shoed,0
shoes,453
shone,60
shook,117
shoon,0
shoos,1
shoot,460
shops,721
shore,258
shorn,8
short,2918
shots,902
shout,114
shove,35
shown,1451
shows,3914
showy,5
shred,23
shrew,2
shrub,13
shrug,25
shuck,1
shuns,3
shunt,6
shush,1
shuts,33
shyer,0
shyly,0
sibyl,0
sicko,5
sicks,0
sided,38
sides,1147
sidle,0
siege,83
sieve,9
sifts,2
sighs,9
sight,488
sigma,2
signs,1214
silks,8
silky,26
sills,5
silly,146
silos,23
silts,2
silty,1
since,11613
sines,0
sinew,1
singe,1
sings,76
sinks,33
sinus,9
sired,4
siree,0
siren,26
sires,2
sirup,0
sisal,1
sises,0
sissy,0
sitar,0
sited,8
sites,1087
situp,0
sixes,56
sixth,684
sixty,20
sized,77
sizes,317
skate,90
skeet,1
skein,1
skews,7
skids,4
skied,10
skier,30
skies,300
skiff,2
skill,480
skimp,8
skims,2
skins,51
skips,10
skirt,116
skits,17
skoal,0
skulk,0
skull,98
skunk,8
skyed,0
slabs,21
slack,21
slags,2
slain,43
slake,1
slams,50
slang,37
slant,6
slaps,15
slash,81
slate,168
slats,8
slave,67
slaws,0
slays,3
sleds,3
sleek,149
sleep,1112
sleet,32
slept,124
slews,2
slice,169
slick,68
slide,221
slier,0
slily,0
slime,17
slims,1
slimy,10
sling,25
slink,3
slips,56
slits,6
slobs,0
sloes,0
slogs,1
sloop,3
slope,65
slops,0
slosh,0
sloth,11
slots,122
slows,49
slued,0
slues,0
slugs,24
slump,84
slums,10
slung,6
slunk,0
slurp,6
slurs,34
slush,14
sluts,0
slyer,0
slyly,4
smack,38
small,4356
smart,794
smash,151
smear,46
smell,307
smelt,11
smile,479
smirk,15
smite,0
smith,1
smock,1
smogs,0
smoke,564
smoky,30
smote,0
smuts,0
snack,143
snafu,2
snags,19
snail,14
snake,119
snaky,0
snaps,228
snare,8
snarl,4
sneak,105
sneer,4
snide,5
sniff,26
snipe,3
snips,3
snits,1
snobs,3
snood,2
snoop,5
snoot,1
snore,8
snort,4
snots,0
snout,6
snows,2
snowy,63
snubs,12
snuck,32
snuff,10
snugs,1
soaks,11
soaps,29
soapy,11
soars,14
sober,98
socks,115
sodas,16
sofas,19
softy,1
soggy,25
soils,37
solar,955
soled,1
soles,19
solid,879
solos,16
solve,445
sonar,24
songs,963
sonic,31
sonny,0
sooth,1
soots,0
sooty,2
soppy,0
sorer,1
sores,12
sorry,452
sorta,7
sorts,261
sough,1
souls,93
sound,1279
soups,27
soupy,1
sours,1
souse,0
south,1255
sowed,10
sower,1
soyas,0
space,3885
spacy,0
spade,13
spake,0
spams,0
spank,0
spans,129
spare,244
spark,185
spars,1
spasm,6
spate,59
spats,7
spawn,36
spays,0
speak,1680
spear,33
speck,10
specs,63
speed,1386
spell,337
spelt,12
spend,1646
spent,2597
sperm,62
spews,2
spice,102
spicy,95
spied,15
spiel,5
spies,51
spike,156
spiky,7
spill,118
spilt,9
spine,108
spins,65
spiny,4
spire,9
spiry,0
spite,118
spits,14
splat,3
splay,2
split,753
spoil,59
spoke,1885
spoof,16
spook,1
spool,3
spoon,56
spoor,0
spore,1
sport,998
spots,591
spout,12
sprat,0
spray,204
spree,92
sprig,4
spuds,9
spume,0
spumy,0
spunk,1
spurn,2
spurs,15
spurt,17
sputa,0
squab,0
squad,1158
squat,18
squaw,0
squib,4
squid,17
stabs,10
stack,109
staff,4490
stage,2983
stags,2
stagy,0
staid,3
stain,56
stair,8
stake,4013
stale,32
stalk,12
stall,135
stamp,145
stand,1927
stank,5
staph,0
stare,50
stark,244
stars,1353
start,6516
stash,27
state,10243
stats,127
stave,41
stays,281
stead,24
steak,86
steal,344
steam,147
steed,2
steel,365
steep,218
steer,120
stein,0
stems,146
steno,0
stent,9
steps,1300
stern,53
stets,0
stews,11
stick,607
sties,0
stiff,106
stile,1
still,12448
stilt,5
sting,77
stink,23
stint,243
stirs,15
stoat,0
stock,17002
stogy,0
stoic,16
stoke,22
stole,321
stomp,29
stone,470
stony,6
stood,944
stool,33
stoop,11
stops,439
store,2032
stork,1
storm,1036
story,4243
stoup,0
stout,18
stove,68
stows,1
strap,59
straw,86
stray,68
strep,5
strew,0
stria,0
strip,230
strop,0
strum,2
strut,9
stubs,2
stuck,708
studs,15
study,2062
stuff,1108
stump,41
stung,28
stunk,7
stuns,13
stunt,131
styes,0
style,1326
styli,0
stymy,0
suave,8
sucks,48
sudsy,0
suede,19
suets,0
suety,0
sugar,513
suing,89
suite,264
suits,209
sulfa,2
sulks,2
sulky,0
sully,2
sumac,4
sumos,0
sumps,0
sunny,333
sunup,0
super,717
supra,0
surer,4
surfs,2
surge,522
surly,3
sushi,59
swabs,8
swags,0
swain,1
swami,0
swamp,44
swank,1
swans,20
swaps,23
sward,0
swarm,40
swash,2
swath,29
swats,2
sways,2
swear,77
sweat,120
swede,1
sweep,188
sweet,700
swell,63
swept,266
swift,232
swigs,1
swill,1
swims,21
swine,13
swing,572
swipe,74
swirl,29
swish,6
swobs,0
swoon,7
swoop,30
swops,0
sword,113
swore,32
sworn,167
swung,87
sylph,0
synch,3
syncs,6
synod,8
syrup,75
tabby,4
tabla,5
table,1613
taboo,35
tabor,0
tabus,0
tacit,8
tacks,5
tacky,14
tacos,61
tacts,0
taffy,3
taiga,0
tails,31
taint,4
taken,5421
taker,12
takes,2628
talcs,0
tales,122
talks,1159
talky,1
tally,239
talon,0
talus,0
tamed,13
tamer,3
tames,0
tamps,0
tango,13
tangs,0
tangy,20
tanks,230
tansy,2
taped,41
taper,15
tapes,53
tapir,2
tardy,4
tared,0
tares,1
tarns,0
taros,0
tarot,9
tarps,12
tarry,1
tarsi,0
tarts,6
taser,11
tasks,435
taste,584
tasty,131
tater,4
taunt,15
taupe,0
tawny,3
taxed,55
taxer,0
taxes,904
taxis,54
teach,411
teaks,0
teals,3
teams,3193
tears,440
teary,10
tease,64
teats,1
techs,9
teems,4
teens,279
teeny,7
teeth,310
telex,2
tells,951
telly,22
tempi,1
tempo,73
temps,38
tempt,18
tends,204
tenet,10
tenon,0
tenor,21
tense,189
tenth,100
tents,166
tepee,1
tepid,11
terms,2284
terns,1
terry,3
terse,9
tests,642
testy,12
tetra,0
texts,171
thane,0
thank,1165
thaws,4
theft,621
their,62879
theme,781
thens,0
there,24321
therm,0
these,15245
theta,2
thews,0
thick,345
thief,72
thigh,57
thine,1
thing,4733
think,12149
thins,2
third,6239
thole,1
thong,9
thorn,17
those,14552
thous,0
three,14042
threw,587
throb,5
throe,0
throw,787
thrum,1
thuds,3
thugs,52
thumb,85
thump,11
thyme,16
thymi,0
tiara,17
tibia,4
ticks,59
tidal,44
tided,0
tides,47
tiers,34
tiffs,0
tiger,59
tight,683
tikes,0
tilde,0
tiled,22
tiler,0
tiles,83
tills,18
tilts,7
timed,71
timer,47
times,5437
timid,18
tines,1
tinge,5
tings,1
tinny,2
tints,3
tipis,1
tipsy,7
tired,373
tires,106
tiros,0
titan,24
tithe,7
title,2253
tizzy,5
toads,6
toady,0
toast,101
today,5196
toddy,1
toffy,0
tofus,0
togae,0
togas,2
toils,2
toked,0
token,167
tokes,0
toles,0
tolls,35
tombs,14
tomes,9
tonal,16
toned,28
toner,9
tones,106
tongs,8
tonic,28
tonne,43
tools,1169
tooth,100
toots,0
topaz,3
topic,586
toque,3
torah,1
torch,85
torsi,0
torso,40
torte,2
torts,0
total,4720
toted,4
totem,10
totes,4
touch,1057
tough,1454
tours,232
touts,29
towed,31
towel,102
tower,252
towns,568
toxic,334
toxin,15
toyed,9
trace,171
track,1910
tract,47
trade,2124
trail,645
train,1397
trait,39
tramp,2
trams,26
traps,103
trash,242
trawl,5
trays,30
tread,41
treat,753
treed,0
trees,1068
treks,7
trend,900
tress,1
treys,7
triad,7
trial,2118
tribe,112
trice,0
trick,257
tried,2229
trier,0
tries,505
trigs,0
trike,4
trill,0
trims,45
trios,12
tripe,3
trips,499
trite,6
troll,30
tromp,2
troop,53
trope,34
troth,0
trots,2
trout,44
trove,42
trows,0
truce,58
truck,791
trued,0
truer,12
trues,0
truly,1429
trump,42
trunk,86
truss,6
trust,1608
truth,1030
tryst,8
tsars,2
tubal,3
tubas,1
tubby,1
tubed,1
tuber,4
tubes,59
tucks,5
tufts,3
tulip,9
tulle,11
tumid,0
tummy,31
tumor,38
tunas,0
tuned,134
tuner,5
tunes,111
tunic,4
tunny,0
tuque,0
turbo,33
turds,1
turfs,0
turfy,0
turns,769
tusks,4
tutor,30
tutti,1
tutus,5
tuxes,0
twain,0
twang,4
tweak,44
tweed,5
tween,7
tweet,143
twerk,0
twerp,0
twice,1159
twigs,8
twill,2
twine,5
twins,147
twirl,2
twist,347
twits,0
twixt,0
tying,133
tykes,1
typed,12
types,847
typos,4
tyres,80
tyros,0
tzars,0
udder,0
ukase,0
ulcer,11
ulnae,0
ulnar,3
ulnas,0
ultra,40
umbel,0
umber,1
umbra,4
umiak,0
umped,0
unbar,0
unbid,0
uncap,0
uncle,260
uncut,6
under,9167
undid,4
undue,53
unfed,0
unfit,66
unfix,0
unify,26
union,1001
unite,135
units,1100
unity,465
unlit,4
unman,0
unpin,0
unsay,0
untie,1
until,6536
unwed,1
unzip,3
upend,26
upped,574
upper,463
upset,571
urban,565
ureas,0
urged,1542
urges,123
urine,63
usage,266
users,1973
usher,71
using,4763
usual,744
usurp,8
usury,0
uteri,0
utter,74
uvula,2
vacua,0
vague,111
vales,1
valet,19
valid,271
valor,14
value,2941
valve,46
vamps,2
vanes,1
vaped,5
vapes,96
vapid,1
vapor,26
vases,8
vasts,0
vault,84
vaunt,0
veals,0
veeps,0
veers,14
vegan,184
veges,0
veils,4
veins,37
velar,0
velds,0
veldt,0
velum,0
venal,2
vends,1
venom,19
vents,31
venue,830
verbs,6
verge,125
verse,86
verso,0
verve,9
vests,31
vetch,0
vexed,5
vexes,1
vials,8
viand,0
vibes,113
vicar,19
viced,0
vices,13
video,4090
views,1234
vigil,106
vigor,12
viler,0
villa,64
villi,0
vines,31
vinos,3
vinyl,68
viola,5
viols,0
viper,4
viral,620
vireo,3
virus,387
visas,105
vised,0
vises,0
visit,3271
visor,8
vista,8
vitae,2
vital,1155
vitas,0
vivas,0
vivid,87
vixen,3
vizir,0
vizor,0
vocal,276
vodka,61
vogue,10
voice,1371
voids,7
voila,9
voile,1
voles,12
volts,3
vomit,27
voted,993
voter,528
votes,1302
vouch,20
vowed,374
vowel,7
vulva,5
vying,87
wacko,3
wacks,0
wacky,29
waded,13
wader,0
wades,5
wadis,0
wafer,15
wafts,3
waged,40
wager,70
wages,385
wagon,50
waifs,1
wails,3
wains,0
waist,90
waits,97
waive,26
waked,0
waken,1
wakes,58
waled,0
wales,0
walks,586
walls,479
waltz,12
wands,8
waned,28
wanes,8
wanly,0
wanna,79
wants,2520
wards,108
wares,30
warms,38
warns,250
warps,3
warts,7
warty,0
washy,0
wasps,17
waste,1124
watch,2690
water,5650
watts,23
waved,92
waver,10
waves,433
waxed,6
waxen,0
waxes,8
weals,1
weans,1
wears,118
weary,41
weave,46
wedge,44
weeds,85
weedy,2
weeks,4260
weens,0
weeny,0
weeps,5
weepy,2
weest,0
wefts,0
weigh,185
weird,421
weirs,1
welch,0
welds,0
wells,75
welsh,1
welts,3
wench,0
wends,0
wests,0
wetly,0
whack,23
whale,127
whams,0
wharf,13
whats,2
wheal,0
wheat,108
wheel,359
whelk,1
whelm,0
whelp,0
whens,0
where,17183
whets,0
wheys,0
which,39158
whiff,17
while,16417
whims,31
whine,11
whiny,3
whips,26
whirl,9
whirr,1
whirs,0
whisk,36
whist,0
white,2163
whits,0
whizz,9
whole,2876
whoop,1
whore,9
whorl,0
whose,2036
whoso,0
wicks,0
widen,57
wider,755
widow,99
width,62
wield,44
wight,1
wikis,0
wilds,4
wiled,0
wiles,1
wills,12
wilts,0
wimps,1
wimpy,1
wince,5
winch,7
winds,731
windy,113
wined,1
wines,139
wings,203
winks,1
winos,0
wiped,118
wiper,6
wipes,41
wired,91
wires,81
wiser,27
wises,0
wisps,3
wispy,8
witch,67
withe,0
witty,34
wived,0
wives,90
wizes,0
woads,0
woken,31
wolds,0
wolfs,0
woman,3896
wombs,0
women,4917
wonks,5
wonky,10
wonts,0
woods,165
woody,10
wooed,11
wooer,0
woofs,1
wools,3
wooly,1
woozy,6
words,1882
wordy,1
works,2817
world,8165
worms,30
wormy,0
worry,782
worse,1237
worst,1213
worth,7903
worts,0
would,31116
wound,317
woven,67
wowed,48
wrack,0
wraps,140
wrapt,0
wrath,40
wreak,32
wreck,94
wrens,3
wrest,11
wrier,0
wring,9
wrist,146
write,859
writs,2
wrong,1858
wrote,3283
wroth,0
wrung,4
wryer,0
wryly,5
wurst,1
wussy,0
xenon,1
xerox,1
xylem,1
yacht,93
yacks,0
yahoo,3
yangs,0
yanks,3
yards,1542
yarns,2
yawed,1
yawls,0
yawns,1
yeahs,0
yearn,17
years,23093
yeast,23
yeggs,0
yells,25
yelps,0
yeses,0
yetis,0
yield,944
yikes,2
yodel,0
yogas,0
yogin,0
yogis,2
yoked,1
yokel,0
yokes,0
yolks,7
yores,0
young,5184
yours,181
youth,1306
yowls,0
yucca,0
yucks,0
yucky,1
yules,0
yummy,20
yuppy,0
yurts,7
zeals,0
zebra,26
zebus,0
zeros,6
zests,0
zesty,12
zetas,0
zilch,3
zincs,0
zings,1
zingy,8
zippy,7
zloty,1
zombi,0
zonal,20
zoned,37
zones,313
zooms,4
abacus,0
abased,0
abases,0
abated,9
abates,0
abbess,0
abbeys,2
abbots,0
abduct,8
abhors,2
abided,5
abides,4
abject,23
abjure,0
ablate,1
ablaze,42
ablest,0
abloom,0
aboard,213
abodes,1
aborts,1
abound,28
aboves,0
abrade,0
abroad,509
abrupt,53
abseil,5
absent,190
absorb,130
absurd,126
abused,232
abuser,36
abuses,103
acacia,1
accede,1
accent,112
accept,893
access,4138
accord,52
accost,1
accrue,17
accuse,77
acetic,5
achene,0
achier,0
aching,17
achoos,0
acidic,28
acidly,0
acorns,6
acquit,11
across,9344
acting,948
action,4233
active,1384
actors,765
actual,826
acuity,15
acumen,42
acuter,0
acutes,0
adages,1
adagio,1
adapts,22
addend,0
adders,4
addict,42
adding,2394
addled,3
addles,0
adduce,0
adepts,0
adhere,159
adieus,1
adieux,0
adjoin,1
adjure,0
adjust,260
admire,83
admits,289
adobes,0
adopts,23
adored,65
adorer,1
adores,18
adorns,2
adrift,57
adroit,1
adsorb,0
adults,995
advent,94
adverb,2
advert,68
advice,1271
advise,189
aerate,0
aerial,228
aeries,0
affair,345
affect,831
affirm,41
afford,734
affray,28
afghan,0
afield,61
aflame,3
afloat,70
afraid,444
afresh,14
agapae,0
agapai,0
agapes,0
agates,0
agaves,1
ageing,104
ageism,14
ageist,10
agency,1920
agenda,671
agents,637
aghast,5
agings,0
agleam,0
agreed,1638
agrees,171
aiding,82
ailing,39
aiming,409
airbag,11
airbus,0
airier,3
airily,2
airing,108
airman,2
airmen,16
airway,13
aisles,36
akimbo,0
alarms,94
albeit,196
albino,3
albums,244
alcove,2
alders,0
alerts,170
alibis,2
aliens,123
alight,53
aligns,212
alined,0
alines,0
aliyah,4
alkali,4
alkyds,0
allays,0
allege,149
allele,1
alleys,15
allied,105
allies,748
allots,0
allows,1391
alloys,8
allude,8
allure,74
almond,28
almost,3670
alohas,0
alpaca,6
alphas,1
alpine,32
altars,6
alters,15
alumna,15
alumni,146
always,7608
amazed,90
amazes,8
amazon,5
ambers,0
ambled,2
ambler,0
ambles,1
ambush,48
amebae,0
amebas,0
amebic,0
amends,45
amerce,0
amides,0
amidst,198
amigos,1
amnion,1
amoeba,5
amoral,3
amount,2389
amours,0
ampere,0
ampler,0
ampule,0
ampuls,0
amulet,3
amused,31
amuses,4
anally,3
analog,39
anchor,196
anemia,5
anemic,10
angels,45
angers,4
angina,5
angled,23
angler,7
angles,78
angora,1
angsts,0
animal,781
animes,1
animus,9
anions,2
anises,0
ankles,34
anklet,1
annals,18
anneal,0
annexe,24
annoys,4
annual,2238
annuls,1
anodes,1
anoint,7
anorak,0
answer,1377
anteed,0
anthem,147
anther,1
antics,104
antler,6
anuses,0
anvils,1
anyhow,7
anyone,2916
anyway,380
aortae,0
aortas,0
aortic,5
apathy,28
apexes,0
aphids,8
apiary,3
apical,0
apices,0
apiece,106
aplomb,11
apogee,0
appall,0
appals,0
appeal,1373
appear,1506
append,1
apples,92
applet,1
appose,0
aprons,9
aptest,0
arable,14
arbors,0
arbour,2
arcade,58
arcane,7
arched,11
archer,11
arches,16
archly,0
arcing,3
arcked,0
arctic,18
ardent,30
ardors,0
ardour,2
arenas,36
argent,0
argons,0
argosy,0
argots,0
argued,871
arguer,0
argues,219
argyle,0
aridly,0
aright,2
arisen,29
arises,71
armada,4
armful,1
armies,51
arming,23
armlet,0
armors,1
armory,5
armour,20
armpit,8
aromas,22
around,13412
arouse,4
arrant,1
arrays,14
arrest,1265
arrive,622
arrows,29
arroyo,1
arsons,5
artery,40
artful,5
artier,0
artist,1041
ascend,23
ascent,45
ascots,0
ashcan,0
ashier,0
ashlar,1
ashore,40
ashram,7
asides,2
asking,1580
aslant,0
asleep,167
aspect,483
aspens,2
aspics,0
aspire,54
assail,0
assays,11
assent,10
assert,78
assess,367
assets,974
assign,47
assist,887
assize,0
assort,0
assume,351
assure,174
astern,0
asters,0
asthma,76
astral,0
astray,11
astute,26
asylum,404
ataxia,0
ataxic,0
atolls,4
atomic,59
atonal,0
atoned,1
atones,0
atrial,8
atrium,8
attach,59
attack,3700
attain,50
attars,0
attend,1169
attest,39
attics,1
attire,112
attune,1
auburn,3
audios,2
audits,74
augers,1
aughts,6
augurs,5
augury,0
august,5
auntie,22
aurora,34
author,715
autism,157
autumn,296
auxins,0
avails,2
avatar,34
avaunt,0
avenge,31
avenue,70
averse,16
averts,1
aviary,2
avidly,3
avoids,65
avouch,0
avowal,0
avowed,10
awaits,117
awaked,0
awaken,11
awakes,1
awards,883
aweigh,0
awhile,25
awning,6
awoken,6
axioms,1
azalea,0
azures,0
baaing,0
babble,4
babels,0
babied,2
babier,0
babies,365
baboon,4
backed,618
backer,32
backup,240
bacons,0
badder,2
baddie,12
badger,9
badges,42
badman,0
badmen,0
baffle,2
bagels,22
bagful,3
bagged,115
baggie,4
bailed,50
bairns,2
baited,10
baizes,0
bakers,31
bakery,125
baking,194
balboa,1
balded,0
balder,0
baldly,0
baleen,0
balers,0
baling,1
balked,11
ballad,46
balled,2
ballet,85
ballot,886
ballsy,3
balsam,3
balsas,0
bamboo,61
banana,99
banded,21
bandit,17
banged,39
bangle,2
banish,15
banjos,1
banked,27
banker,53
banned,535
banner,162
bantam,1
banter,57
banyan,5
banzai,1
baobab,5
barbed,21
barbel,1
barber,38
bardic,0
barely,441
barest,10
barfed,0
barfly,0
barged,14
barges,16
barhop,1
baring,4
barium,4
barked,17
barker,0
barley,21
barman,7
barmen,0
barons,6
barony,0
barque,0
barred,140
barrel,190
barren,30
barres,0
barrio,2
barrow,3
barter,6
baryon,0
basalt,4
basely,0
basest,0
bashed,16
bashes,4
basics,131
basils,1
basing,15
basins,23
basked,7
basket,245
basses,2
basset,3
bassos,0
basted,1
baster,1
bastes,0
bathed,18
bather,0
bathes,2
bathos,0
batiks,0
bating,0
batman,2
batmen,0
batons,19
batted,41
batten,1
batter,155
battle,1467
bauble,8
baulks,0
bawled,2
baying,4
bayous,0
bazaar,13
beacon,138
beaded,11
beadle,0
beagle,3
beaked,1
beaker,0
beamed,25
beaned,1
beanie,14
beards,13
bearer,25
beasts,34
beaten,382
beater,3
beauts,0
beauty,855
beaver,23
bebops,0
becalm,0
became,3262
beckon,5
become,5407
bedaub,0
bedbug,3
bedded,4
bedeck,0
bedims,0
bedlam,7
bedpan,0
beefed,8
beeped,1
beeper,3
beetle,22
beeves,0
befall,13
befell,7
befits,1
befogs,0
before,17581
befoul,0
begets,2
beggar,4
begged,76
begins,774
begone,0
begums,0
behalf,734
behave,104
behead,1
beheld,1
behest,28
behind,4822
behold,34
beiges,0
beings,160
belays,0
belfry,2
belied,9
belief,463
belies,9
belled,0
belles,0
bellow,0
belong,220
belted,24
beluga,2
bemire,0
bemoan,12
bemuse,0
bender,6
benign,34
benumb,0
berate,7
bereft,22
berets,2
berths,18
beryls,0
beseem,0
besets,0
beside,201
besoms,0
besots,1
bested,28
bestir,0
bestow,9
betake,0
betcha,1
betels,0
betide,0
betook,0
betray,26
betted,1
better,6944
bettor,12
bevels,1
bevies,0
bewail,0
beware,27
beyond,2228
bezels,6
biased,88
biases,50
bibles,1
bicarb,0
biceps,5
bicker,5
bidden,0
bidder,38
bidets,1
biding,10
bigamy,1
bigger,1092
biggie,4
bights,0
bigots,10
bigwig,3
bijoux,0
bikers,45
biking,68
bikini,57
bilges,0
bilked,1
bilker,0
billed,86
billet,2
billow,1
bimbos,0
binary,43
binder,13
binged,6
binges,4
bingos,0
binned,8
bionic,9
biopic,54
biopsy,27
biotin,4
bipeds,0
birded,0
birder,4
birdie,55
births,72
bisect,1
bishop,57
bisons,1
bisque,2
bistro,30
bitchy,4
biters,3
biting,65
bitten,63
bitter,175
bizzes,0
blacks,31
bladed,41
blades,49
blamed,342
blames,55
blanch,0
blanks,8
blared,8
blares,1
blasts,82
blazed,18
blazer,50
blazes,28
blazon,0
bleach,32
bleary,1
bleats,0
bleeds,14
bleeps,1
blench,0
blends,93
blight,34
blimey,0
blimps,0
blinds,23
blings,0
blinis,0
blinks,4
blintz,0
blithe,2
bloats,0
blocks,465
blokes,23
blonde,99
blonds,1
bloods,7
bloody,155
blooms,64
bloops,0
blotch,0
blotto,1
blouse,34
blower,6
blowsy,0
blowup,4
blowzy,1
bluest,2
bluesy,10
bluets,0
bluffs,7
bluing,0
bluish,2
blunts,1
blurbs,1
blurry,23
blurts,3
boards,345
boasts,402
boated,0
boater,5
bobbed,4
bobbin,1
bobble,6
bobcat,4
bocces,0
boccie,0
boccis,0
bodega,5
bodice,10
bodied,7
bodies,919
bodily,179
boding,2
bodkin,0
bogeys,15
bogged,21
boggle,1
bogied,0
bogies,3
boiled,50
boiler,66
bolder,28
boldly,39
bolero,2
bollix,0
bolted,16
bombed,93
bomber,65
bonbon,0
bonded,50
boners,0
bonged,0
bongos,1
bonier,0
boning,4
bonito,2
bonnet,32
bonnie,0
bonsai,0
boobed,0
booboo,0
boodle,0
boogie,12
boohoo,0
booing,18
booked,378
bookie,4
boomed,29
boosts,83
booted,36
bootee,0
booths,84
bootie,1
boozed,0
boozer,19
boozes,0
bopped,2
border,1848
borers,5
boring,149
borons,0
borrow,122
borsch,0
borzoi,0
boshes,0
bosoms,2
bosomy,0
bossed,0
bosses,279
bosuns,0
botany,2
bother,139
bottle,471
bottom,1033
boughs,1
bought,2461
bounce,215
bouncy,47
bounds,94
bounty,60
bovine,5
bowels,14
bowers,0
bowing,22
bowled,82
bowleg,0
bowler,77
bowman,0
bowmen,0
bowwow,0
boxcar,2
boxers,54
boxier,0
boxing,272
boyish,6
braced,28
bracer,0
braces,30
bracts,2
braids,13
brains,98
brainy,4
braise,0
braked,5
brakes,84
branch,530
brands,812
brandy,17
brassy,3
bratty,0
braved,35
braver,5
braves,2
bravos,1
brawls,5
brawns,0
brawny,1
brayed,0
brazed,0
brazen,58
brazer,0
brazes,0
breach,365
breads,17
breaks,471
breams,0
breast,302
breath,334
breech,4
breeds,52
breeze,109
breezy,48
breves,0
brevet,0
brewed,29
brewer,15
briars,0
bribed,9
briber,0
bribes,49
bricks,85
bridal,14
brides,24
bridge,1017
bridle,3
briefs,27
briers,0
bright,654
brines,3
brings,1114
brinks,0
brisks,0
broach,2
broads,1
brogan,0
brogue,0
broils,0
broken,1011
broker,115
bronco,2
broncs,1
bronze,301
brooch,5
broods,13
broody,2
brooks,0
brooms,4
broths,0
browns,11
browse,45
bruins,0
bruise,13
bruits,0
brunch,78
brunet,0
brunts,0
brutal,369
brutes,0
bubble,163
bubbly,34
buboes,0
bucked,15
bucket,173
buckle,50
budded,0
budged,8
budges,0
budget,2102
budgie,2
buffed,3
buffer,82
buffet,59
bugged,5
bugger,2
bugled,0
bugler,2
bugles,0
builds,262
bulged,3
bulges,2
bulked,1
bulled,2
bullet,233
bumble,4
bummed,8
bummer,12
bumped,49
bumper,75
bunchy,0
buncos,0
bundle,119
bunged,1
bungee,4
bungle,2
bunion,3
bunked,2
bunker,71
bunkos,0
bunkum,1
bunted,3
buoyed,49
burble,0
burden,403
bureau,109
burger,136
burghs,1
burgle,2
burial,179
buried,292
buries,4
burkas,1
burlap,3
burled,1
burned,272
burner,55
burped,1
burqas,1
burred,0
burros,2
burrow,8
bursae,0
bursar,0
bursas,0
bursts,47
busboy,0
bushed,0
bushel,8
bushes,72
busied,0
busier,51
busies,0
busily,8
busing,4
buskin,0
bussed,5
busses,10
busted,44
buster,7
bustle,38
butane,5
butler,11
butted,4
butter,287
buttes,1
button,379
buyers,542
buying,2602
buyout,23
buzzed,9
buzzer,41
buzzes,3
byelaw,0
bygone,19
bylaws,26
byline,18
bypass,114
bypast,0
bypath,0
byplay,0
byroad,0
byways,1
byword,5
cabala,0
cabals,4
cabana,2
cabbed,0
cabbie,3
cabins,44
cabled,2
cables,135
cacaos,0
cached,2
caches,3
cachet,3
cackle,1
cactus,18
caddie,8
cadets,55
cadged,0
cadger,0
cadges,0
cadres,22
caftan,4
cagier,1
cagily,1
caging,0
cahoot,0
caiman,0
cairns,0
cajole,4
caking,0
calico,1
califs,0
caliph,0
calked,0
callas,0
called,6895
caller,116
callow,1
callus,3
calmed,37
calmer,37
calmly,61
calved,1
calves,50
camber,0
cambia,0
camels,6
cameos,44
camera,1205
camped,40
camper,27
campus,1038
canals,41
canape,1
canard,7
canary,7
cancan,0
cancel,269
cancer,2023
candid,87
candle,98
candor,16
caners,0
canine,56
caning,1
canker,1
canned,52
cannon,55
cannot,2366
canoed,0
canoes,20
canola,4
canons,3
canopy,58
canted,0
canter,7
canton,9
cantor,2
cantos,0
canvas,112
canyon,26
capers,9
caplet,0
capons,1
capped,155
captor,6
carafe,4
carats,8
carbon,661
carboy,0
carded,18
carder,0
cardio,22
careen,0
career,3752
carers,175
caress,2
carets,0
cargos,3
carhop,0
caries,3
caring,353
carnal,4
carney,0
carobs,0
carols,24
caroms,0
carpal,4
carped,0
carpel,0
carper,0
carpet,233
carpus,0
carrel,0
carrot,23
carted,12
cartel,64
carter,1
carton,9
carved,111
carver,4
carves,9
casaba,0
casein,1
cashed,23
cashes,4
cashew,6
casing,20
casino,278
casket,22
cassia,1
caster,6
castes,17
castle,167
castor,6
casual,239
catchy,54
caters,76
catgut,0
cation,0
catkin,0
catnap,0
catnip,6
catsup,0
cattle,260
caucus,137
caudal,0
caught,1608
caulks,0
causal,11
caused,1982
causer,0
causes,701
caveat,43
cavern,7
caviar,26
cavils,0
caving,13
cavity,20
cavort,1
cawing,0
cayman,0
cayuse,0
ceased,71
ceases,17
cedars,2
ceders,0
ceding,18
celery,21
cellar,40
celled,0
cellos,1
cement,158
censer,0
censor,28
census,95
center,1749
centre,2440
cereal,50
cerise,0
cerium,2
cermet,0
cervix,16
cesium,0
chafed,3
chafes,0
chaffs,0
chains,282
chairs,247
chaise,3
chalet,8
chalks,1
chalky,4
chammy,0
champs,36
chance,3372
chancy,0
change,5933
chants,97
chanty,0
chapel,83
chards,0
charge,2015
charms,29
charts,191
chased,131
chaser,11
chases,24
chasms,3
chaste,5
chatty,12
cheats,18
checks,451
cheeks,34
cheeky,90
cheeps,0
cheers,130
cheery,15
cheese,429
cheesy,36
chemos,0
cheque,66
cherry,105
cherts,0
cherub,0
chests,16
chesty,2
chewed,16
chewer,0
chicer,0
chichi,0
chicks,35
chicle,0
chided,9
chides,0
chiefs,156
chiles,7
chilli,54
chills,45
chilly,89
chimed,90
chimer,0
chimes,15
chimps,7
chinas,0
chines,0
chinks,0
chinos,3
chintz,0
chirps,1
chirpy,2
chisel,4
chitin,1
chives,6
chocks,0
choice,1795
choirs,28
choked,53
choker,6
chokes,12
choler,0
chomps,1
choose,1303
choosy,3
choppy,20
choral,17
chords,11
chorea,0
chores,50
chorus,82
chosen,646
chowed,0
chrism,2
chrome,16
chubby,8
chucks,1
chukka,0
chummy,3
chumps,1
chunks,49
chunky,55
church,1113
churls,0
churns,4
chutes,5
chymes,0
cicada,20
ciders,18
cigars,16
cilium,0
cinder,5
cinema,324
cipher,2
circle,331
circus,77
cirque,0
cirrus,1
cities,1210
citing,616
citric,7
citron,0
citrus,59
civets,2
civics,7
civies,0
clacks,0
claims,2273
clammy,1
clamor,7
clamps,11
clangs,1
clanks,0
claque,0
claret,1
clasps,1
classy,47
clause,144
clawed,17
clayey,0
cleans,30
clears,45
cleats,7
cleave,1
clefts,2
clench,4
clergy,45
cleric,27
clerks,26
clever,186
clevis,0
clewed,0
cliche,21
clicks,41
client,512
cliffs,58
climax,49
climbs,47
climes,5
clinch,105
clings,9
clingy,3
clinic,318
clinks,2
clique,10
cloaca,0
cloaks,4
cloche,0
clocks,79
clomps,0
clonal,1
cloned,31
clones,21
clonks,0
closed,2517
closer,1074
closes,138
closet,96
clothe,9
cloths,10
clouds,188
cloudy,213
clouts,0
cloven,2
clover,15
cloves,13
clowns,24
cloyed,0
clucks,0
cluing,0
clumps,16
clumpy,0
clumsy,35
clunks,0
clunky,19
clutch,75
coaled,0
coarse,14
coasts,57
coated,46
coaxed,17
coaxer,0
coaxes,0
cobalt,42
cobble,6
cobras,1
cobweb,0
cocain,0
coccus,0
coccyx,0
cocked,4
cockle,2
cocoas,0
cocoon,9
coddle,1
coders,5
codger,0
codify,11
coding,44
coerce,16
coeval,0
coffee,913
coffer,2
coffin,58
cogent,6
cognac,8
coheir,0
cohere,3
cohort,111
coifed,0
coiled,7
coined,39
coiner,0
coital,1
coitus,0
coking,4
colder,141
coldly,4
coleus,0
colics,0
collar,88
collie,11
colons,0
colony,109
colors,355
colour,461
column,251
combat,671
combed,18
comber,0
combos,14
comedy,697
comely,1
comers,2
comets,9
comfit,0
comics,140
coming,5284
comity,6
commas,2
commie,2
commit,481
common,1818
comped,0
compel,49
comply,364
conchs,2
concur,5
condom,19
condor,2
condos,24
coneys,0
confab,3
confer,14
congas,0
conger,0
conics,0
conies,0
conked,0
conman,9
conmen,2
conned,8
consul,6
convex,0
convey,127
convoy,98
cooing,0
cooked,211
cooker,35
cookie,87
cooled,55
cooler,197
coolie,0
coolly,11
cooped,6
cooper,1
cootie,0
copays,4
copied,45
copier,1
copies,156
coping,82
copped,9
copper,232
copras,0
copses,1
copter,0
copula,0
corals,21
corbel,0
corded,4
cordon,96
corers,0
corgis,6
coring,0
corked,4
corker,1
cornea,7
corned,15
corner,1397
cornet,2
corona,18
corpse,59
corpus,12
corral,20
corset,20
cortex,10
cosier,6
cosies,0
cosign,2
cosily,1
cosine,0
cosmic,69
cosmos,25
cosset,0
costar,9
costed,12
costly,278
cottar,0
cotter,0
cotton,153
cougar,9
coughs,19
coulee,0
counts,680
county,1404
coupes,3
couple,3308
coupon,27
course,3807
courts,595
cousin,212
covens,1
covers,521
covert,44
covets,0
coveys,1
coward,25
cowboy,64
cowers,0
cowing,0
cowman,0
cowmen,0
cowpox,0
cowrie,1
coyest,0
coyote,22
coypus,0
cozens,0
cozier,0
cozies,0
cozily,0
crabby,0
cracks,134
cradle,21
crafts,136
crafty,15
craggy,2
cramps,28
craned,1
cranes,29
crania,0
cranks,3
cranky,16
cranny,8
crapes,0
crappy,7
crated,2
crater,26
crates,16
cravat,1
craved,17
craven,3
craves,10
crawls,11
crawly,1
crayon,3
crazed,6
crazes,1
creaks,1
creaky,2
creams,47
creamy,86
crease,52
create,3264
creche,5
credit,1506
credos,0
creeds,1
creeks,22
creels,0
creeps,18
creepy,96
cremes,0
creole,1
crepes,7
crests,2
cretin,1
crewed,26
crewel,1
cricks,0
criers,0
crimes,968
crimps,0
cringe,44
crises,184
crisis,1880
crisps,64
crispy,93
critic,179
croaks,1
croaky,0
crocks,0
crocus,0
crones,0
crooks,14
croons,2
crotch,17
crouch,5
croups,0
croupy,0
crowds,309
crowed,9
crowns,28
cruces,0
cruddy,0
cruder,0
crudes,2
cruets,0
cruise,322
crumbs,24
crumby,1
crummy,2
crunch,89
cruses,0
crusts,3
crusty,6
crutch,7
cruxes,0
crying,273
crypts,1
cubers,0
cubing,1
cubism,0
cubist,1
cubits,0
cuckoo,4
cuddle,23
cuddly,17
cudgel,5
cueing,1
cuffed,6
culled,11
cumber,0
cumins,0
cummed,0
cumuli,0
cupful,0
cupids,1
cupola,3
cupped,5
cupric,0
curacy,0
curare,0
curate,15
curbed,13
curdle,1
curers,0
curfew,80
curiae,1
curies,0
curing,13
curios,1
curium,0
curled,37
curler,4
curlew,4
cursed,52
curses,8
cursor,10
curter,0
curtly,2
curtsy,3
curved,52
curves,47
cuspid,0
cussed,1
cusses,0
custom,248
cutely,0
cutest,26
cutesy,8
cuties,1
cutlas,0
cutler,0
cutlet,2
cutoff,17
cutout,16
cutter,41
cutups,0
cyborg,5
cycled,19
cycles,151
cyclic,3
cyders,0
cygnet,0
cymbal,0
cynics,5
cypher,4
cystic,11
dabbed,1
dabber,0
dabble,7
dachas,0
dactyl,0
dadoes,0
daemon,1
dafter,0
daftly,0
dagger,14
dahlia,0
dainty,10
daises,1
damage,1969
damask,0
dammed,4
dammit,3
damned,22
damped,1
dampen,39
damper,12
damply,0
damsel,3
damson,0
danced,82
dancer,171
dances,89
dander,5
dandle,0
danged,0
danger,655
dangle,3
danish,1
danker,0
dankly,0
dapper,22
dapple,0
darers,0
daring,99
darken,4
darker,119
darkly,13
darned,4
darner,0
darted,9
darter,0
dashed,44
dasher,0
dashes,10
daters,5
dating,746
dative,1
daubed,1
dauber,0
daunts,0
davits,0
dawdle,1
dawned,16
daybed,0
dazing,0
dazzle,14
deacon,13
deaden,0
deader,0
deadly,469
deafen,0
deafer,0
dealer,157
dearer,3
dearie,0
dearly,130
dearth,19
deaths,1054
debark,0
debars,0
debase,0
debate,1458
debits,11
debris,339
debtor,7
debugs,0
debunk,14
debuts,71
decade,1378
decafs,0
decals,7
decamp,2
decant,1
decays,8
deceit,28
decent,417
decide,961
decked,40
decode,12
decors,0
decoys,3
decree,62
deduce,4
deduct,19
deeded,1
deejay,1
deemed,402
deepen,93
deeper,517
deeply,1080
deface,2
defame,11
defeat,1126
defect,44
defend,624
defers,1
deffer,0
defied,77
defies,26
defile,2
define,245
defogs,0
deform,2
defray,5
defter,0
deftly,20
defuse,15
degree,911
deiced,0
deicer,0
deices,0
deigns,0
deisms,0
deists,0
deject,0
delays,780
delete,81
delfts,0
deltas,3
delude,3
deluge,46
deluxe,32
delved,59
delver,0
delves,60
demand,2228
demean,4
demise,140
demode,0
demons,61
demote,7
demure,14
demurs,0
dengue,44
denial,129
denied,1062
denier,9
denies,156
denims,1
denote,7
denser,14
dental,185
dented,23
dentin,0
denude,0
depart,99
depend,284
depict,54
deploy,170
deport,59
depose,11
depots,23
depths,91
depute,32
deputy,720
derail,53
deride,2
derive,24
dermal,4
dermis,2
desalt,0
descry,0
desert,180
design,1864
desire,680
desist,37
despot,8
detach,19
detail,586
detain,35
detect,201
deters,5
detest,7
detour,46
deuces,1
device,840
devils,12
devise,40
devoid,49
devote,43
devour,15
devout,39
dewier,0
dewlap,0
dhotis,1
diadem,1
dialed,23
dialog,9
diaper,26
diatom,1
dibble,0
dicier,0
dicing,7
dicker,0
dickey,0
dictum,2
diddle,0
didoes,0
diesel,231
dieted,1
dieter,3
differ,99
digest,41
digger,9
digits,77
diking,0
dilate,2
dilute,17
dimity,0
dimmed,23
dimmer,10
dimple,4
dimply,0
dimwit,1
dinars,2
diners,80
dinged,3
dinghy,11
dingle,0
dingus,0
dining,561
dinned,0
dinner,765
diodes,1
dioxin,3
dipole,1
dipped,96
dipper,1
direct,1300
direly,1
direst,1
dirges,3
dirndl,1
disarm,12
disbar,1
discos,4
discus,30
dished,36
dishes,397
dismal,73
dismay,64
disown,3
dispel,25
dissed,5
disses,1
distal,3
distil,3
disuse,4
dither,3
dittos,0
ditzes,0
divans,0
divers,50
divert,84
divest,59
divide,199
divine,100
diving,210
divots,0
djinns,0
doable,15
dobbin,0
docent,5
docile,12
docked,38
docket,17
doctor,812
dodder,0
dodged,28
dodger,5
dodges,9
dodoes,0
doffed,1
dogear,0
dogged,36
doggie,4
dogies,0
dogleg,2
dogmas,6
doings,3
doling,6
dollar,870
dolled,1
dollop,11
dolmen,0
dolors,0
domain,163
doming,0
domino,12
donate,243
dongle,9
donkey,23
donned,82
donors,284
donuts,24
doodad,0
doodle,1
doomed,68
dopers,1
dopier,0
doping,31
dories,0
dormer,5
dorsal,6
dosage,23
dosing,7
dotage,2
dotard,0
dotcom,1
doters,0
doting,18
dotted,78
double,1437
doubly,20
doubts,147
douche,2
doughs,1
doughy,4
dourer,0
dourly,0
doused,20
douses,0
dovish,20
dowels,0
dowers,0
downed,73
downer,6
dowsed,0
dowser,0
dowses,0
doyens,2
dozens,607
dozing,4
drably,0
drafts,54
drafty,4
draggy,0
dragon,78
drains,78
drakes,0
dramas,74
draped,41
draper,0
drapes,12
drawer,74
drawls,0
dreads,4
dreams,447
dreamt,22
dreamy,27
dreary,20
dredge,7
drench,2
dressy,8
driers,1
driest,11
drifts,10
drills,137
drinks,590
drippy,0
drivel,4
driven,877
driver,1777
drives,423
drogue,0
drolly,0
droned,2
drones,491
drools,0
droops,1
droopy,2
dropsy,0
drouth,0
drover,0
droves,26
drowns,6
drowse,0
drowsy,6
drudge,0
druggy,2
druids,4
drunks,6
drupes,0
dryads,0
dryers,20
drying,84
dubbed,268
dubber,0
dubbin,0
ducats,0
ducked,23
duding,0
dueled,1
dueler,0
duenna,0
duffer,0
dugout,83
dulcet,0
dulled,4
duller,1
dumber,6
dumbly,1
dumdum,0
dumped,207
dunces,0
dunged,0
dunked,8
dunned,0
dunner,0
dupers,0
duping,4
duplex,21
duress,21
during,25576
durums,0
dusted,18
duster,5
duties,507
duvets,4
dwarfs,9
dweebs,0
dwells,2
dybbuk,0
dyeing,7
dyings,0
dynamo,4
eagles,41
eaglet,0
earbud,8
earful,4
earned,1350
earner,29
earths,15
earthy,39
earwax,3
earwig,1
easels,1
easier,1106
easily,1181
easing,164
eaters,16
eatery,75
eating,773
ebbing,4
echoed,222
echoes,98
echoic,0
eclair,2
eclats,0
eczema,8
eddied,0
eddies,1
edemas,0
edgers,1
edgier,4
edgily,0
edging,60
edible,39
edicts,5
edited,90
editor,363
educed,0
educes,0
eerier,0
eerily,9
efface,0
effect,1443
effete,0
effigy,11
effort,2056
effuse,0
eggcup,0
egging,7
eggnog,10
egises,0
egoism,1
egoist,0
egress,7
egrets,2
eiders,0
eighth,432
eights,4
eighty,3
either,2669
ejects,0
elands,0
elapse,0
elated,34
elates,0
elbows,36
elders,80
eldest,117
elects,7
eleven,126
elfish,0
elicit,29
elided,0
elides,0
elites,91
elixir,10
elodea,0
eloped,6
elopes,0
eluded,24
eludes,5
elvers,2
emails,301
embalm,1
embank,0
embark,179
embeds,3
embers,18
emblem,28
embody,69
emboss,1
embryo,19
emceed,3
emcees,2
emends,0
emerge,266
emetic,0
emigre,0
emojis,60
emoted,0
emotes,3
empire,131
employ,175
enable,572
enacts,6
enamel,17
enamor,0
encamp,0
encase,0
encode,2
encore,22
encyst,0
endear,6
ending,831
endive,0
endows,2
endued,1
endues,0
endure,152
enemas,0
energy,3845
enfold,0
engage,844
engine,735
engram,0
engulf,12
enigma,14
enjoin,3
enjoys,292
enlist,18
enmesh,1
enmity,5
ennuis,0
enough,4774
enrage,1
enrich,61
enroll,55
enrols,1
ensign,0
ensued,70
ensues,16
ensure,3768
entail,46
enters,185
entice,47
entire,2132
entity,224
entomb,0
entrap,1
entree,7
enured,0
enures,0
envied,4
envies,1
envoys,3
enzyme,8
eolian,0
epilog,0
epochs,0
equals,47
equate,28
equine,19
equips,22
equity,934
erased,54
eraser,9
erases,5
erbium,0
erects,2
ergots,0
ermine,1
eroded,49
erodes,27
erotic,26
errand,12
errant,29
errata,0
erring,6
errors,261
ersatz,5
eructs,0
erupts,15
escape,664
eschew,14
escort,60
escrow,6
escudo,0
espied,0
espies,0
esprit,0
essays,49
estate,1433
esteem,14
esters,0
estrus,1
etched,57
etcher,0
etches,0
ethane,4
ethers,0
ethics,180
ethnic,252
ethyls,0
etudes,1
euchre,2
eulogy,14
eunuch,0
eureka,5
evaded,37
evader,0
evades,4
evened,9
evener,0
evenly,80
events,3579
evicts,1
eviler,0
evilly,0
evince,2
evoked,28
evokes,32
evolve,217
exacts,2
exalts,0
exceed,168
excels,35
except,512
excess,308
excise,53
excite,31
excuse,245
exempt,105
exerts,8
exhale,7
exhort,1
exhume,2
exiled,21
exiles,8
exists,317
exited,131
exodus,54
exotic,80
expand,885
expect,2435
expels,2
expend,9
expert,1000
expire,117
expiry,31
export,321
expose,151
extant,18
extend,699
extent,471
extoll,1
extols,3
extort,25
extras,67
exuded,18
exudes,24
exults,0
exurbs,2
eyeful,2
eyeing,69
eyelet,0
eyelid,14
eyries,0
fabled,11
fables,4
fabric,281
facade,59
facets,42
facial,159
facile,7
facing,1724
factor,652
fading,55
faecal,12
faeces,22
faerie,0
fagged,0
faggot,1
fagots,0
failed,1858
faille,0
fainer,0
faints,0
fairer,57
fairly,469
faiths,23
fajita,2
fakers,1
faking,17
fakirs,0
falcon,8
fallen,673
fallow,11
falser,0
falsie,0
falter,20
family,10662
famine,105
famish,0
famous,1125
fanboy,2
fanged,0
fanned,21
farads,0
farces,2
farina,0
faring,21
farmed,31
farmer,239
farrow,0
farted,2
fascia,11
fasted,1
fasten,11
faster,645
father,2514
fathom,28
fating,0
fatten,2
fatter,5
fatwas,1
faucet,13
faults,39
faulty,79
faunae,0
faunas,1
favors,66
favour,449
fawned,4
fawner,0
faxing,1
fayest,0
fazing,0
fealty,8
feared,231
feasts,15
fecund,0
fedora,1
feeble,14
feebly,4
feeder,41
feeler,1
feigns,1
feints,1
feisty,23
feline,24
felled,26
feller,0
fellow,1213
felons,18
felony,290
felted,2
female,1338
femora,0
femurs,0
fenced,33
fencer,4
fences,80
fended,12
fender,7
fennel,17
ferret,6
ferric,1
ferule,0
fervid,0
fervor,19
fessed,0
fesses,0
festal,0
fester,23
fetich,0
feting,0
fetish,11
fetter,0
fettle,1
feudal,15
feuded,1
fevers,5
fewest,43
fezzes,0
fiance,23
fiasco,33
fibbed,1
fibber,0
fibers,20
fibres,21
fibril,0
fibrin,0
fibula,2
fiches,0
fichus,0
fickle,21
fiddle,33
fidget,4
fields,530
fiends,4
fierce,230
fiesta,9
fifers,0
fifths,1
fights,263
figure,1486
filers,10
filets,2
filial,1
filing,2118
filled,996
filler,37
fillet,12
fillip,3
filmed,309
filter,132
filths,0
filthy,31
finale,384
finals,447
finder,12
finely,27
finery,2
finest,142
finger,236
finial,0
fining,6
finish,1451
finite,20
finked,0
finned,2
fiords,0
firers,0
firing,352
firmed,5
firmer,26
firmly,276
firsts,24
firths,0
fiscal,1343
fished,17
fisher,5
fishes,13
fitful,2
fitted,226
fitter,31
fixate,5
fixers,4
fixing,138
fixity,0
fizzed,5
fizzes,3
fizzle,8
fjords,5
flabby,0
flacks,0
flagon,0
flails,1
flairs,0
flaked,2
flakes,17
flambe,0
flamed,6
flames,247
flange,2
flanks,16
flared,41
flares,38
flashy,49
flasks,4
flatly,9
flatus,0
flaunt,12
flavor,200
flawed,124
flaxen,0
flaxes,0
flayed,4
flecks,5
fleece,26
fleecy,3
fleets,26
fleshy,2
flexed,16
flexes,8
flicks,35
fliers,12
fliest,0
flight,1235
flimsy,28
flinch,9
flings,3
flints,0
flinty,1
flirts,6
floats,42
flocks,29
floods,281
floors,240
floozy,0
floppy,9
florae,0
floral,135
floras,0
floret,0
florid,4
florin,0
flossy,0
flours,3
floury,0
flouts,2
flowed,54
flower,203
fluent,40
fluffs,0
fluffy,63
fluids,61
flukes,3
flukey,0
flumes,2
flunks,0
flunky,0
flurry,96
fluted,2
flutes,3
fluxed,0
fluxes,0
flybys,3
flyers,51
flying,697
flyway,0
foaled,0
foamed,0
fobbed,3
fodder,41
foetal,4
foetus,9
fogeys,0
fogged,1
fogies,0
foible,0
foiled,44
foists,1
folded,65
folder,40
folios,1
folksy,2
follow,1586
foment,10
fonder,2
fondle,0
fondly,108
fondue,4
fondus,0
foodie,38
fooled,43
footed,7
forage,28
forays,16
forbad,0
forbid,28
forced,1740
forces,1830
forded,1
forego,9
forest,463
forged,110
forger,0
forges,8
forget,714
forgot,129
forked,13
formal,510
format,321
formed,641
former,8157
formic,1
fortes,0
forums,94
fossil,326
foster,475
fought,594
fouled,69
fouler,0
foully,0
founds,1
founts,0
fourth,3306
fowled,0
foxier,0
foxily,0
foxing,1
foyers,2
fracas,9
fracks,0
framed,112
framer,1
frames,130
francs,14
franks,2
frappe,2
frauds,17
frayed,12
freaks,16
freaky,8
freely,175
freest,1
freeze,163
frenzy,83
fresco,20
friars,2
friary,0
fridge,130
friend,2209
friers,1
frieze,0
fright,8
frigid,39
frills,13
frilly,6
fringe,70
frisks,0
frisky,2
frizzy,4
frocks,3
frolic,4
fronds,1
fronts,112
frosts,7
frosty,32
froths,0
frothy,10
frowns,5
frowsy,0
frowzy,0
frozen,294
frugal,19
fruits,182
fruity,36
frumps,0
frumpy,1
frusta,0
fryers,17
frying,40
fucked,7
fucker,2
fuddle,0
fudged,1
fudges,1
fueled,186
fugues,0
fuhrer,0
fulcra,0
fulfil,98
fulled,0
fuller,29
fumble,78
fumier,0
fuming,37
funded,530
fungal,36
fungus,52
funked,0
funnel,33
funner,1
furies,1
furled,0
furore,18
furors,0
furred,0
furrow,5
furzes,0
fusees,0
fusing,5
fusion,115
fussed,12
fusses,0
futile,46
futons,1
future,6020
futzed,0
futzes,0
fuzing,0
fuzzed,0
fuzzes,0
gabbed,0
gabble,0
gabled,0
gables,1
gadded,0
gadder,0
gadfly,4
gadget,31
gaffed,1
gaffer,34
gaffes,11
gagged,4
gaggle,9
gaging,0
gaiety,2
gained,706
gainer,3
gaiter,1
galaxy,71
galena,1
galled,0
galley,6
gallon,73
gallop,9
galoot,0
galore,23
galosh,0
gambit,19
gamble,68
gambol,0
gamely,2
gamest,0
gamete,0
gamier,0
gamine,0
gaming,753
gamins,0
gammas,0
gammon,5
gamuts,0
gander,7
ganged,1
gangly,3
gannet,0
gantry,5
gaoled,0
gaoler,0
gaping,29
garage,328
garbed,0
garble,0
garcon,0
garden,1143
gargle,1
garish,5
garlic,146
garner,56
garnet,2
garote,0
garret,0
garter,3
gasbag,0
gashed,2
gashes,0
gasket,7
gasped,17
gassed,8
gasses,9
gather,455
gating,2
gators,0
gauche,1
gaucho,0
gauged,5
gauges,14
gauzes,0
gavels,0
gawked,0
gayest,3
gayety,0
gazebo,12
gazers,5
gazing,20
geared,74
geckos,1
geegaw,0
geeing,2
geezer,0
geisha,2
gelcap,0
gelded,1
gelled,8
gender,681
genera,3
genial,4
genies,1
genius,129
genome,26
genres,145
gentle,234
gently,136
gentry,1
geodes,0
gerbil,0
gerund,0
getups,1
gewgaw,0
geyser,4
ghetto,14
ghosts,73
ghouls,14
giants,207
gibber,0
gibbet,0
gibbon,0
gibing,0
giblet,0
gifted,193
gigged,1
giggle,16
giggly,3
gigolo,0
gilded,12
gilder,0
gimlet,4
gimmes,0
gimped,1
ginger,72
gingko,1
ginkgo,4
ginned,0
girded,1
girder,4
girdle,0
girted,0
girths,0
gismos,0
givens,2
givers,5
giving,2276
gizmos,5
glaces,0
glades,0
gladly,24
glamor,4
glance,90
glands,24
glared,3
glares,1
glassy,13
glazed,35
glazes,3
gleams,0
gleans,1
glibly,0
glided,4
glider,8
glides,8
glints,0
glitch,49
glitzy,25
gloats,1
global,3075
globes,6
glooms,0
gloomy,27
gloppy,0
glossy,45
gloved,5
gloves,145
glowed,7
glower,2
gluier,0
gluing,3
glumly,0
gluten,26
gnarls,1
gnawed,3
gneiss,2
gnomes,8
gnomic,2
goaded,5
goalie,107
goatee,2
gobbed,0
gobbet,0
gobble,7
goblet,1
goblin,4
godson,9
gofers,0
goggle,0
goings,16
goiter,0
goitre,0
golden,378
golfed,5
golfer,58
gonads,2
goners,0
gonged,0
goober,0
goodby,0
goodie,9
goodly,0
goofed,3
google,18
gooier,0
goosed,0
gooses,0
gopher,1
gorged,2
gorges,3
gorgon,1
gorier,0
gorily,0
goring,0
gorses,0
gospel,80
gossip,59
gotcha,9
gotten,488
gouged,7
gouger,1
gouges,2
gourde,0
gourds,3
govern,94
gowned,0
grabby,4
graced,74
graces,17
graded,38
grader,34
grades,173
grafts,5
graham,1
grains,88
grainy,15
gramme,0
grands,2
grange,0
granny,17
grants,452
grapes,59
graphs,7
grasps,2
grassy,26
grated,14
grater,4
grates,4
gratis,1
graved,0
gravel,66
graven,0
graver,2
graves,70
gravid,0
grayed,0
grayer,1
grazed,17
grazer,1
grazes,4
grease,46
greasy,36
greats,46
grebes,1
greeds,0
greedy,41
greens,96
greets,48
greyed,1
greyer,2
griefs,2
grieve,54
grille,28
grills,12
grimed,0
grimes,0
grimly,4
grinds,16
gringo,0
griped,4
griper,0
gripes,12
grippe,0
grisly,18
grists,0
gritty,71
groans,10
groats,0
grocer,24
groggy,9
groins,2
grooms,6
groove,44
groovy,10
groped,6
groper,5
gropes,0
grotto,15
grouch,0
ground,2655
groups,2342
grouse,10
grouts,0
grovel,1
groves,8
grower,13
growls,2
growth,3930
grubby,5
grudge,30
gruels,0
grumps,0
grumpy,25
grunge,16
grungy,3
grunts,5
guanos,0
guards,218
guavas,1
guests,947
guffaw,1
guided,264
guider,0
guides,133
guilds,4
guiles,0
guilts,0
guilty,1501
guinea,20
guises,3
guitar,285
gulags,2
gulden,0
gulled,0
gullet,1
gulley,0
gulped,2
gulper,0
gumbos,0
gummed,2
gunman,127
gunmen,114
gunned,46
gunnel,0
gunner,10
gurgle,0
gurney,6
gushed,76
gusher,1
gushes,9
gusset,0
gusted,2
gutted,100
gutter,22
guying,0
guzzle,2
gypped,0
gypper,0
gypsum,2
gyrate,0
gyving,0
habits,298
hacked,68
hacker,25
hackle,0
hadjes,0
hadjis,0
haggis,13
haggle,7
hailed,263
hairdo,3
haired,3
hajjes,0
hajjis,0
halals,0
halest,0
haling,0
halite,0
halloo,0
hallos,0
hallow,0
haloed,0
haloes,0
halted,150
halter,5
halved,42
halves,47
hamlet,21
hammed,0
hammer,163
hamper,42
handed,832
handle,824
hangar,18
hanged,27
hanger,15
hangup,1
hanker,0
hankie,0
hansom,0
happen,2260
harass,47
harbor,59
harden,4
harder,612
hardly,352
harems,0
haring,1
harked,0
harken,3
harlot,0
harmed,95
harped,7
harrow,1
hashed,6
hashes,4
hassle,54
hasted,0
hasten,18
hastes,0
hatbox,0
haters,32
hating,27
hatred,169
hatted,0
hatter,1
hauled,62
hauler,3
haunch,0
haunts,36
havens,13
having,6239
havocs,0
hawing,0
hawked,1
hawker,7
hawser,0
haying,0
haymow,0
hazard,90
hazels,0
hazers,0
hazier,0
hazily,0
hazing,12
hazmat,9
headed,673
header,190
healed,29
healer,13
health,7305
heaped,30
hearer,0
hearse,10
hearth,10
hearts,470
hearty,59
heated,290
heater,48
heaths,0
heaved,7
heaven,107
heaver,0
heaves,1
heckle,1
hectic,59
hector,0
hedged,7
hedger,0
hedges,26
heeded,16
heehaw,0
heeled,3
hefted,0
hegira,0
heifer,16
height,406
heists,6
helium,23
hellos,1
helmet,122
helots,1
helped,2418
helper,17
helves,0
hemmed,5
hemmer,0
hempen,0
hennas,0
hepper,0
herald,11
herbal,46
herded,6
herder,5
hereby,41
herein,24
hereof,9
hereon,2
heresy,4
hereto,1
hermit,3
hernia,17
heroes,329
heroic,92
heroin,149
herons,3
herpes,10
hetero,1
hewers,0
hewing,2
hexing,0
heyday,43
hiatus,109
hiccup,18
hickey,0
hidden,544
hiders,0
hiding,290
hieing,0
higher,3156
highly,1485
hijack,24
hikers,48
hiking,163
hinder,94
hinged,21
hinges,60
hinted,163
hinter,0
hipped,1
hipper,1
hippie,9
hippos,8
hiring,386
hissed,3
hisses,1
hither,0
hitter,88
hiving,1
hoagie,3
hoards,1
hoarse,10
hoaxed,0
hoaxer,0
hoaxes,6
hobble,2
hobnob,2
hoboes,0
hocked,0
hockey,414
hoeing,1
hogans,0
hogged,2
hogtie,0
hoists,5
hokier,0
hoking,0
hokums,0
holder,181
holdup,3
holier,2
holing,5
holler,1
hollow,59
homage,108
hombre,1
homely,17
homers,49
homeys,0
homier,0
homily,13
homing,3
hominy,3
honcho,6
honers,0
honest,706
honeys,0
honied,0
honing,24
honked,6
honker,1
honkie,0
honors,174
honour,547
hooded,44
hoodie,72
hoodoo,0
hooeys,0
hoofed,0
hookah,0
hookas,0
hooked,97
hooker,40
hookey,0
hookup,20
hooped,0
hoopla,9
hooray,0
hootch,0
hooted,0
hooter,8
hooves,5
hoping,1104
hopped,30
hopper,6
horded,0
hordes,19
horned,11
hornet,6
horrid,8
horror,678
horsed,0
horses,275
horsey,2
hosier,0
hosing,1
hosted,798
hostel,75
hotbed,20
hotbox,0
hotdog,5
hotels,387
hotter,75
houmus,0
hounds,12
houris,0
hourly,73
housed,160
houses,952
hovels,0
hovers,12
howdah,0
howled,2
howler,2
hoyden,0
hubbub,4
hubcap,1
hubris,15
huddle,35
huffed,6
hugely,239
hugest,0
hugged,59
hulled,0
huller,0
hullos,0
humane,49
humans,546
humble,219
humbly,28
humbug,1
humeri,0
hummed,2
hummer,1
hummus,20
humors,0
humour,130
humped,1
humphs,0
hunger,293
hungry,228
hunker,4
hunted,50
hunter,56
hurdle,110
hurled,45
hurler,2
hurrah,14
hurray,0
hurtle,2
hushed,10
hushes,0
husked,1
husker,0
hussar,0
hustle,81
hutzpa,0
huzzah,0
huzzas,0
hyaena,0
hybrid,344
hydrae,0
hydras,0
hydros,0
hyenas,5
hymens,1
hymnal,0
hymned,0
hyphen,3
hyping,12
hyssop,2
iambic,0
iambus,0
ibexes,0
ibices,0
ibidem,0
ibises,0
icebox,1
icecap,0
iceman,1
icemen,0
icicle,1
iciest,1
icings,1
ickier,0
iconic,969
ideals,79
idiocy,9
idioms,8
idiots,25
idlers,0
idlest,0
idling,15
idylls,3
iffier,0
igloos,1
ignite,57
ignore,326
iguana,1
imaged,4
images,1060
imbeds,0
imbibe,9
imbued,16
imbues,5
immune,275
immure,0
impact,4056
impair,13
impala,0
impale,3
impart,27
impede,34
impels,1
impend,0
impish,8
import,183
impose,242
impost,0
impugn,0
impure,0
impute,0
inaner,0
inborn,1
inbred,3
incest,24
inched,19
inches,508
incise,0
incite,49
income,1621
incubi,0
incurs,7
indeed,521
indent,2
indict,8
indigo,7
indite,0
indium,0
indoor,255
induce,37
induct,5
indued,0
indues,0
infamy,8
infant,135
infect,24
infers,2
infest,3
infirm,6
inflow,28
influx,177
infold,0
inform,295
infuse,21
ingest,17
ingots,1
inhale,9
inhere,0
inject,46
injure,26
injury,2081
inkier,0
inking,8
inlaid,1
inland,102
inlays,0
inlets,4
inmate,90
inmost,0
innate,49
inning,574
inputs,76
inroad,1
inrush,0
insane,132
inseam,0
insect,62
insert,41
insets,2
inside,2950
insist,125
insole,2
instal,0
instep,2
instil,13
insult,104
insure,24
intact,134
intake,182
intend,193
intent,518
intern,51
inters,0
intone,0
intros,3
intuit,1
inured,3
inures,1
invade,58
invent,17
invert,3
invest,682
invite,279
invoke,34
inward,41
iodide,0
iodine,17
iodize,0
ionize,0
ipecac,0
ireful,0
irenic,0
irides,0
irises,1
irking,0
ironed,4
ironic,56
irrupt,0
island,969
islets,3
isobar,0
isomer,0
issued,3535
issuer,14
issues,4560
isthmi,0
italic,1
itched,0
itches,1
itself,2076
jabbed,2
jabber,1
jabots,0
jackal,7
jacked,18
jacket,321
jading,0
jagged,10
jaguar,2
jailed,518
jailer,3
jailor,0
jalopy,0
jammed,26
jangle,2
japans,0
japing,0
jarful,0
jargon,14
jarred,5
jasper,0
jaunts,3
jaunty,7
jawing,3
jazzed,4
jazzes,0
jeered,9
jehads,0
jejuna,0
jejune,0
jelled,1
jellos,0
jennet,0
jerked,2
jerkin,0
jersey,172
jested,1
jester,4
jetsam,0
jetted,17
jewels,38
jewing,0
jibbed,0
jibing,0
jigged,0
jigger,0
jiggle,3
jiggly,0
jigsaw,15
jihads,0
jilted,5
jingle,13
jingly,0
jinnis,0
jinxed,2
jinxes,2
jitney,0
jiving,3
jobbed,0
jobber,1
jockey,52
jocose,0
jocund,0
jogged,10
jogger,10
joggle,0
johnny,0
joined,1939
joiner,5
joints,62
joists,3
jokers,3
jokier,0
joking,88
jolted,10
jolter,0
joshed,0
josher,0
joshes,0
jostle,5
jotted,3
jotter,1
joules,0
jounce,0
jouncy,0
jousts,0
jovial,9
joyful,83
joying,0
joyous,69
judged,106
judges,646
jugful,0
jugged,0
juggle,25
juiced,6
juicer,5
juices,42
jujube,0
juleps,0
jumble,10
jumbos,0
jumped,485
jumper,114
juncos,0
jungle,81
junior,660
junked,2
junker,0
junket,1
junkie,5
juntas,4
juries,27
jurist,9
jurors,189
juster,0
justly,11
jutted,0
kabobs,1
kabuki,0
kaftan,1
kaiser,1
kaolin,0
kapoks,0
kappas,0
karate,19
karats,0
karmas,0
karmic,3
kayaks,8
kayoed,0
kazoos,0
kebabs,13
kebobs,0
keeled,0
keened,0
keener,7
keenly,48
keeper,221
kelvin,0
kenned,0
kennel,23
kernel,17
kettle,47
keying,2
keypad,6
khakis,1
kibble,3
kibitz,0
kibosh,4
kicked,592
kicker,78
kidded,1
kidder,0
kiddie,2
kiddos,16
kidnap,68
kidney,164
killed,3270
killer,390
kilned,0
kilter,5
kimono,4
kinder,23
kindle,3
kindly,97
kingly,1
kinked,0
kiosks,28
kipped,0
kipper,1
kirsch,0
kismet,0
kissed,61
kisser,1
kisses,27
kitbag,1
kiting,1
kitsch,7
kitten,33
klutzy,0
knacks,1
knaves,1
kneads,0
kneels,2
knells,1
knifed,14
knifes,0
knight,21
knives,121
knobby,0
knocks,66
knolls,0
knotty,6
knurls,0
koalas,6
kookie,0
kopeck,0
kopeks,0
kosher,20
kowtow,1
kraals,0
krauts,0
krills,0
kroner,6
kronor,1
kronur,0
kuchen,0
kudzus,0
kvetch,0
labels,153
labial,1
labile,0
labium,0
labors,0
labour,413
lacier,0
lacing,5
lacked,196
lackey,4
lactic,5
lacuna,2
ladder,182
laddie,0
ladies,202
lading,0
ladled,2
ladles,0
lagers,9
lagged,27
lagoon,32
lairds,0
lambda,0
lambed,0
lamely,0
lament,18
lamest,0
lamina,0
laming,0
lammed,0
lanais,0
lanced,0
lancer,0
lances,1
lancet,0
landau,1
landed,594
lanker,0
lankly,0
lapdog,3
lapels,6
lapins,0
lapped,10
lappet,0
lapsed,22
lapses,33
laptop,399
larded,0
larder,3
larger,1093
larges,0
largos,0
lariat,26
larked,0
larvae,19
larval,6
larvas,0
larynx,5
lasers,24
lashed,60
lashes,40
lasses,1
lassie,0
lassos,0
lasted,316
lastly,13
lately,150
latent,18
latest,3479
lathed,0
lather,5
lathes,3
latish,0
latter,556
lattes,14
lauded,141
laughs,131
launch,1639
laurel,3
lavage,0
laving,0
lavish,110
lawful,85
lawman,6
lawmen,5
lawyer,822
laxest,0
laxity,3
layers,220
laying,208
layman,3
laymen,1
layoff,28
layout,135
layups,8
lazied,0
lazier,1
lazies,0
lazily,2
lazing,2
leaded,8
leaden,1
leader,3279
leafed,1
league,1838
leaked,203
leaned,83
leaner,15
leaped,24
leaper,3
learns,81
learnt,198
leased,63
leaser,0
leases,79
leasts,0
leaved,1
leaven,1
leaver,3
leaves,889
lecher,0
leches,0
ledger,19
ledges,8
leered,0
leeway,24
lefter,0
leftie,1
legacy,852
legals,3
legate,1
legato,1
legend,463
legged,5
leggin,0
legion,23
legman,0
legmen,0
legume,2
lemons,15
lemony,0
lemurs,4
lender,92
length,541
lenses,81
lenten,0
lentil,4
lepers,1
lepton,0
lesion,9
lessee,1
lessen,43
lesser,129
lesson,284
lessor,4
lethal,122
letter,1439
letups,0
levees,3
levels,2348
levers,41
levied,51
levier,0
levies,36
levity,13
lewder,0
lewdly,0
lexica,0
liable,107
liaise,15
libber,0
libels,2
libido,10
lichee,0
lichen,5
licked,7
lidded,2
lieder,0
liefer,0
lieges,0
lifers,2
lifted,2048
lifter,2
ligate,0
lights,854
likely,4670
likens,10
likest,0
liking,67
lilacs,4
lilies,14
lilted,0
limber,2
limbos,0
limier,0
liming,0
limits,559
limned,0
limped,21
limper,0
limpet,1
limpid,0
limply,1
linage,1
linden,0
lineal,1
linear,81
linens,13
liners,19
lineup,526
linger,52
lingos,0
lining,150
linked,939
linkup,1
linnet,0
lintel,1
lipids,3
lipped,1
liquid,220
liquor,140
lisles,0
lisped,0
lisper,0
lissom,0
listed,978
listen,663
litany,34
litchi,1
liters,26
lither,1
litmus,17
litres,103
litter,171
little,6058
lively,160
livens,0
livers,4
livery,7
livest,0
living,3541
lizard,14
llamas,4
llanos,0
loaded,294
loader,6
loafed,0
loafer,5
loaned,42
loaner,5
loathe,20
loaves,3
lobbed,13
lobber,0
locale,20
locals,587
locate,221
locked,532
locker,195
locket,3
lockup,9
locust,2
lodged,186
lodger,4
lodges,43
lofted,13
logged,85
logger,3
loggia,1
logics,0
logier,0
logins,6
logjam,10
logoff,0
logons,0
logout,0
loiter,8
lolcat,0
lolled,0
lonely,120
loners,1
longed,21
longer,2685
loofah,0
looked,2181
looker,3
loomed,22
looney,0
loonie,3
looped,11
loosed,0
loosen,36
looser,16
looses,0
looted,43
looter,1
loping,3
lopped,1
lorded,0
lordly,1
losers,58
losing,1384
losses,771
lotion,28
lottos,0
louder,79
loudly,77
lounge,172
loured,0
louses,0
louver,0
louvre,2
lovely,618
lovers,233
loving,634
lowboy,0
lowers,43
lowest,533
lowing,0
lubber,0
lubing,1
lucked,3
lucres,0
luffed,0
lugged,3
lugger,1
lulled,7
lumbar,10
lumber,20
lummox,0
lumped,8
lunacy,9
lunged,14
lunges,6
lupine,0
lupins,0
luring,30
lurked,8
lusher,1
lushes,0
lushly,0
lusted,1
luster,16
lustre,2
luxury,725
lyceum,0
lychee,7
lyings,0
lymphs,0
lynxes,0
lyrics,243
macaws,6
machos,0
macing,0
macron,0
macros,5
madame,1
madams,0
madcap,3
madden,0
madder,1
madman,5
madmen,3
madras,0
mafias,4
maggot,3
magics,0
magmas,0
magnet,46
magnum,7
magpie,2
mahout,0
maiden,131
mailed,34
mailer,5
maimed,14
mainly,522
maizes,0
majors,121
makers,225
makeup,297
making,7275
malady,7
malice,17
malign,17
mallet,2
mallow,3
malted,3
mambas,1
mambos,0
mammal,21
mammas,0
mammon,0
manage,978
manana,0
manege,0
manful,0
mangas,1
manger,8
manges,0
mangle,0
mangos,0
maniac,7
manias,0
manics,0
manila,3
manioc,1
mannas,0
manned,35
manner,528
manors,2
manque,0
manses,0
mantas,0
mantel,3
mantes,0
mantis,4
mantle,45
mantra,77
manual,155
manure,30
maples,7
mapped,40
mapper,3
maraca,0
maraud,0
marble,57
margin,763
marina,29
marine,285
marked,830
marker,125
market,7387
markka,0
markup,14
marlin,4
marmot,0
maroon,17
marque,1
marred,70
marrow,24
marshy,2
marten,0
martin,0
martyr,23
marvel,60
mascot,63
masers,0
mashed,25
masher,5
mashes,1
mashup,6
masked,104
masker,0
masons,1
masque,0
massed,10
masses,120
massif,0
masted,0
master,342
mastic,1
mating,22
matins,0
matrix,23
matron,4
matted,3
matter,3029
mattes,0
mature,220
matzoh,0
matzos,0
matzot,0
mauled,15
mauler,1
mauver,0
mauves,0
mavens,3
mavins,0
maxima,0
maxims,5
maxing,7
maybes,3
mayday,5
mayfly,1
mayhem,42
mayors,59
meadow,19
meager,24
meagre,20
meaner,5
meanie,0
meanly,1
measly,20
meccas,1
medals,331
meddle,9
medial,8
median,225
medias,0
medico,0
medics,85
medium,396
medley,45
meeker,0
meekly,3
melded,7
melees,2
mellow,13
melody,45
melons,5
melted,71
member,3264
memoir,158
memory,1067
menace,79
menage,0
mended,6
mender,0
menial,10
meninx,0
mensch,0
menses,0
mental,2025
mentor,200
meowed,0
mercer,0
merely,323
merest,2
merged,69
merger,188
merges,11
merino,4
merits,82
merman,1
mermen,0
mescal,0
meshed,4
meshes,3
mesons,0
messed,56
messes,16
metals,125
meteor,28
meters,331
method,476
methyl,2
metier,0
meting,1
metres,445
metric,144
metros,10
mettle,17
mewing,1
mewled,0
mezzos,1
miasma,1
mickey,3
micron,1
micros,1
midair,12
midday,136
midden,1
middle,1466
midges,9
midget,3
midrib,0
midsts,0
midway,140
miffed,10
mights,0
mighty,85
mikado,1
miking,1
milady,0
milder,50
mildew,15
mildly,28
milers,0
milieu,3
milked,7
milker,0
milled,10
miller,0
millet,8
milted,0
mimics,25
miming,6
mimosa,1
minced,5
mincer,0
minces,2
minded,36
miners,125
mingle,23
minima,0
minims,0
mining,597
minion,4
minnow,1
minors,167
minted,33
minter,0
minuet,0
minute,1296
minxes,0
mirage,17
mirier,0
miring,0
mirror,250
mirths,0
miscue,4
misdid,0
misers,0
misery,102
misfit,10
mishap,39
mislay,0
misled,38
missal,0
missed,1597
misses,175
missis,0
missus,8
misted,1
mister,4
misuse,115
miters,0
mitred,0
mitres,0
mitten,1
mixers,6
mixing,111
mizzen,0
moaned,9
moaner,0
mobbed,10
mobile,998
mochas,3
mocked,77
mocker,0
mockup,2
modals,0
models,1102
modems,4
modern,1485
modest,262
modify,45
modish,1
module,58
moguls,12
mohair,2
moiety,0
moiled,0
moires,0
molars,2
molded,11
molder,1
molest,1
molted,0
molten,11
molter,0
moment,3325
mommas,3
mommie,0
moneys,1
monger,1
monied,2
monies,42
monism,0
monist,0
monkey,80
monody,0
months,6997
mooing,0
mooned,1
moored,18
mooted,22
mopeds,5
mopers,0
mopier,0
moping,1
mopish,0
mopped,4
moppet,0
morale,86
morals,26
morass,4
morays,0
morbid,8
morels,3
morgue,16
morons,9
morose,2
morphs,5
morrow,0
morsel,2
mortal,25
mortar,50
mosaic,27
moseys,1
moshed,0
moshes,0
mosque,110
mosses,5
mostly,1254
motels,12
motets,0
mother,2685
motifs,21
motile,0
motion,764
motive,126
motley,9
motors,48
mottle,0
mottos,5
moulds,5
mouldy,11
moults,1
mounds,21
mounts,36
mourns,23
moused,0
mouser,0
mouses,0
mousey,1
mousse,19
mouths,60
mouthy,1
mouton,0
movers,37
movies,1048
moving,6041
mowers,15
mowing,28
moxies,0
muches,0
mucked,2
mucous,2
muddle,9
muffed,4
muffin,14
muffle,1
muftis,0
mugful,0
mugged,9
mugger,4
muggle,1
mukluk,0
mulcts,0
mulish,0
mullah,4
mulled,25
mullet,14
mumble,5
mummer,0
murals,49
murder,1614
murmur,5
muscat,1
muscle,302
museum,443
mushed,0
mushes,1
musics,2
musing,9
muskeg,0
musket,5
muskie,1
muskox,0
muslin,6
mussed,0
mussel,8
musses,0
muster,45
mutant,35
mutate,4
mutely,0
mutest,0
muting,0
mutiny,10
mutter,1
mutton,8
mutual,378
muumuu,0
muzzle,20
mynahs,0
myopia,8
myopic,10
myriad,124
myrrhs,0
myrtle,0
myself,1674
mystic,10
mythic,4
nabbed,46
nabobs,0
nachos,9
nacres,0
nadirs,0
nagged,3
nagger,0
naiads,0
nailed,81
naiver,0
namely,155
naming,144
napalm,4
napkin,11
napped,0
napper,0
narrow,370
nasals,0
nation,1642
native,736
natter,3
nature,1604
naught,4
nausea,61
navels,0
navies,6
nearby,1205
neared,29
nearer,37
nearly,3187
neaten,1
neater,1
neatly,50
nebula,2
necked,1
nectar,11
needed,3352
needle,87
negate,21
neighs,1
nelson,3
neocon,0
nephew,135
nerved,0
nerves,130
nested,2
nestle,6
nether,1
netted,141
nettle,6
neural,27
neuron,5
neuter,14
newbie,15
newels,0
newest,279
newton,0
niacin,4
nibble,7
nicely,132
nicest,35
nicety,0
niches,14
nicked,18
nickel,80
nicker,0
nieces,75
niggas,0
niggaz,0
nigger,2
niggle,8
nigher,0
nights,459
nighty,0
nimble,27
nimbly,4
nimbus,0
nimrod,0
ninety,132
ninjas,9
ninths,0
nipped,8
nipper,3
nipple,10
niseis,0
niters,0
nitres,0
nitwit,2
nixing,5
nobler,1
nobles,10
nobody,476
nodded,47
noddle,0
nodule,0
noggin,3
noised,0
noises,62
nomads,8
nonage,0
nonces,0
noncom,0
nonfat,0
noodle,14
nooses,1
normal,1181
norths,0
noshed,0
nosher,0
noshes,0
nosier,0
nosily,0
nosing,1
notary,7
notate,0
notice,1098
notify,91
noting,676
notion,190
nougat,2
nought,5
novels,103
novena,1
novice,42
noways,0
nowise,0
nozzle,11
nuance,38
nubbin,0
nubile,0
nuclei,10
nudest,0
nudged,17
nudges,6
nudism,1
nudist,3
nudity,31
nugget,16
nuking,2
numbed,5
number,7498
numbly,0
nuncio,1
nursed,9
nurser,0
nurses,295
nutmeg,12
nutria,0
nutted,0
nuzzle,1
nylons,1
nymphs,9
oafish,1
oakums,0
oaring,0
obeyed,12
object,255
oblate,0
oblige,16
oblong,7
oboist,0
obsess,8
obtain,333
obtuse,5
occult,11
occupy,110
occurs,189
oceans,79
ocelot,0
ochers,0
ochres,1
octane,1
octave,0
octavo,0
octets,0
octopi,1
ocular,7
oddest,5
oddity,4
odious,5
odiums,0
odored,0
odours,14
oeuvre,9
offals,0
offend,29
offers,2613
office,4394
offing,11
offish,0
offset,179
oglers,0
ogling,0
ogress,0
oilier,0
oiling,1
oinked,0
okapis,0
okayed,2
oldest,358
oldies,7
oldish,0
olives,27
omegas,1
omelet,3
onions,117
online,3762
onrush,1
onsets,1
onside,12
onuses,0
onward,44
onyxes,0
oodles,5
oohing,2
oozier,0
oozing,8
opaque,35
opened,2495
opener,380
openly,263
operas,7
opiate,5
opined,48
opines,3
opiums,0
oppose,205
optics,47
optima,0
opting,128
option,1666
opuses,1
oracle,6
orally,10
orange,310
orated,0
orates,0
orator,9
orbits,29
orchid,21
ordain,2
ordeal,163
orders,709
ordure,0
organs,118
orgasm,21
orgies,4
oriels,0
orient,6
origin,251
oriole,0
orison,0
ormolu,1
ornate,20
ornery,5
orphan,24
osiers,0
osmium,1
osprey,6
ossify,0
others,4644
otiose,0
otters,18
ounces,64
ousted,80
ouster,37
outage,203
outbid,4
outbox,1
outcry,69
outdid,1
outfit,405
outfox,0
outgun,0
outhit,1
outing,236
outlaw,32
outlay,31
outlet,453
output,315
outran,2
outrun,16
outset,73
outwit,1
overdo,5
overly,148
ovoids,0
ovular,0
ovules,0
owlets,1
owlish,0
owners,1396
owning,146
oxbows,0
oxcart,1
oxford,0
oxides,13
oxygen,191
oyster,34
ozones,0
pablum,1
pacers,15
pacify,10
pacing,44
packed,517
packer,5
packet,56
padded,40
paddle,55
padres,0
paeans,2
paella,6
pagans,3
pagers,39
paging,2
pagoda,2
pained,12
paints,84
paired,263
pajama,3
palace,135
palate,47
palely,0
palest,0
paling,0
palish,0
palled,0
pallet,8
pallid,2
pallor,0
palmed,10
paltry,31
pampas,0
pamper,9
panama,0
pandas,23
pander,4
panels,357
panics,5
panier,0
panned,32
panted,1
pantie,0
pantry,72
papacy,5
papaws,0
papaya,5
papers,292
papery,1
papist,0
papyri,0
parade,430
parcel,103
pardon,86
parent,611
parers,0
pariah,19
paring,6
parish,196
parity,42
parkas,2
parked,324
parlay,17
parley,5
parlor,18
parody,47
parole,175
parred,0
parrot,13
parsec,0
parsed,2
parses,1
parson,1
parted,64
partly,318
pascal,0
pashas,0
passed,2199
passel,0
passer,47
passes,608
passim,0
pastas,7
pasted,9
pastel,28
pastes,4
pastor,146
pastry,82
patchy,37
patent,51
pathos,12
patina,2
patios,8
patois,0
patrol,232
patron,85
patted,6
patter,7
paunch,0
pauper,1
paused,128
pauses,38
paving,97
pawing,0
pawned,1
pawpaw,0
payday,36
payees,0
payers,23
paying,1189
payoff,33
payola,2
payout,279
peaces,0
peachy,4
peahen,0
peaked,90
pealed,0
peanut,78
pearls,25
pearly,5
pebble,6
pebbly,2
pecans,5
pecked,0
pectic,0
pectin,1
pedals,16
pedant,1
peddle,11
pedlar,1
peeing,12
peeked,5
peeled,28
peeler,4
peeped,3
peeper,0
peered,6
peeved,2
peeves,2
peewee,0
pegged,57
pekoes,0
pellet,14
pelted,13
pelves,0
pelvic,30
pelvis,19
pencil,46
pended,0
penile,4
penman,0
penmen,0
penned,136
pennon,0
penury,1
people,30858
pepped,0
pepper,159
pepsin,0
peptic,3
perils,26
period,6235
perish,14
perked,6
permed,0
permit,298
person,4773
perter,0
pertly,0
peruke,0
peruse,13
peseta,0
pester,3
pestle,6
pestos,0
petals,19
petard,2
peters,0
petite,19
petrel,1
petrol,288
petted,5
pewees,0
pewits,0
pewter,2
peyote,2
phalli,0
phased,63
phases,127
phenol,1
phenom,17
phials,0
phlegm,3
phloem,0
phobia,10
phobic,0
phoebe,1
phoned,46
phones,589
phoney,2
phonic,1
phooey,0
photon,5
photos,1048
phrase,254
phylum,0
physic,0
pianos,10
piazza,1
piazze,0
pickax,0
picked,1021
picker,9
picket,54
pickle,36
pickup,213
picnic,113
picots,0
piddle,0
piddly,0
pidgin,5
pieced,12
pieces,834
pieing,0
pierce,14
piffle,0
pigeon,28
pigged,0
piglet,2
pigpen,0
pigsty,1
pikers,0
piking,1
pilaff,0
pilafs,0
pilaus,0
pileup,2
pilfer,5
piling,40
pillar,102
pilled,1
pillow,108
pilots,191
pimped,1
pimple,3
pimply,0
pinata,3
pincer,0
pinged,13
pinier,0
pining,9
pinion,0
pinked,0
pinker,0
pinkie,2
pinkos,0
pinned,84
pinons,0
pintos,0
pinups,0
pinyin,0
pinyon,0
pipers,4
piping,36
pipits,0
pipped,23
pippin,0
piqued,26
piques,4
piracy,24
pirate,46
pirogi,0
pissed,35
pisses,1
pistil,1
pistol,84
piston,5
pitied,0
pities,1
pitons,0
pitted,31
pivots,11
pixels,27
pixies,0
pizazz,1
pizzas,53
placed,1293
placer,2
places,1902
placid,6
plague,54
plaids,2
plains,43
plaint,0
plaits,0
planed,1
planer,1
planes,226
planet,510
planks,15
plants,857
plaque,81
plasma,57
plated,16
platen,1
plates,210
platys,0
played,4153
player,3037
plazas,9
pleads,22
please,1098
pleats,3
plebes,0
pledge,219
plenty,1488
pleura,1
plexus,0
pliant,4
pliers,3
plight,101
plinth,8
plough,12
plover,7
plowed,15
plucks,3
plucky,13
plumbs,0
plumed,4
plumes,31
plumps,3
plunge,101
plunks,0
plural,12
pluses,3
plushy,0
plying,14
pocked,2
pocket,338
podded,0
podium,195
poetic,47
poetry,168
pogrom,16
points,5633
pointy,6
poised,291
poises,0
poison,94
pokers,0
pokeys,0
pokier,0
poking,41
police,9423
policy,3011
poling,1
polios,0
polish,52
polite,65
polity,12
polkas,1
polled,82
pollen,53
polyps,2
pomade,0
pommel,6
pompom,1
pompon,0
poncho,4
ponder,32
pongee,0
ponies,20
poodle,3
poohed,0
pooled,9
pooped,2
poorer,89
poorly,208
popgun,0
poplar,3
poplin,1
poppas,0
popped,149
popper,0
poring,1
porker,1
pornos,0
porous,30
portal,264
ported,9
porter,9
portly,4
posers,0
poseur,1
posher,1
posies,1
posing,204
posits,7
posses,2
possum,3
postal,88
posted,1989
poster,225
potash,10
potato,151
potent,140
potful,0
pother,0
potion,9
potpie,0
potted,23
potter,1
pounce,22
pounds,698
poured,178
pouted,2
pouter,0
powder,195
powers,660
powwow,8
praise,407
prance,0
pranks,5
prated,0
prater,0
prates,0
prawns,18
prayed,83
prayer,283
preach,33
precis,0
preens,0
prefab,4
prefer,501
prefix,3
prelim,2
premed,0
premix,0
prenup,3
prepay,3
preppy,6
preset,14
presto,0
pretax,5
pretty,2193
prevue,0
prewar,7
preyed,11
priced,319
prices,2401
pricey,62
pricks,4
prided,13
prides,35
priers,0
priest,138
primal,11
primed,52
primer,17
primes,5
primly,0
primps,0
prince,81
prints,83
priors,2
priory,1
prised,0
prises,0
prisms,1
prison,1806
prissy,1
privet,0
prized,42
prizes,258
probed,35
probes,25
profit,675
prolix,0
prolog,0
promos,26
prompt,193
proner,0
prongs,6
pronto,1
proofs,12
propel,73
proper,778
proses,0
proton,10
proved,711
proven,530
proves,185
prowls,0
prudes,0
pruned,12
pruner,1
prunes,4
pryers,0
prying,9
psalms,1
pseudo,2
pshaws,0
psyche,35
psycho,4
psychs,0
public,9644
pucker,0
puddle,9
pueblo,3
puffed,14
puffer,14
puffin,2
puking,0
puling,0
pulled,1049
puller,3
pullet,1
pulley,9
pullup,0
pulped,2
pulpit,20
pulsar,0
pulsed,0
pulses,24
pumice,4
pummel,9
pumped,87
pumper,1
punchy,24
pundit,60
punier,0
punish,124
punker,0
punkin,0
punned,0
punted,16
punter,34
pupils,540
pupped,0
puppet,55
purdah,0
pureed,2
purees,1
purely,138
purest,12
purged,7
purger,0
purges,3
purify,15
purine,0
purism,0
purist,2
purity,44
purled,0
purple,164
purred,0
pursed,1
purser,0
purses,14
pursue,540
purvey,0
pushed,878
pusher,6
pushes,131
pushup,0
pusses,0
putout,0
putrid,12
putsch,4
putted,0
puttee,0
putter,12
puzzle,186
pwning,0
pylons,10
pylori,0
pyrite,5
python,18
quacks,7
quaffs,0
quahog,0
quails,1
quaint,65
quaked,0
quakes,12
qualms,20
quanta,0
quarks,3
quarry,57
quarto,1
quarts,5
quartz,14
quasar,4
quaver,0
queasy,6
queens,45
queers,6
quells,1
quench,8
quests,32
queued,28
queues,121
quiche,6
quicks,1
quiets,1
quills,3
quilts,23
quince,3
quinsy,0
quints,0
quires,0
quirks,20
quirky,99
quirts,0
quiver,4
quoins,0
quoits,1
quorum,7
quotas,40
quoted,258
quotes,132
qwerty,0
rabbet,0
rabbis,19
rabbit,73
rabble,5
rabies,39
raceme,0
racers,35
racial,323
racier,0
racily,0
racing,458
racism,273
racist,345
racked,113
racket,45
racoon,0
radars,16
radial,4
radios,34
radish,2
radium,1
radius,41
radons,0
raffia,3
raffle,98
rafted,0
rafter,1
ragbag,0
ragged,8
raging,90
raglan,0
ragout,0
ragtag,10
raided,132
raider,3
railed,20
rained,32
raised,4456
raiser,6
raises,342
raisin,4
rajahs,0
raking,35
rakish,1
ramble,5
ramies,0
ramify,0
ramjet,0
rammed,49
ramrod,4
rancid,9
rancor,3
random,264
ranees,0
ranged,82
ranger,34
ranges,136
ranked,547
ranker,1
rankle,1
rankly,0
ransom,86
ranted,8
ranter,0
rapers,0
rapids,13
rapier,2
rapine,0
raping,85
rapist,49
rapped,13
rappel,2
rapper,279
raptly,0
rarefy,0
rarely,371
rarest,23
raring,10
rarity,41
rascal,1
rasher,2
rashes,14
rashly,1
rasped,0
raters,0
rather,2559
ratify,28
rating,9269
ration,28
ratios,48
ratlin,0
rattan,4
ratted,0
ratter,0
rattle,21
rattly,0
ravage,9
ravels,0
ravens,7
ravine,19
raving,36
ravish,1
rawest,3
rayons,0
razing,7
razors,11
razzed,1
razzes,0
reacts,120
reader,183
realer,0
reales,0
really,10983
realms,30
realty,5
reamed,0
reamer,0
reaped,15
reaper,4
reared,13
rearms,1
reason,2469
rebate,44
rebels,185
rebids,0
rebind,0
reboil,0
reboot,117
reborn,24
rebuff,4
rebuke,24
rebury,0
rebuts,0
recall,456
recant,2
recaps,10
recast,22
recede,10
recent,8019
recess,52
recipe,304
recite,20
reckon,60
recoil,12
recook,0
recopy,0
record,4341
recoup,26
rectal,8
rector,18
rectos,0
rectum,10
recurs,1
redact,5
redcap,0
redden,1
redder,2
redeem,47
redial,0
redoes,1
redone,3
redraw,4
redrew,2
reduce,1893
redyed,0
redyes,0
reecho,0
reedit,0
reefed,0
reefer,1
reeked,5
reeled,28
reeved,0
reeves,1
reface,0
refers,226
reffed,0
refile,4
refill,20
refine,74
refits,2
reflex,11
refold,0
reform,505
refuel,18
refuge,145
refund,191
refuse,285
refute,21
regain,157
regale,3
regard,364
regent,8
reggae,30
regime,522
region,2916
regret,272
regrew,0
regrow,8
rehabs,0
rehang,0
rehash,6
rehear,3
reheat,13
rehire,9
rehung,0
reigns,35
reined,7
reject,191
rejoin,33
relaid,2
relate,182
relays,15
relent,21
relics,34
relied,188
relief,932
relies,171
reline,1
relish,50
relive,37
reload,16
remade,19
remain,3089
remake,127
remand,57
remaps,0
remark,113
remedy,105
remelt,0
remind,291
remiss,12
remits,2
remold,0
remote,587
remove,931
rename,16
render,65
renege,7
renews,10
rennet,3
rennin,0
renown,11
rental,395
rented,143
renter,15
reopen,212
reorgs,0
repack,0
repaid,42
repair,548
repast,3
repave,3
repays,1
repeal,89
repeat,405
repels,4
repent,11
repine,0
replay,86
report,9669
repose,17
repute,2
reread,5
reruns,4
resale,66
rescue,826
reseal,2
reseed,2
resell,11
resent,20
resets,14
resewn,0
resews,0
reship,0
reside,87
resign,181
resins,5
resist,184
resold,7
resole,1
resort,399
resown,0
resows,0
rested,67
result,3203
resume,278
retail,936
retain,336
retake,33
retard,1
retell,2
retest,12
retied,0
reties,0
retina,12
retire,228
retold,9
retook,8
retool,8
retort,14
retrod,0
retros,0
return,4480
retype,0
reused,15
reuses,2
revamp,83
reveal,685
revels,6
revere,11
revers,0
revert,48
revery,0
review,1723
revile,0
revise,54
revive,138
revoke,39
revolt,34
revues,2
revved,7
reward,293
rewarm,0
rewash,0
reweds,0
rewind,13
rewire,4
reword,0
rework,12
rewove,1
rezone,6
rhesus,0
rheums,0
rheumy,0
rhinos,12
rhombi,0
rhymed,1
rhymer,1
rhymes,8
rhythm,155
ribald,1
ribbed,8
ribber,0
ribbon,76
ricers,0
richer,73
riches,33
richly,26
ricing,0
ricked,0
ridded,0
ridden,52
riddle,16
riders,249
ridged,3
ridges,17
riding,454
rifest,0
riffed,3
riffle,2
rifled,10
rifler,0
rifles,75
rifted,0
rigged,86
rigger,2
rights,2453
rigors,6
rigour,14
riling,4
riming,0
rimmed,3
ringed,8
ringer,8
rinsed,6
rinses,1
rioted,3
rioter,3
ripely,0
ripens,1
ripest,0
ripoff,1
ripost,0
ripped,191
ripper,4
ripple,55
ripply,0
ripsaw,0
risers,5
rising,1237
risked,58
risque,3
ritual,100
rivals,510
rivers,228
rivets,4
riving,0
riyals,2
roadie,2
roamed,12
roamer,0
roared,35
roarer,0
roasts,14
robbed,138
robber,22
robing,0
robins,4
robots,121
robust,619
rocked,117
rocker,19
rocket,320
rococo,1
rodent,27
rodeos,4
rogers,0
rogues,4
roiled,15
rolled,415
roller,82
romans,0
romeos,0
romped,13
romper,1
rondos,0
roofed,2
roofer,4
rooked,0
rookie,392
roomed,1
roomer,0
roosts,1
rooted,212
rooter,0
ropers,0
ropier,0
roping,11
rosary,16
rosier,6
rosily,0
rosins,0
roster,512
rostra,0
rotary,19
rotate,48
rotgut,0
rotors,3
rotted,6
rotten,41
rotund,2
rouble,1
rouged,0
rouges,2
roughs,1
rounds,529
roused,4
rouses,0
rousts,0
routed,29
router,58
routes,556
rovers,2
roving,11
rowels,0
rowers,10
rowing,69
royals,90
rubati,0
rubato,0
rubbed,33
rubber,155
rubble,128
rubier,0
rubies,4
rubles,5
rubric,6
ruckus,13
rudder,5
rudely,8
rudest,2
rueful,2
rueing,1
ruffed,1
ruffle,9
ruffly,0
rugged,82
rugrat,0
ruined,136
rulers,99
ruling,1080
rumbas,0
rumble,12
rummer,0
rumors,280
rumour,45
rumple,0
rumply,0
rumpus,4
runlet,0
runnel,0
runner,167
runoff,86
runway,173
rupees,35
rupiah,5
rushed,567
rusher,62
rushes,29
russet,1
rusted,9
rustic,45
rustle,2
rutted,2
sabers,0
sables,1
sabots,0
sabras,0
sabres,1
sachem,0
sachet,8
sacked,195
sacker,0
sacred,147
sacrum,0
sadden,1
sadder,8
saddle,29
sadism,3
sadist,0
safari,23
safely,501
safest,90
safety,3415
sagely,1
sagest,0
sagged,3
sahibs,0
sailed,69
sailor,32
saints,29
salaam,0
salads,68
salami,7
salary,486
saline,7
saliva,26
sallow,0
salmon,139
salons,22
saloon,18
salsas,1
salted,25
salter,0
salute,68
salved,1
salver,0
salves,0
salvos,3
sambas,0
sampan,0
sample,273
sancta,0
sandal,8
sanded,5
sander,1
sanely,0
sanest,0
sanity,37
sapped,10
sarans,0
sarape,0
sarees,4
sarges,0
sarong,3
sashay,1
sashes,0
sassed,1
sasses,0
satays,0
sateen,4
sating,0
satins,0
satiny,0
satire,59
satori,0
satrap,1
satyrs,1
sauced,0
saucer,5
sauces,39
saunas,7
sauted,1
sautes,0
savage,44
savant,8
savers,35
saving,576
savior,25
savors,0
savory,30
savour,24
savoys,0
sawfly,2
sawing,4
sawyer,0
saying,4568
scabby,1
scalds,0
scaled,74
scales,98
scalps,12
scampi,5
scamps,0
scants,0
scanty,1
scarab,1
scarce,62
scared,393
scares,52
scarfs,4
scarps,0
scenes,784
scenic,109
scents,41
scheme,1336
schism,7
schist,0
schizo,0
schlep,2
schmoe,0
schmos,0
schnoz,0
school,7315
schrod,0
schuss,0
schwas,0
scions,1
scoffs,2
scolds,7
sconce,1
scones,18
scoops,16
scoots,0
scoped,3
scopes,7
scorch,5
scored,2270
scorer,152
scores,584
scorns,0
scotch,16
scours,2
scouts,46
scowls,0
scrags,0
scrams,0
scrape,28
scraps,37
scrawl,2
scream,86
screen,1172
screes,0
screws,32
screwy,0
scribe,8
scrimp,1
scrims,0
scrips,0
script,370
scrods,0
scroll,65
scrota,0
scrubs,16
scruff,5
scubas,0
scuffs,8
sculls,8
sculpt,3
scummy,1
scurfs,0
scurfy,0
scurry,3
scurvy,4
scuzzy,1
scythe,5
seabed,26
sealed,216
sealer,6
seaman,3
seamed,0
seamen,4
seance,1
search,1847
seared,12
season,11064
seated,137
seaway,1
secant,0
secede,2
second,10072
secret,787
sector,2436
secure,1611
sedans,13
sedate,7
sedges,0
seduce,7
seeded,39
seeder,1
seeing,2097
seeker,19
seemed,1155
seemly,0
seeped,12
seesaw,8
seethe,0
segued,4
segues,2
seined,0
seiner,0
seines,0
seized,658
seizes,12
seldom,41
select,457
selfie,116
seller,127
selves,34
semens,0
senate,63
sender,19
senile,8
senior,2470
sennas,0
senora,0
senors,0
sensed,33
senses,81
sensor,148
sentry,3
sepals,1
sepias,0
sepses,0
sepsis,64
septet,2
septic,31
septum,2
sequel,350
sequin,14
serape,0
seraph,1
serene,61
serest,0
serges,0
serial,215
series,5048
serifs,0
sermon,28
serous,1
serums,12
served,2086
server,137
serves,898
servos,1
sesame,18
settee,3
setter,21
settle,469
setups,18
sevens,23
severe,1102
severs,1
sewage,202
sewers,23
sewing,47
sexier,8
sexily,1
sexing,0
sexism,53
sexist,48
sexpot,0
sextet,4
sexton,0
sexual,1492
shabby,10
shacks,10
shaded,17
shades,94
shadow,329
shafts,14
shaggy,9
shaken,138
shaker,13
shakes,74
shales,2
shalom,1
shaman,10
shamed,17
shames,3
shammy,0
shanks,1
shanty,8
shaped,219
shapes,148
shards,8
shared,3909
sharer,2
shares,27039
sharia,2
sharks,77
sharps,2
sharpy,0
shaved,43
shaven,4
shaver,5
shaves,1
shawls,1
shears,7
sheath,8
sheave,0
sheens,1
sheeny,0
sheers,0
sheets,170
sheikh,2
sheiks,0
shekel,1
shells,110
shelve,8
sherds,1
sherry,7
shewed,1
shield,143
shiest,0
shifts,276
shifty,9
shills,6
shimmy,4
shined,16
shiner,0
shines,99
shinny,2
shires,2
shirks,1
shirrs,0
shirts,112
shitty,9
shiver,7
shlepp,0
shleps,0
shlock,0
shoals,1
shoats,0
shocks,66
shoddy,10
shogun,2
shooed,1
shoots,140
shoppe,2
shored,5
shores,127
shorts,143
shorty,1
should,12488
shouts,54
shoved,66
shovel,31
shoves,16
showed,2607
shower,341
shrank,20
shreds,11
shrewd,22
shrews,2
shriek,3
shrift,2
shrike,1
shrill,4
shrimp,58
shrine,49
shrink,54
shrive,0
shroud,9
shrove,0
shrubs,57
shrugs,12
shrunk,45
shtick,6
shucks,0
shunts,1
shyest,0
shying,9
sibyls,0
sicced,2
sicked,0
sicken,1
sicker,11
sickie,2
sickle,14
sickly,7
sickos,2
siding,26
sidled,1
sidles,0
sieges,1
sienna,1
sierra,0
siesta,3
sieved,3
sieves,0
sifted,6
sifter,1
sighed,10
sights,167
sigmas,0
signal,390
signed,1720
signer,3
signet,4
signor,0
silage,13
silent,281
silica,12
silken,1
silted,3
silvan,0
silver,628
simian,0
simile,0
simmer,43
simony,0
simper,0
simple,2702
simply,1921
sinews,0
sinewy,1
sinful,12
singed,2
singer,929
singes,0
single,2766
singly,0
sinker,5
sinned,2
sinner,4
siphon,14
sipped,11
sipper,1
sirees,0
sirens,72
siring,0
sirree,0
sirups,0
sisals,0
sister,1169
sitars,0
sitcom,115
siting,16
sitter,10
situps,0
sixths,0
sizing,20
sizzle,20
skated,24
skater,19
skates,39
skeets,0
skeins,1
sketch,86
skewed,31
skewer,13
skiers,41
skiffs,0
skiing,102
skills,1695
skimps,1
skimpy,14
skinny,50
skirts,39
skivvy,1
skoals,0
skulks,0
skulls,19
skunks,2
skycap,0
skying,2
slacks,8
slaked,1
slakes,2
slalom,22
slangs,0
slangy,0
slants,3
slated,247
slates,9
slaved,1
slaver,0
slaves,72
slayer,4
sleaze,12
sleazy,8
sledge,5
sleeks,0
sleeps,41
sleepy,32
sleets,0
sleety,1
sleeve,62
sleigh,24
sleuth,9
slewed,0
sliced,70
slicer,2
slices,85
slicks,1
slider,33
slides,79
sliest,0
slight,354
slimes,1
slings,2
slinks,0
slinky,9
sliver,19
slogan,142
sloops,1
sloped,7
slopes,72
sloppy,45
sloths,3
slouch,10
slough,2
sloven,0
slowed,168
slower,198
slowly,490
sludge,7
sludgy,0
sluice,3
sluing,0
slummy,0
slumps,5
slurps,0
slurry,12
slushy,14
slutty,0
slyest,0
smacks,10
smalls,3
smarmy,2
smarts,17
smarty,1
smears,10
smeary,0
smells,93
smelly,19
smelts,1
smilax,0
smiled,93
smiles,164
smiley,11
smirch,0
smirks,3
smites,0
smiths,1
smithy,1
smocks,1
smoggy,3
smoked,93
smoker,17
smokes,9
smooch,7
smooth,434
smudge,7
smudgy,3
smugly,1
smutty,1
snacks,207
snafus,1
snails,21
snaked,7
snakes,83
snappy,16
snared,6
snares,5
snarky,12
snarls,4
snarly,0
snatch,43
snazzy,10
sneaks,13
sneaky,45
sneers,1
sneeze,12
snider,0
sniffs,2
sniped,1
sniper,37
snipes,0
snippy,1
snitch,5
snivel,0
snobby,5
snoods,2
snoops,0
snoopy,0
snoots,0
snooty,5
snooze,12
snored,0
snorer,0
snores,0
snorts,1
snotty,5
snouts,7
snowed,3
snuffs,0
snugly,4
soaked,60
soaped,0
soared,166
sobbed,13
sobers,0
soccer,446
social,6417
socked,2
socket,31
sodded,0
sodden,4
sodium,50
sodomy,6
soever,1
soften,45
softer,73
softie,1
softly,23
soigne,0
soiled,6
soiree,4
solace,83
solder,4
solely,294
solemn,43
solidi,0
solids,9
soling,0
soloed,0
solute,0
solved,127
solver,4
solves,28
somber,35
sombre,16
sonars,0
sonata,0
sonnet,0
sooner,262
soothe,33
sooths,0
sopped,0
sorbet,9
sordid,14
sorely,38
sorest,0
sorrel,2
sorrow,70
sorted,91
sorter,2
sortie,2
soughs,0
sought,922
sounds,781
souped,0
source,1687
soured,38
sourer,0
sourly,1
soused,0
souses,0
souths,0
soviet,3
sowers,0
sowing,35
spaced,20
spacer,2
spaces,934
spacey,3
spaded,1
spades,14
spadix,0
spanks,1
spared,96
sparer,0
spares,12
sparks,76
sparky,1
sparse,30
spasms,19
spates,0
spathe,0
spavin,0
spawns,4
spayed,12
speaks,747
spears,16
specie,0
specks,3
speech,1508
speeds,335
speedy,97
spells,205
spends,189
sperms,1
spewed,15
spewer,0
sphere,70
sphinx,1
spiced,36
spices,85
spider,66
spiels,0
spiffy,6
spigot,4
spiked,69
spikes,68
spills,63
spinal,93
spines,7
spinet,0
spiral,92
spirea,0
spires,6
spirit,928
spited,0
spites,0
splash,172
splats,0
splays,0
spleen,8
splice,0
splint,2
splits,51
spoils,25
spoilt,23
spoken,646
spokes,2
sponge,48
spongy,1
spoofs,1
spooks,3
spooky,96
spools,1
spoons,15
spoors,0
spored,0
spores,14
sports,1863
sporty,29
spotty,16
spouse,130
spouts,1
sprain,23
sprang,24
sprats,0
sprawl,26
sprays,28
spread,1230
sprees,7
sprier,0
sprigs,1
spring,1143
sprint,135
sprite,3
spritz,7
sprout,18
spruce,18
sprung,51
spryer,0
spryly,0
spumed,0
spumes,0
spunks,0
spunky,6
spurge,0
spurns,1
spurts,6
sputum,1
spying,38
squabs,0
squads,77
squall,4
square,706
squash,53
squats,14
squawk,1
squaws,0
squeak,5
squeal,4
squibs,0
squids,1
squint,4
squire,3
squirm,4
squirt,6
squish,1
stable,540
stably,3
stacks,30
stadia,6
staffs,37
staged,173
stages,588
stains,88
stairs,136
staked,28
stakes,337
staled,1
staler,0
stales,0
stalks,15
stalls,199
stamen,1
stamps,61
stance,441
stanch,2
stands,1242
stanza,15
staphs,0
staple,191
starch,17
stared,41
starer,0
stares,22
starry,19
starts,1227
starve,17
stated,2161
states,2827
static,79
statue,201
status,1228
staved,5
staves,2
stayed,647
steads,0
steady,382
steaks,41
steals,161
steams,7
steamy,34
steeds,0
steels,1
steely,13
steeps,1
steers,15
steins,0
stench,17
stenos,0
stents,2
steppe,5
stereo,30
sterna,0
sterns,0
stewed,6
sticks,177
sticky,90
stiffs,1
stifle,32
stigma,125
stiles,0
stills,16
stilts,4
stings,15
stingy,13
stinks,14
stinky,12
stints,55
stitch,19
stoats,1
stocks,933
stocky,10
stodgy,2
stogie,0
stoics,0
stoked,43
stoker,0
stokes,2
stolen,797
stoles,1
stolid,0
stolon,0
stomps,8
stoned,4
stoner,5
stones,161
stoney,0
stooge,6
stools,19
stoops,1
stored,241
stores,1008
storey,48
storks,2
storms,350
stormy,36
stoups,0
stouts,2
stoves,28
stowed,2
strafe,0
strain,315
strait,15
strand,25
straps,35
strata,12
strati,0
straws,21
strays,17
streak,458
stream,574
street,1610
streps,0
stress,807
strewn,38
strews,0
striae,0
strict,328
stride,84
strife,23
strike,1723
string,353
stripe,21
strips,66
stript,1
stripy,1
strive,165
strobe,5
strode,7
stroke,253
stroll,83
strong,4222
strops,0
strove,10
struck,1146
strums,1
strung,19
struts,5
stubby,2
stucco,2
studio,745
stuffs,5
stuffy,19
stumps,50
stumpy,0
stunts,70
stupid,227
stupor,2
sturdy,78
styled,61
styles,248
stylus,14
stymie,7
suaver,0
subbed,21
subdue,13
sublet,3
submit,388
suborn,0
subset,29
subtle,210
subtly,35
suburb,140
subway,105
succor,2
sucked,63
sucker,22
suckle,2
sudden,437
suedes,0
suffer,395
suffix,6
sugars,37
sugary,40
suited,148
suites,60
suitor,10
sulfas,0
sulfur,20
sulked,0
sullen,3
sultan,3
sultry,22
sumach,0
sumacs,0
summed,69
summer,3485
summit,468
summon,46
sundae,7
sunder,0
sundry,10
sunken,28
sunlit,6
sunned,0
sunset,104
suntan,0
sunups,0
superb,227
supers,1
supine,0
supped,0
supper,42
supple,9
supply,1819
surely,298
surest,8
surety,28
surfed,4
surfer,37
surged,226
surges,37
surrey,0
surtax,2
survey,985
sushis,1
sutler,0
suture,4
svelte,5
swains,0
swamis,0
swamps,9
swampy,5
swanks,0
swanky,16
swards,2
swarms,11
swatch,2
swathe,17
swaths,29
swayed,32
swears,17
sweats,20
sweaty,25
swedes,0
sweeps,49
sweets,84
swells,23
swerve,13
swifts,1
swills,0
swines,0
swings,131
swiped,22
swipes,17
swirls,6
swirly,0
switch,561
swivel,11
swoons,1
swoops,6
swoosh,2
swords,24
sylphs,0
sylvan,1
symbol,318
synced,5
synchs,0
synods,0
syntax,7
syphon,0
syrups,4
syrupy,6
system,5222
tabbed,8
tablas,0
tabled,69
tables,257
tablet,166
taboos,6
tabors,0
tabued,0
tacked,26
tacker,0
tackle,954
tactic,148
tagged,109
tagger,0
taigas,0
tailed,10
tailor,68
taints,2
takers,21
taking,5095
talcum,4
talent,1186
talked,752
talker,6
talkie,2
taller,78
tallow,4
talons,4
tamale,0
tamely,2
tamers,0
tamest,0
taming,9
tamped,1
tamper,19
tampon,4
tandem,82
tangle,20
tangos,1
tanked,15
tanker,82
tanned,9
tanner,3
tannin,1
tantra,0
tapers,2
taping,30
tapirs,1
tapped,141
tapper,0
tappet,0
target,5928
tariff,158
taring,0
tarmac,47
tarots,1
tarpon,0
tarred,5
tarsal,0
tarsus,0
tartan,15
tartar,3
tarter,1
tartly,0
tasers,7
tasked,276
tassel,4
tasted,66
taster,13
tastes,145
tatami,0
taters,0
tatted,1
tatter,0
tattle,0
tattoo,135
taught,517
taunts,16
taupes,0
tauten,0
tauter,0
tautly,0
tavern,17
tawdry,4
taxers,0
taxied,2
taxies,0
taxing,46
teacup,4
teamed,139
teapot,5
teared,0
teased,131
teasel,0
teaser,89
teases,50
techno,10
tedium,2
teeing,4
teemed,1
teensy,0
teepee,3
teeter,0
teethe,0
teller,14
temped,1
temper,57
temple,262
tempos,1
tempts,3
tenant,142
tended,75
tender,248
tendon,34
tenets,28
tennis,518
tenons,0
tenors,1
tenpin,4
tensed,3
tenser,1
tenses,0
tented,3
tenths,11
tenure,411
tepees,0
termed,79
termly,1
terror,374
terser,0
tested,555
tester,33
testes,6
testis,0
tetchy,3
tether,5
tetras,0
texted,68
thanes,0
thanks,1399
thatch,4
thawed,4
thefts,119
theirs,101
theism,1
theist,0
themes,320
thence,5
theory,412
theres,2
therms,1
theses,8
thesis,47
thetas,0
thicks,0
thieve,1
thighs,27
things,7291
thinks,657
thinly,26
thirds,50
thirst,49
thirty,70
tholes,0
thongs,2
thorax,0
thorns,3
thorny,16
though,4685
thrall,8
thrash,13
thread,135
threat,1593
threes,35
thresh,0
thrice,20
thrift,25
thrill,94
thrive,358
throat,148
throbs,1
throes,27
throne,119
throng,11
throve,0
thrown,500
throws,328
thrums,0
thrush,4
thrust,108
thumbs,49
thumps,4
thwack,2
thwart,55
thymes,0
thymus,0
tiaras,4
tibiae,0
tibial,1
tibias,0
ticked,51
ticker,16
ticket,1009
tickle,11
tidbit,7
tidied,6
tidier,2
tidies,0
tidily,0
tiding,0
tieing,0
tiered,18
tiffed,0
tigers,21
tights,32
tildes,0
tilers,1
tiling,5
tilled,2
tiller,2
tilted,23
timber,113
timbre,5
timely,284
timers,16
timing,346
tinder,3
tinged,10
tinges,1
tingle,2
tingly,4
tinier,2
tinker,11
tinkle,1
tinned,18
tinsel,11
tinted,21
tipped,167
tipper,3
tippet,0
tipple,6
tiptoe,1
tiptop,1
tirade,15
tiring,25
tissue,145
titans,25
titbit,0
tithed,1
tither,0
tithes,2
titian,0
titled,359
titles,632
titter,2
tittle,2
toasts,8
toasty,12
tocsin,0
todays,3
toddle,0
toecap,0
toeing,4
toffee,19
togaed,0
togged,0
toggle,29
toiled,10
toiler,2
toilet,283
tokens,101
toking,1
tolled,4
tomato,114
tombed,0
tomboy,3
tomcat,0
tomtit,0
toners,1
tonged,0
tongue,110
tonics,3
tonier,0
toning,4
tonnes,284
tonsil,2
tooled,0
tooted,0
tooter,0
toothy,1
tootle,0
topics,405
topped,281
topper,28
topple,32
toques,3
torahs,0
torpid,1
torpor,1
torque,79
torrid,20
torsos,1
tortes,1
tossed,130
tosses,16
tossup,2
totals,90
totems,3
toting,0
totted,0
totter,0
toucan,6
touche,0
touchy,7
toughs,1
toupee,2
toured,96
tousle,0
touted,135
toward,1618
towels,88
towers,99
towhee,0
towing,41
townie,0
toxins,45
toying,9
traced,115
tracer,4
traces,72
tracks,511
tracts,22
traded,1150
trader,94
trades,455
tragic,503
trails,216
trains,448
traits,138
tramps,1
trance,9
trashy,13
trauma,432
travel,2343
trawls,2
treads,6
treats,269
treaty,138
treble,31
tremor,21
trench,32
trends,578
trendy,65
triads,0
triage,17
trials,354
tribal,152
tribes,125
trices,0
tricks,151
tricky,235
triers,0
trifle,5
trikes,0
trilby,0
trills,1
trimly,0
tripes,0
triple,262
triply,0
tripod,17
triter,0
trivet,0
trivia,37
troika,0
trolls,64
trolly,2
tromps,0
troops,802
tropes,39
trophy,347
tropic,0
troths,0
trough,36
troupe,25
trouts,0
troves,4
trowed,0
trowel,4
truant,3
truces,1
trucks,470
trudge,3
truest,7
truing,0
truism,6
trumps,16
trunks,12
trusts,81
trusty,21
truths,85
trying,4087
tryout,14
trysts,1
tsetse,0
tubers,4
tubful,0
tubing,17
tubule,0
tucked,99
tucker,1
tufted,5
tufter,0
tugged,6
tulips,12
tulles,0
tumble,48
tumors,40
tumour,102
tumult,6
tundra,12
tuners,1
tuneup,2
tunics,3
tuning,65
tunnel,228
tuques,0
turban,3
turbid,1
turbos,2
turbot,1
tureen,1
turfed,6
turgid,4
turkey,143
turned,2429
turner,3
turnip,2
turret,11
turtle,44
turves,0
tushes,0
tusked,1
tussle,22
tutors,15
tutted,0
tuttis,0
tuxedo,16
twains,0
twangs,0
twangy,3
tweaks,59
tweeds,0
tweedy,1
tweets,74
twelve,434
twenty,96
twerks,1
twerps,0
twiggy,0
twilit,0
twills,0
twined,0
twiner,0
twines,0
twinge,3
twirls,2
twirly,2
twists,112
twisty,9
twitch,5
twofer,1
tycoon,44
typhus,2
typify,1
typing,46
typist,3
tyrant,24
udders,1
uglier,4
ukases,0
ulcers,15
ulster,0
ultimo,0
ultras,5
umbels,0
umbers,0
umbrae,0
umbras,0
umiaks,0
umlaut,0
umping,0
umpire,53
unable,1126
unbars,0
unbend,0
unbent,0
unbind,0
unbolt,0
unborn,57
uncaps,0
uncial,0
unclad,0
uncles,40
unclog,2
uncoil,0
uncool,8
uncork,1
uncurl,0
undies,7
undoes,2
undone,26
unduly,15
unease,28
uneasy,33
uneven,75
unfair,274
unfits,0
unfold,110
unfurl,11
unhand,0
unholy,13
unhook,1
unhurt,13
unions,332
unique,2241
unisex,9
unison,20
united,257
unites,40
unjust,54
unkind,10
unlace,0
unless,650
unlike,391
unload,20
unlock,234
unmade,2
unmake,0
unmans,0
unmask,8
unpack,23
unpaid,202
unpins,0
unplug,7
unread,7
unreal,38
unreel,0
unrest,165
unripe,3
unroll,2
unruly,30
unsafe,233
unsaid,4
unsays,0
unseal,1
unseat,26
unseen,62
unshod,0
unsnap,0
unsold,18
unstop,0
unsung,37
unsure,148
untidy,4
untied,4
unties,0
untold,37
untrod,0
untrue,42
unused,78
unveil,86
unwary,2
unwell,82
unwind,58
unwise,24
unworn,3
unwrap,3
unyoke,0
unzips,1
upbeat,88
update,1305
upends,4
upheld,142
uphill,91
uphold,183
upkeep,44
upland,9
uplift,85
upload,83
upmost,7
uppers,1
upping,30
uppish,0
uppity,1
uprear,0
uproar,45
uproot,11
upsets,36
upshot,8
upside,323
uptake,54
uptick,125
uptown,3
upturn,16
upward,154
upwind,2
uracil,0
urbane,1
urchin,2
uremia,0
uremic,0
ureter,0
urgent,576
urging,490
urinal,9
urines,0
ursine,1
usable,40
usages,0
useful,512
ushers,8
usuals,0
usurer,0
usurps,2
uterus,28
utmost,105
utopia,11
utters,4
uvulae,0
uvular,0
uvulas,0
vacant,276
vacate,60
vacuum,187
vagary,0
vagina,33
vaguer,4
vainer,0
vainly,2
valets,0
valise,0
valley,133
valors,0
valour,5
valued,6324
valuer,2
values,961
valved,0
valves,15
vamped,0
vandal,6
vanish,26
vanity,34
vanned,0
vaping,104
vapors,1
vapory,0
vapour,18
varied,194
varies,92
varlet,0
vassal,3
vaster,0
vastly,87
vatted,0
vaults,17
vaunts,0
vector,19
veejay,0
veered,44
vegans,15
vegged,0
vegges,0
veggie,18
veiled,18
veined,1
velars,0
veldts,0
vellum,0
velour,1
velvet,33
vended,1
vender,0
vendor,132
veneer,14
venial,0
venoms,0
venous,2
vented,18
venues,350
verbal,129
verged,0
verger,0
verges,20
verier,0
verify,203
verily,1
verity,0
vermin,15
vernal,5
versed,13
verses,32
versos,0
versus,450
vertex,0
verves,0
vesper,0
vessel,386
vestal,0
vested,46
vestry,0
vetoed,38
vetoes,15
vetted,36
vexing,12
viable,242
viably,0
viands,1
vicars,3
vicing,0
victim,1813
victor,19
vicuna,1
videos,971
viewed,393
viewer,147
vigils,17
vigors,0
vigour,16
viking,1
vilely,1
vilest,1
vilify,7
villas,26
villus,1
vinous,0
vinyls,2
violas,0
violet,16
violin,25
vipers,2
virago,0
vireos,0
virgin,34
virile,0
virtue,73
visaed,0
visage,8
viscid,0
viscus,0
vising,0
vision,1143
visits,536
visors,1
vistas,23
visual,458
vitals,9
vivace,0
vivify,0
vixens,0
vizier,1
vizirs,0
vizors,0
vocals,127
vodkas,7
vogues,0
voiced,211
voices,537
voided,8
voiles,0
volley,59
volume,897
volute,0
vomits,7
voodoo,6
vortex,9
votary,0
voters,2521
voting,1204
votive,0
vowels,7
vowing,63
voyage,69
voyeur,2
vulgar,21
vulvae,0
vulvas,2
wacker,0
wackos,0
wadded,0
waddle,1
waders,4
wading,26
wafers,10
waffle,21
wafted,4
wagers,29
wagged,0
waggle,0
waggon,0
waging,43
wagons,20
wailed,5
wailer,0
waists,2
waited,286
waiter,28
waived,58
waiver,66
waives,1
wakens,0
waking,105
waling,0
walked,877
walker,54
walled,27
wallet,149
wallop,8
wallow,5
walnut,15
walrus,3
wampum,0
wander,61
wangle,3
waning,36
wanner,0
wanted,4047
wanton,17
wapiti,0
warble,0
warded,1
warden,36
warder,1
warier,0
warily,2
warmed,38
warmer,238
warmly,52
warmth,209
warmup,11
warned,1640
warped,20
warred,0
warren,3
washed,162
washer,27
washes,39
wasted,174
waster,2
wastes,14
waters,480
watery,30
wattle,1
wavers,1
wavier,0
waving,105
waxier,0
waxing,14
waylay,3
weaken,124
weaker,115
weakly,7
wealth,744
weaned,7
weapon,577
wearer,15
weasel,3
weaved,15
weaver,4
weaves,21
webbed,3
webcam,23
wedded,7
wedged,19
wedges,16
wedgie,2
weeded,0
weeder,0
weeing,1
weekly,609
weened,0
weenie,0
weensy,0
weeper,0
weevil,1
weighs,99
weight,1275
weirdo,9
welded,8
welder,8
welkin,0
welled,4
welted,0
welter,0
wended,0
wetted,0
wetter,25
whacks,0
whacky,4
whaled,0
whaler,0
whales,109
whammy,17
wharfs,1
wheals,0
wheats,0
wheels,229
wheeze,0
wheezy,0
whelks,1
whelms,0
whelps,0
whence,2
wheres,0
wherry,0
whiffs,5
whiled,1
whiles,1
whilom,0
whilst,524
whimsy,9
whined,3
whiner,0
whines,2
whinny,0
whirls,1
whirrs,0
whisks,5
whisky,79
whists,0
whiten,1
whiter,4
whites,58
whitey,1
wholes,0
wholly,105
whoops,0
whoosh,0
whores,3
whorls,2
wicked,46
wicker,3
wicket,145
widely,694
widens,10
widest,24
widows,29
widths,12
wields,21
wiener,5
wienie,0
wifely,1
wigeon,0
wigged,0
wiggle,26
wiggly,2
wights,0
wiglet,0
wigwag,0
wigwam,0
wilder,5
wildly,120
wilful,9
wilier,0
wiling,0
willed,5
willow,14
wilted,9
wimple,0
winced,1
winces,0
winded,1
winder,1
window,1184
windup,0
winery,33
winged,17
winier,0
wining,5
winked,3
winker,0
winkle,0
winner,1358
winnow,1
winter,1437
wintry,53
wipers,9
wiping,49
wirier,0
wiring,35
wisdom,251
wisely,62
wisest,10
wished,215
wisher,1
wishes,392
withal,0
withed,0
wither,7
withes,0
within,5716
witted,0
wiving,0
wizard,33
wizzes,1
wobble,10
wobbly,11
woeful,19
wolfed,1
wolves,74
wombat,4
wonder,649
wonted,0
wonton,1
wooded,40
wooden,286
woodsy,3
wooers,0
woofed,0
woofer,1
wooing,12
woolen,2
woolie,0
woolly,11
worded,23
worked,3147
worker,689
workup,3
worlds,151
wormed,2
worsen,101
worses,0
worsts,0
worths,2
worthy,229
wounds,297
wowing,10
wracks,0
wraith,0
wrasse,2
wraths,1
wreaks,7
wreath,43
wrecks,15
wrench,32
wrests,0
wretch,1
wriest,0
wright,0
wrings,0
wrists,27
writer,628
writes,414
writhe,2
wrongs,28
wryest,0
wursts,0
wusses,0
xenons,0
xylems,0
yachts,16
yacked,0
yahoos,0
yakked,0
yammer,0
yanked,19
yapped,1
yarrow,0
yawing,0
yawned,1
yawner,0
yearly,118
yearns,7
yeasts,2
yeasty,1
yelled,80
yellow,584
yelped,0
yeoman,1
yeomen,0
yessed,0
yields,178
yipped,0
yippee,0
yodels,0
yogins,0
yogurt,43
yokels,0
yoking,0
yolked,0
yonder,3
youths,238
yowled,0
yuccas,0
yucked,0
yukked,0
yuppie,1
zanier,1
zanies,0
zapped,7
zapper,0
zealot,5
zebras,2
zenith,9
zephyr,0
zeroed,14
zeroes,11
zigzag,4
zinced,0
zinged,0
zinger,5
zinnia,0
zipped,12
zipper,10
zircon,0
zither,2
zlotys,1
zodiac,31
zombie,56
zombis,0
zoning,118
zonked,0
zoomed,22
zounds,0
zydeco,2
zygote,1
abalone,5
abandon,151
abashed,0
abashes,0
abasing,0
abating,15
abdomen,55
abducts,1
abetted,9
abetter,0
abettor,1
abiding,18
ability,2071
abjured,0
abjurer,0
abjures,0
ablated,0
ablates,0
abolish,41
aborted,22
abounds,10
abraded,0
abrades,0
abreast,13
abridge,1
abscess,0
abscond,6
abseils,0
absence,531
absents,0
absinth,0
absolve,11
absorbs,24
abstain,23
abusers,33
abusing,108
abusive,208
abutted,0
abysmal,28
abyssal,0
abysses,1
acacias,0
academe,2
academy,258
acanthi,0
acceded,2
accedes,2
accents,42
accepts,117
acclaim,90
accords,12
accosts,0
account,2125
accrual,1
accrued,29
accrues,2
accurst,0
accused,2114
accuser,24
accuses,80
acerbic,5
acetate,6
acetone,3
achenes,0
achiest,0
achieve,1165
acidify,0
acidity,31
acolyte,6
aconite,0
acquire,257
acquits,1
acreage,16
acrider,0
acridly,0
acrobat,4
acronym,34
acrylic,20
actings,0
actions,1655
actives,2
actress,661
actuary,1
actuate,2
acumens,0
acutely,45
acutest,0
adagios,0
adamant,101
adapted,170
adapter,33
adaptor,2
addable,0
addenda,0
addends,0
addible,0
addicts,37
addling,0
address,3060
adduced,2
adduces,0
adenine,0
adenoid,0
adeptly,4
adhered,31
adheres,23
adipose,1
adjoins,3
adjourn,17
adjudge,0
adjunct,25
adjured,0
adjures,0
adjusts,28
admiral,11
admired,78
admirer,20
admires,23
admixed,0
admixes,0
adopted,496
adopter,11
adorers,0
adoring,24
adorned,102
adrenal,9
adsorbs,0
adulate,0
advance,837
advents,0
adverbs,0
adverse,177
adverts,30
advices,0
advised,823
adviser,262
advises,164
advisor,191
aegises,0
aerated,8
aerates,0
aerator,1
aerials,0
aerobic,8
aerosol,11
affable,11
affably,0
affairs,422
affects,353
affirms,22
affixed,12
affixes,2
afflict,3
affords,15
affrays,0
affront,17
afghans,0
against,14999
ageisms,0
ageists,1
ageless,3
agendas,45
agilely,0
agility,64
agitate,10
agonies,5
agonize,3
aground,14
aileron,0
ailment,19
aimless,13
airbags,19
airbase,17
airdrop,9
airfare,12
airflow,38
airfoil,0
airhead,2
airiest,0
airings,1
airless,2
airlift,9
airline,382
airlock,2
airmail,1
airplay,15
airport,875
airship,2
airsick,0
airtime,14
airways,11
aitches,0
alarmed,70
albinos,1
albumen,1
albumin,0
alchemy,14
alcohol,836
alcoves,1
alembic,0
alerted,217
alertly,0
alewife,1
alfalfa,7
algebra,10
aliased,0
aliases,7
alibied,0
alights,1
aligned,224
aligner,0
aliment,0
alimony,4
alining,0
aliyahs,0
alkalis,0
allayed,5
alleged,1996
alleges,168
allegro,0
alleles,1
allergy,59
allover,0
allowed,2205
alloyed,0
alluded,40
alludes,10
allured,0
allures,0
alluvia,0
allying,2
almanac,2
almonds,26
almoner,0
aloofly,0
alpacas,9
already,6425
alright,69
altered,145
alumina,5
alumnae,1
alumnus,29
amalgam,4
amassed,120
amasses,1
amateur,126
amatory,0
amazing,1528
amazons,0
ambient,45
amblers,0
ambling,2
ameboid,0
amended,153
amenity,43
amerced,0
amerces,0
amiable,1
amiably,2
amities,0
ammeter,0
ammonia,33
amnesia,8
amnesic,0
amnesty,63
amnions,0
amoebae,0
amoebas,1
amoebic,0
amongst,313
amorous,1
amounts,501
amperes,0
amphora,1
amplest,0
amplify,85
ampoule,0
ampules,0
amputee,10
amulets,2
amusing,58
amylase,2
anaemia,9
anaemic,9
anagram,0
analogs,2
analogy,24
analyse,52
analyst,1261
analyze,130
anapest,0
anarchy,29
anatomy,17
anchors,54
anchovy,4
ancient,443
andante,0
andiron,0
android,10
anemias,0
anemone,3
angelic,13
angered,62
anginas,0
anglers,43
angling,24
angoras,0
angrier,4
angrily,28
anguish,36
angular,13
aniline,0
animals,1002
animate,10
animism,1
animist,2
anionic,0
aniseed,1
anklets,1
anneals,0
annelid,0
annexed,32
annexes,2
annoyed,86
annuals,3
annuity,14
annular,4
anodize,0
anodyne,3
anoints,1
anomaly,58
anoraks,0
another,9597
answers,597
antacid,0
anteing,0
antenna,15
anthems,22
anthers,0
anthill,1
anthrax,3
antigen,6
antique,61
antiwar,9
antlers,5
antonym,0
antsier,0
anxiety,517
anxious,200
anybody,464
anymore,447
anytime,209
anywise,0
apatite,0
apelike,0
aphasia,6
aphasic,0
aphelia,0
apishly,0
aplenty,15
aplombs,0
apogees,0
apology,265
apostle,5
appalls,1
apparel,112
appeals,267
appears,1355
appease,32
appends,0
applaud,58
applets,1
applied,671
applier,0
applies,211
appoint,137
apposed,1
apposes,0
apprise,3
apprize,0
approve,298
apricot,14
apropos,2
aptness,0
aquaria,0
aquatic,53
aquavit,0
aqueous,3
aquifer,19
arbiter,13
arbours,0
arbutus,0
arcades,14
archaic,29
archers,6
archery,34
archest,0
arching,4
archive,62
archway,7
arcking,0
arctics,0
ardours,0
arduous,38
argents,0
arguers,0
arguing,331
argyles,0
aridity,0
arising,64
armadas,0
armband,20
armfuls,0
armhole,0
armlets,0
armored,61
armorer,11
armours,0
armoury,3
armpits,10
armrest,3
armsful,0
arousal,10
aroused,14
arouses,3
arraign,1
arrange,113
arrases,0
arrayed,5
arrears,63
arrests,363
arrival,744
arrived,1599
arrives,310
arroyos,0
arsenal,87
arsenic,13
article,1271
artiest,0
artisan,39
artiste,15
artists,1052
artless,0
artsier,0
artwork,228
ascends,9
ascents,0
ascetic,2
ascribe,3
aseptic,0
asexual,7
ashamed,111
ashcans,0
ashiest,0
ashlars,0
ashrams,2
ashtray,1
asinine,6
askance,1
asocial,1
aspects,553
asphalt,57
aspired,13
aspires,16
aspirin,10
assails,0
assault,1266
assayed,1
assayer,0
assents,1
asserts,45
asshole,23
assigns,12
assists,733
assizes,1
assorts,0
assuage,17
assumed,358
assumes,61
assured,503
assures,48
asthmas,0
astound,1
astride,0
astuter,0
asunder,2
asylums,6
atavism,0
atavist,0
ataxias,0
ataxics,0
atelier,2
atheism,4
atheist,14
athirst,0
athlete,306
athwart,1
atlases,0
atomize,0
atoning,2
atriums,0
atrophy,10
attache,3
attacks,1786
attains,3
attempt,1600
attends,150
attests,6
attired,2
attires,5
attract,437
attuned,20
attunes,1
auburns,0
auction,394
audible,20
audibly,10
audited,26
auditor,51
augment,34
augured,0
aunties,8
aurally,1
aureola,0
aureole,0
auricle,0
aurorae,0
auroras,11
auspice,0
austere,10
austral,1
authors,247
autisms,0
autopsy,91
autumns,1
availed,14
avarice,0
avatars,19
avenged,5
avenger,2
avenges,0
avenues,129
average,8782
averred,9
averted,29
aviator,14
avidity,0
avionic,0
avocado,47
avoided,267
avowals,0
avowing,0
awaited,76
awakens,12
awaking,1
awarded,794
awesome,238
awfully,16
awkward,158
awnings,3
axially,0
axolotl,0
azaleas,6
azimuth,0
babbled,0
babbler,0
babbles,0
babiest,0
baboons,3
babying,0
babyish,1
babysat,6
babysit,9
bacilli,0
backbit,0
backers,71
backhoe,6
backing,450
backlog,107
backups,40
baddest,6
baddies,9
badgers,11
badness,1
baffled,53
baffler,0
baffles,7
bagfuls,0
baggage,75
baggier,0
baggies,6
baggily,0
bagging,25
bagpipe,2
bagsful,0
bailiff,6
bailing,11
bailout,17
baiting,9
baklava,11
balance,1273
balboas,0
balcony,158
baldest,0
balding,8
baldric,0
baleens,0
baleful,1
balkier,0
balking,1
ballads,20
ballast,9
ballets,5
balling,3
balloon,106
ballots,423
balmier,0
baloney,1
balsams,0
bamboos,2
banally,0
bananas,51
bandage,22
bandana,6
bandbox,0
bandeau,2
bandied,8
bandier,0
bandies,0
banding,9
bandits,111
baneful,1
banging,49
bangles,5
banjoes,0
bankers,36
banking,449
banners,81
banning,184
bannock,0
banquet,39
banshee,3
banshie,0
bantams,0
banters,0
banyans,0
banzais,0
baobabs,1
baptism,24
baptize,1
barbell,5
barbels,0
barbers,11
barbing,0
barfing,0
bargain,152
barging,7
barhops,0
barista,16
bariums,0
barkeep,0
barkers,2
barking,33
barleys,0
barmaid,2
baronet,2
baroque,16
barques,0
barrack,3
barrage,129
barrels,144
barrens,4
barrier,271
barring,67
barrios,4
barroom,1
barrows,3
barters,0
baryons,0
basally,0
basalts,1
baseman,120
basemen,3
bashful,1
bashing,21
baskets,71
basking,17
bassets,0
bassist,36
bassoon,3
bastard,12
basters,0
basting,0
bastion,35
batched,1
batches,34
bathers,3
bathing,71
bathmat,0
bathtub,33
batiste,0
batsman,25
batsmen,15
battens,1
batters,128
battery,936
battier,0
batting,162
battled,180
battler,4
battles,335
baubles,7
baulked,1
bauxite,1
bawdier,0
bawdily,0
bawling,3
bayonet,2
bazaars,1
bazooka,1
beached,10
beaches,322
beacons,9
beadier,0
beading,6
beadles,0
beagles,1
beakers,0
beaming,40
beanbag,4
beanies,3
beaning,0
bearded,13
bearers,15
bearing,158
bearish,54
beastly,6
beaters,4
beatify,0
beating,783
beatnik,0
beavers,17
becalms,0
because,15375
beckons,21
becloud,0
becomes,962
bedaubs,0
bedbugs,5
bedding,77
bedecks,0
bedevil,1
bedizen,0
bedlams,0
bedpans,0
bedpost,0
bedrock,56
bedroll,0
bedroom,496
bedside,43
bedsore,0
bedtime,54
beeches,2
beefier,2
beefing,10
beehive,10
beeline,14
beepers,2
beeping,1
beerier,0
beeswax,9
beetled,0
beetles,19
befalls,2
befouls,0
beggars,12
beggary,0
begging,104
begonia,0
begrime,0
beguile,0
beguine,0
behaved,38
behaves,28
beheads,0
behests,0
behinds,2
beholds,0
behoove,4
bejewel,0
belabor,0
belated,10
belayed,0
belched,2
belches,1
beliefs,267
believe,3905
bellboy,0
bellhop,0
bellied,1
bellies,10
belling,0
bellman,1
bellmen,0
bellows,2
belongs,180
beloved,786
belting,16
beltway,1
belugas,2
belying,4
bemired,0
bemires,0
bemoans,5
bemused,16
bemuses,0
benched,31
benches,80
benders,0
bending,38
beneath,234
benefit,1756
benumbs,0
benzene,9
benzine,0
bequest,3
berated,18
berates,5
bereave,0
berried,0
berries,58
berserk,10
berthed,4
beseech,4
beseems,0
besides,148
besiege,2
besmear,0
bespeak,0
bespoke,88
bestial,1
besting,9
bestirs,0
bestows,6
bestrew,0
bestrid,0
betaken,0
betakes,0
bethink,0
betided,0
betides,1
betimes,0
betoken,0
betrays,10
betroth,0
betters,3
betting,459
bettors,56
between,11702
betwixt,1
beveled,0
bewails,0
bewared,0
bewares,0
bewitch,0
biasing,0
biassed,0
bicarbs,0
bickers,0
bicycle,106
bidders,31
biddies,0
bidding,115
biennia,0
bifocal,1
biggest,2598
biggies,2
biggish,1
bighead,0
bighorn,1
bigness,0
bigoted,16
bigotry,29
bigwigs,9
bikinis,11
bilious,0
bilkers,0
bilking,1
billets,1
billies,0
billing,88
billion,6086
billows,2
billowy,2
bimboes,0
binders,7
bindery,0
binding,85
binging,8
binning,2
biology,95
biomass,33
bionics,0
biopics,4
biotins,0
bipedal,5
biplane,3
bipolar,25
birched,0
birches,2
birders,3
birdied,9
birdies,51
birding,8
biretta,0
birthed,18
birther,4
biscuit,37
bisects,3
bishops,79
bismuth,2
bisques,0
bistros,0
bitched,0
bitches,2
bitcoin,119
bittern,1
bitters,4
bittier,0
bitumen,5
bivalve,1
bivouac,1
bizarre,215
blabbed,2
blabber,0
blacked,16
blacken,1
blacker,1
blackly,0
bladder,60
blaming,132
blander,2
blandly,4
blanked,16
blanker,1
blanket,183
blankly,0
blaring,16
blarney,0
blasted,134
blaster,3
blatant,97
blather,1
blazers,5
blazing,41
blazons,0
bleaker,5
bleakly,2
bleated,0
bleeder,0
bleeped,2
bleeper,0
blemish,13
blended,73
blender,40
blessed,206
blesses,5
blights,0
blinded,22
blinder,8
blindly,24
blinked,2
blinker,1
blintze,0
blisses,0
blister,6
blither,0
blitzed,18
blitzes,7
bloated,32
blobbed,0
blocked,595
blocker,34
blogged,1
blogger,38
blonder,1
blondes,1
blooded,2
bloomed,8
bloomer,4
blooped,0
blooper,4
blossom,50
blotchy,2
blotted,2
blotter,3
bloused,0
blouses,6
blowers,9
blowfly,2
blowgun,0
blowier,0
blowing,147
blowout,58
blowups,1
blubber,3
blueing,0
blueish,1
bluejay,0
bluffed,0
bluffer,0
bluffly,0
bluings,0
blunder,36
blunted,9
blunter,0
bluntly,34
blurred,39
blurted,5
blushed,2
blusher,2
blushes,8
bluster,13
boarded,98
boarder,3
boasted,108
boaster,0
boaters,17
boating,40
boatman,2
boatmen,1
bobbies,4
bobbing,5
bobbins,0
bobbled,4
bobbles,3
bobcats,11
bobsled,3
bobtail,0
boccies,0
bodegas,2
bodices,1
bodkins,0
bogeyed,5
boggier,0
bogging,2
boggled,0
boggles,6
bogyman,0
bogymen,0
boilers,23
boiling,84
boldest,8
boleros,0
bolivar,0
bologna,5
boloney,0
bolster,195
bolting,8
boluses,0
bombard,4
bombast,2
bombers,45
bombing,189
bonanza,10
bonbons,1
bondage,16
bonding,69
bondman,0
bondmen,0
boneyer,0
bonfire,41
bonging,0
bongoes,0
boniest,0
bonitos,0
bonkers,34
bonnets,2
bonnier,0
bonuses,172
boobies,0
boobing,0
booboos,0
boodles,0
boogied,2
boogies,0
boohoos,0
bookend,8
bookies,17
booking,285
bookish,3
booklet,17
boombox,3
booming,100
boonies,2
boorish,2
boosted,1910
booster,92
bootees,0
booties,4
booting,8
bootleg,4
boozers,10
boozier,0
boozing,5
bopping,2
boraxes,0
borders,377
boredom,19
borough,234
borrows,5
borscht,1
borzois,0
bossier,0
bossily,0
bossing,3
bossism,1
botanic,1
botched,53
botcher,0
botches,0
bothers,20
bottled,59
bottler,0
bottles,275
bottoms,53
boudoir,2
boulder,21
bounced,151
bouncer,17
bounces,21
bounded,6
bounden,0
bounder,0
bouquet,41
bourbon,24
bovines,0
bowlder,0
bowlegs,0
bowlers,86
bowlful,1
bowline,0
bowling,171
bowwows,0
boxcars,0
boxiest,0
boxings,0
boxlike,0
boxwood,0
boycott,106
boyhood,26
bracero,0
bracers,0
bracing,59
bracken,2
bracket,99
bragged,28
bragger,0
braided,17
braille,6
brained,0
braised,9
braises,0
braking,55
bramble,3
brambly,0
branded,262
brander,1
brasher,0
brashly,1
brasses,1
bravado,11
bravely,71
bravery,116
bravest,9
braving,21
bravura,5
brawled,18
brawler,5
braying,0
brazens,0
brazers,0
brazier,1
brazing,0
breaded,8
breadth,58
breaker,30
breakup,81
breasts,73
breathe,206
breaths,21
breathy,1
breeder,13
breezed,9
breezes,12
brevets,0
brevity,4
brewers,17
brewery,80
brewing,95
brewpub,3
bribers,0
bribery,84
bribing,9
bricked,6
bridals,0
bridged,6
bridges,211
bridled,0
bridles,1
briefed,91
briefer,2
briefly,298
brigade,71
brigand,0
brights,2
brimful,0
brimmed,3
brindle,0
bringer,1
brinier,0
brioche,14
briquet,0
brisked,0
brisker,1
brisket,19
briskly,4
bristle,8
bristly,0
brittle,15
broaden,55
broader,730
broadly,183
brocade,2
brogans,0
brogues,1
broiled,5
broiler,8
brokers,77
bromide,1
bromine,1
bronchi,1
broncho,0
broncos,0
bronzed,7
bronzes,6
brooded,2
brooder,0
brooked,1
brothel,13
brother,1462
brought,2920
browned,14
browner,1
brownie,8
browsed,5
browser,117
browses,1
bruised,39
bruiser,3
bruises,54
bruited,0
brunets,0
brushed,65
brushes,34
brusker,0
brusque,1
brutish,5
bubbled,8
bubbles,53
buckets,60
buckeye,0
bucking,19
buckled,18
buckler,0
buckles,8
buckram,0
bucksaw,0
bucolic,5
buddies,40
budding,58
budgets,257
budgies,3
budging,3
buffalo,20
buffers,7
buffets,6
buffing,3
buffoon,2
bugaboo,3
bugbear,2
buggers,1
buggier,0
buggies,7
bugging,7
buglers,0
bugling,1
builder,86
buildup,53
bulbous,8
bulgier,0
bulging,10
bulimia,9
bulimic,0
bulkier,4
bulking,4
bulldog,18
bullets,121
bullied,70
bullies,41
bulling,0
bullion,10
bullish,142
bullock,1
bullpen,83
bulrush,0
bulwark,9
bumbled,0
bumbler,1
bumbles,0
bummers,2
bummest,0
bumming,0
bumpers,13
bumpier,1
bumping,21
bumpkin,1
bunched,4
bunches,8
buncoed,0
bundled,51
bundles,50
bungees,0
bunging,0
bungled,2
bungler,0
bungles,1
bunions,2
bunkers,22
bunking,0
bunkums,0
bunnies,6
bunting,8
buoyant,27
buoying,2
burbled,0
burbles,1
burdens,58
burdock,0
bureaus,14
bureaux,1
burgeon,0
burgers,95
burgher,0
burglar,22
burgled,11
burgles,0
burials,24
burlaps,0
burlier,0
burners,15
burning,384
burnish,4
burnous,0
burnout,53
burping,2
burring,0
burrito,17
burrows,9
bursars,1
bursary,16
bursted,1
burying,32
busbies,0
busboys,0
busgirl,0
bushels,6
bushier,1
bushing,1
bushman,1
bushmen,0
busiest,145
busings,0
buskins,0
bussing,4
busters,3
bustier,4
busting,24
bustled,1
bustles,3
busying,0
butanes,0
butcher,39
butches,0
butlers,4
butters,2
buttery,26
butting,5
buttock,2
buttons,151
buyback,98
buyouts,7
buzzard,1
buzzers,1
buzzing,117
byelaws,1
bygones,7
bylines,4
bypaths,0
byplays,0
byroads,0
bywords,0
cabalas,0
cabanas,2
cabaret,22
cabbage,29
cabbies,2
cabbing,0
cabinet,558
cabling,7
caboose,3
cachets,0
caching,3
cackled,1
cackler,0
cackles,1
cadaver,9
caddied,2
caddies,4
caddish,1
cadence,23
cadenza,0
cadgers,0
cadging,0
cadmium,11
caducei,0
caesura,0
caftans,3
cagiest,0
cahoots,2
caimans,0
caisson,1
caitiff,0
cajoled,3
cajoler,0
cajoles,0
calcify,0
calcine,0
calcite,0
calcium,61
calculi,0
caldera,6
caldron,0
caliber,33
calibre,30
calicos,0
caliper,0
caliphs,0
calking,0
callers,21
calling,1858
callous,27
calmest,2
calming,81
caloric,5
calorie,49
calumet,0
calumny,2
calving,5
calyces,0
calypso,5
calyxes,0
cambers,0
cambial,0
cambium,2
cambric,0
cameras,614
campers,50
camphor,2
campier,0
camping,166
canapes,4
canards,2
canasta,1
cancans,0
cancels,9
cancers,99
candied,7
candies,22
candled,0
candler,0
candles,115
candors,0
candour,9
canines,9
cankers,1
cannery,2
cannier,0
cannily,0
canning,13
cannons,29
canolas,0
cantata,0
canteen,27
canters,0
canting,0
cantons,1
cantors,0
canvass,13
canyons,11
capable,655
capably,5
capered,0
capital,1975
capitol,17
caplets,0
capping,43
caprice,0
capsize,3
capstan,0
capsule,92
captain,699
caption,221
captive,70
captors,12
capture,524
caracul,0
carafes,1
caramel,37
caravan,98
caravel,0
caraway,1
carbide,3
carbine,3
carbons,0
carboys,0
carcass,32
carders,0
cardiac,148
carding,8
cardios,0
careens,0
careers,375
careful,428
carfare,0
cargoes,11
carhops,0
caribou,10
carings,0
carious,0
carjack,2
carload,1
carmine,1
carnage,43
carneys,0
carnies,1
caroled,0
caroler,0
caromed,3
carotid,1
carouse,0
carpals,0
carpels,0
carpers,0
carpets,50
carping,0
carpool,4
carport,4
carrell,0
carrels,0
carried,1383
carrier,273
carries,384
carrion,1
carrots,46
carroty,0
carsick,0
cartage,0
cartels,43
carters,0
carting,2
cartons,12
cartoon,73
carvers,1
carving,50
casabas,0
cascade,28
cascara,0
caseins,1
cashews,11
cashier,26
cashing,29
casings,25
casinos,130
caskets,2
cassava,15
cassias,0
cassino,0
cassock,1
casters,3
casting,285
castled,2
castles,30
castoff,0
castors,1
casuals,2
casuist,0
catalog,83
catalpa,0
catarrh,0
catbird,1
catboat,0
catcall,0
catcher,81
catches,246
catchup,2
catered,34
caterer,10
catfish,17
catguts,0
cathode,6
cations,1
catkins,1
catlike,0
catnaps,0
catnips,0
catsups,0
cattail,0
cattier,0
cattily,0
catwalk,17
caulked,1
caulker,0
causers,0
causing,1190
caustic,11
caution,285
cavalry,8
caveats,23
caveman,2
cavemen,2
caverns,11
caviare,0
caviars,0
caviled,0
caviler,0
cavings,0
cavorts,0
cayenne,6
caymans,0
cayuses,0
ceasing,7
cedilla,0
ceiling,231
celesta,1
cellars,5
cellist,7
cementa,0
cements,13
censers,0
censors,5
censure,19
centaur,2
centavo,0
centers,509
centime,0
central,1687
centred,76
centres,479
century,1016
ceramic,47
cereals,26
cerebra,0
cerises,0
ceriums,0
cermets,0
certain,2074
certify,60
cesiums,0
cession,0
chaffed,0
chafing,3
chagrin,16
chained,16
chaired,99
chaises,0
chalets,11
chalice,4
chalked,35
challis,0
chamber,259
chamois,0
chamoix,0
champed,0
chanced,1
chancel,2
chances,965
chancre,0
changed,1788
changer,58
changes,2957
channel,521
chanson,1
chanted,88
chanter,0
chantey,0
chaoses,0
chaotic,187
chapeau,0
chapels,3
chaplet,0
chapped,2
chapter,502
charade,11
charged,1974
charger,102
charges,2150
charier,0
charily,0
chariot,16
charity,1259
charmed,20
charmer,1
charred,47
charted,12
charter,155
chasers,10
chasing,224
chassis,46
chasten,0
chaster,0
chateau,5
chatted,54
chattel,4
chatter,48
cheapen,1
cheaper,416
cheaply,27
cheated,74
cheater,5
checked,381
checker,9
checkup,14
cheddar,24
cheeked,0
cheeped,0
cheered,109
cheerer,1
cheerio,0
cheeses,37
cheetah,15
chemise,0
chemist,16
chequer,0
cheques,28
cherish,92
cheroot,0
cherubs,2
chervil,0
chesses,0
chested,2
cheviot,0
chevron,0
chewers,0
chewier,0
chewing,29
chicane,4
chicest,1
chichis,0
chicken,563
chicles,0
chicory,1
chidden,0
chiding,1
chiefer,0
chiefly,17
chiffon,3
chigger,0
chignon,1
chilies,3
chilled,33
chiller,8
chimera,0
chimers,0
chiming,4
chimney,42
chinked,0
chinned,0
chintzy,1
chipped,69
chipper,9
chirped,2
chirrup,0
chisels,3
chitins,0
chloral,0
chocked,0
choicer,0
choices,582
chokers,1
choking,44
cholera,46
cholers,1
chomped,1
chooser,0
chooses,123
choosey,1
chopped,67
chopper,20
chorale,1
chorals,0
chordal,0
choreas,0
choroid,0
chortle,0
chowder,4
chowing,5
chrisms,0
chromed,0
chromes,0
chronic,276
chucked,15
chuckle,42
chugged,1
chukkas,0
chummed,0
churned,9
churner,0
chutney,15
chutzpa,0
cicadae,0
cicadas,23
cigaret,0
cinched,5
cinches,1
cinders,0
cinemas,58
ciphers,0
circled,36
circles,153
circlet,0
circuit,183
cirques,0
cistern,2
citadel,4
citizen,366
citrons,0
citrous,0
civilly,5
civvies,1
clacked,0
claimed,2506
claimer,1
clamber,3
clammed,1
clamors,0
clamour,16
clamped,16
clanged,0
clangor,0
clanked,0
clapped,28
clapper,3
claques,0
clarets,0
clarify,146
clarion,11
clarity,278
clashed,85
clashes,165
clasped,7
classed,50
classes,704
classic,1022
clatter,5
clausal,0
clauses,43
clavier,0
clawing,9
clayier,0
cleaned,136
cleaner,205
cleanly,16
cleanse,25
cleanup,75
cleared,483
clearer,129
clearly,1286
cleaved,3
cleaver,6
cleaves,1
clement,0
clerics,18
clerked,1
clewing,0
cliched,6
cliches,7
clicked,40
clicker,1
clients,852
climate,2176
climbed,232
climber,20
clinger,0
clinics,176
clinked,3
clinker,1
clipped,34
clipper,4
cliques,3
cliquey,1
cloacae,0
cloacas,0
cloaked,14
clobber,5
cloches,1
clocked,71
clogged,31
clomped,0
cloning,14
clonked,0
clopped,0
closely,875
closest,297
closets,16
closeup,3
closing,872
closure,815
clothed,16
clothes,535
clotted,4
cloture,1
clouded,15
clouted,0
clovers,2
clowned,0
cloying,3
clubbed,9
clucked,0
clueing,0
clumped,0
clunked,1
clunker,2
cluster,117
clutter,33
coached,151
coaches,606
coaling,1
coarsen,0
coarser,4
coastal,399
coasted,8
coaster,49
coating,40
coaxers,0
coaxial,6
coaxing,8
cobalts,0
cobbled,16
cobbler,7
cobbles,13
cobwebs,15
cocaine,381
cocains,0
cochlea,2
cockade,0
cockier,0
cockily,0
cocking,0
cockles,5
cockney,2
cockpit,45
coconut,94
cocoons,3
coddled,3
coddles,1
codeine,9
codfish,0
codgers,0
codices,0
codicil,1
coequal,0
coerced,29
coercer,0
coerces,2
coevals,0
coexist,24
coffees,38
coffers,46
coffins,18
cogency,2
cognacs,0
cognate,0
cohabit,2
coheirs,0
cohered,0
coheres,0
cohorts,27
coiffed,3
coifing,0
coiling,1
coinage,6
coiners,0
coining,5
coldest,44
colicky,0
colitis,8
collage,22
collard,3
collars,14
collate,3
collect,459
colleen,0
college,1724
collide,39
collier,0
collies,0
colloid,3
collude,6
cologne,7
colonel,25
colones,0
colored,64
colossi,0
colours,282
coltish,0
columns,66
comaker,0
combats,6
combers,0
combine,234
combing,16
comedic,102
comfier,2
comfits,0
comfort,683
comical,25
comings,4
command,420
commend,83
comment,1984
commies,1
commits,41
commode,0
commons,9
commune,15
commute,113
compact,179
company,14016
compare,265
compass,43
compeer,0
compels,8
compete,798
compile,25
comping,0
complex,1273
comport,2
compose,21
compost,61
compote,5
compute,22
comrade,5
concave,2
conceal,74
concede,97
conceit,5
concept,654
concern,1462
concert,688
conches,0
concise,196
concoct,6
concord,2
concurs,8
concuss,0
condemn,146
condign,0
condoes,0
condole,2
condoms,28
condone,24
condors,0
conduce,1
conduct,873
conduit,22
confabs,0
confers,4
confess,36
confide,6
confine,9
confirm,561
conform,36
confuse,32
confute,0
congaed,0
congeal,3
congers,0
congest,1
conical,4
conifer,1
conjoin,0
conjure,22
conking,1
connect,730
conning,5
connive,1
connote,1
conquer,52
consent,387
consign,2
consist,87
console,173
consort,7
consuls,1
consult,150
consume,160
contact,1833
contain,431
contemn,0
contend,111
content,1897
contest,957
context,603
contort,3
contour,13
control,3241
contuse,0
convene,49
convent,21
convert,245
conveys,22
convict,83
convoke,1
convoys,31
cookers,10
cookery,28
cookies,125
cooking,585
cookout,8
coolant,11
coolers,16
coolest,59
coolies,1
cooling,238
coopers,1
cooping,0
cooties,0
copiers,0
copilot,3
copings,1
copious,15
coppers,4
coppery,1
coppice,0
copping,6
copters,0
copulae,0
copulas,0
copycat,14
copying,42
copyist,0
coracle,0
corbels,1
cordage,0
cordial,20
cording,0
cordite,0
cordons,8
corkers,0
corking,0
corncob,0
corneal,2
corneas,1
corners,223
cornets,0
cornice,2
cornier,0
cornily,0
corning,0
cornrow,0
corolla,0
coronae,0
coronal,9
coronas,0
coroner,131
coronet,0
corpora,2
corpses,31
corrals,1
correct,524
corrode,1
corrupt,214
corsage,2
corsair,0
corsets,0
cortege,7
cosiest,1
cosigns,0
cosines,0
cosplay,33
cossets,0
costars,11
costing,202
costume,212
coterie,5
cottage,128
cottars,0
cotters,0
cottons,0
cottony,0
couched,2
couches,20
cougars,3
coughed,13
coulees,0
coulomb,0
council,3305
counsel,326
counted,251
counter,418
country,7939
coupled,183
couples,321
couplet,3
coupons,12
courage,333
courier,24
coursed,1
courser,0
courses,439
courted,26
courtly,4
cousins,104
couture,24
covered,1085
coverts,0
coverup,1
coveted,139
cowards,4
cowbell,4
cowbird,0
cowboys,18
cowered,4
cowgirl,10
cowhand,0
cowherd,2
cowhide,1
cowlick,1
cowling,1
cowpoke,0
cowries,0
cowslip,1
coxcomb,0
coyness,0
coyotes,22
cozened,0
coziest,1
crabbed,0
crabber,0
cracked,118
cracker,27
crackle,7
crackly,1
crackup,0
cradled,7
cradles,6
crafted,193
crammed,36
cramped,40
crampon,0
cranial,1
craning,1
cranium,1
cranked,10
crapped,1
crappie,4
crashed,393
crashes,209
crasser,0
crassly,1
craters,17
crating,1
cravats,0
cravens,0
craving,55
crawdad,0
crawled,11
crawler,3
crayons,10
crazier,13
crazies,2
crazily,2
crazing,0
creaked,1
creamed,3
creamer,2
creased,5
creases,8
created,2035
creates,461
creator,301
creches,0
credits,393
creeped,4
creeper,2
cremate,1
creoles,0
cresses,0
crested,11
cretins,1
crevice,7
crewels,0
crewing,1
crewman,2
crewmen,4
cribbed,3
cribber,0
cricked,1
cricket,409
crimped,0
crimson,17
cringed,4
cringes,0
crinkle,2
crinkly,1
cripple,17
crisped,1
crisper,6
crisply,2
critics,498
critter,6
croaked,0
crochet,25
crocked,0
cronies,22
crooked,25
crooned,2
crooner,21
cropped,42
cropper,0
croquet,3
crosier,2
crossed,375
crosser,2
crosses,113
crossly,0
crouton,0
crowbar,7
crowded,195
crowing,3
crowned,157
crozier,0
crucial,1675
crucify,2
crudely,4
crudest,0
crudity,0
crueler,2
cruelly,23
cruelty,96
cruised,46
cruiser,34
cruises,24
cruller,0
crumbed,1
crumble,31
crumbly,5
crumpet,5
crumple,0
crunchy,39
crupper,0
crusade,33
crushed,154
crusher,8
crushes,8
crustal,0
crusted,1
crybaby,4
cryptic,33
crystal,119
cubical,0
cubicle,16
cubisms,0
cubists,0
cuckold,0
cuckoos,1
cuddled,1
cuddles,11
cudgels,1
cuffing,2
cuisine,184
culling,14
culotte,0
culprit,60
cultism,6
cultist,5
culture,1793
culvert,15
cumbers,0
cumming,0
cumquat,0
cumulus,0
cunning,26
cupcake,11
cupfuls,0
cupolas,0
cupping,6
cupsful,0
curable,8
curares,0
curated,139
curates,3
curator,50
curbing,38
curdled,2
curdles,1
curfews,5
curious,288
curiums,0
curlers,2
curlews,2
curlier,0
curling,57
currant,2
current,5828
curried,4
curries,18
cursing,16
cursive,6
cursors,0
cursory,5
curtail,47
curtain,97
curtest,0
curtsey,3
curvier,0
curving,3
cushier,0
cushion,97
cuspids,0
cussing,4
custard,32
custody,921
customs,109
cutaway,3
cutback,5
cutesie,0
cuticle,5
cutlass,4
cutlers,0
cutlery,19
cutlets,5
cutoffs,2
cutouts,6
cutters,19
cutting,696
cutworm,0
cyanide,10
cyborgs,1
cycling,209
cyclist,82
cyclone,37
cyclops,1
cygnets,0
cymbals,3
cynical,74
cyphers,0
cypress,9
czarina,0
czarist,0
dabbers,0
dabbing,4
dabbled,12
dabbler,1
dabbles,4
dactyls,0
dadaism,0
dadaist,0
daddies,2
daemons,0
daffier,0
daftest,0
daggers,7
dahlias,0
dailies,5
dairies,7
daisies,7
dallied,0
dallier,0
dallies,0
damaged,695
damages,252
damasks,1
damming,2
damning,82
dampens,4
dampers,11
dampest,0
damping,6
damsels,0
damsons,1
dancers,182
dancing,410
danders,0
dandier,0
dandies,0
dandify,0
dandled,0
dandles,0
dangers,247
danging,0
dangled,5
dangler,0
dangles,3
dankest,0
dappled,2
dapples,1
daresay,3
darings,0
darkens,2
darkest,74
darling,51
darners,0
darning,1
darters,0
darting,8
dashers,0
dashiki,0
dashing,35
dastard,0
datives,0
daubers,0
daubing,0
daunted,6
dauphin,0
dawdled,0
dawdler,0
dawdles,0
dawning,8
daybeds,1
daycare,37
daytime,143
dazedly,0
dazzled,32
dazzler,0
dazzles,6
deacons,18
deadens,0
deadest,0
deadpan,11
deafens,0
deafest,0
dealers,138
dealing,757
deanery,1
dearest,24
dearies,0
dearths,0
deathly,5
debacle,51
debarks,0
debased,0
debases,0
debated,97
debater,4
debates,199
debauch,0
debited,2
debouch,0
debrief,10
debtors,9
debunks,3
debuted,182
decades,1974
decagon,0
decamps,0
decants,0
decayed,3
decease,0
deceits,0
deceive,36
decency,58
decibel,7
decided,2286
decides,224
decimal,6
decking,26
declaim,0
declare,223
decline,906
decoded,5
decoder,1
decodes,1
decorum,14
decoyed,0
decreed,8
decrees,13
decried,54
decries,6
deduced,5
deduces,2
deducts,1
deeding,0
deejays,0
deeming,18
deepens,27
deepest,128
defaced,13
defacer,0
defaces,1
defamed,22
defamer,1
defames,0
default,180
defeats,147
defects,62
defence,1074
defends,90
defense,1868
deffest,0
defiant,43
deficit,435
defiled,5
defiler,1
defiles,0
defined,363
definer,0
defines,86
deflate,6
deflect,34
deforms,1
defraud,24
defrays,0
defrock,0
defrost,7
deftest,0
defunct,32
defused,5
defuses,0
defying,37
degases,0
degrade,36
degrees,744
deicers,0
deicing,0
deified,0
deifies,0
deigned,0
deistic,0
deities,12
dejects,0
delayed,519
delayer,0
deleted,142
deletes,9
delight,245
delimit,0
deliria,0
deliver,1487
delouse,1
deluded,7
deludes,1
deluged,6
deluges,3
delvers,0
delving,36
demagog,0
demands,716
demeans,2
demerit,12
demesne,1
demigod,6
demised,0
demises,0
demonic,34
demoted,26
demotes,0
demotic,0
demurer,0
dengues,0
denials,26
deniers,11
denizen,1
denoted,2
denotes,13
densely,61
densest,3
density,130
dentine,0
denting,4
dentins,0
dentist,90
denture,1
denuded,1
denudes,0
denying,195
departs,33
depends,362
depicts,73
deplane,1
deplete,11
deplore,6
deploys,18
deports,0
deposed,19
deposes,0
deposit,341
deprave,0
depress,4
deprive,23
deputed,3
deputes,0
derails,3
derange,0
derbies,9
derided,19
derides,1
derived,91
derives,28
derrick,0
dervish,1
desalts,0
descant,1
descend,61
descent,107
deserts,18
deserve,587
designs,431
desired,331
desires,123
desists,0
desktop,129
despair,89
despise,16
despite,2917
despoil,0
despots,5
dessert,116
destine,0
destiny,91
destroy,350
details,2171
detains,0
detects,27
detente,3
detests,2
detours,21
detoxed,0
detoxes,1
detract,13
devalue,7
develop,1282
deviant,6
deviate,24
devices,955
deviled,5
devilry,0
devious,18
devised,58
devises,5
devolve,9
devoted,284
devotee,10
devotes,16
devours,2
dewclaw,0
dewdrop,0
dewiest,0
dewlaps,0
diadems,0
diagram,21
dialect,20
dialing,18
dialled,14
dialogs,0
diamond,152
diapers,35
diaries,23
diarist,4
diatoms,4
dibbled,0
dibbles,0
diciest,0
dickers,0
dickeys,0
dickies,0
dictate,83
diction,3
dictums,0
diddled,1
diddler,0
diddles,0
diehard,18
diesels,4
dietary,104
dieters,1
dieting,7
differs,43
diffuse,16
digests,0
diggers,10
digging,154
digital,1662
dignify,2
dignity,223
digraph,0
digress,5
dilated,6
dilates,0
dilator,0
dilemma,75
dillies,1
diluted,50
dilutes,1
dimmers,0
dimmest,0
dimming,16
dimness,0
dimpled,1
dimples,5
dimwits,0
dinette,0
dingbat,1
dingier,0
dingily,0
dinging,0
dingles,0
dingoes,6
dinkier,0
dinkies,0
dinners,87
dinning,1
diocese,33
diorama,2
dioxide,102
dioxins,2
diploid,0
diploma,57
dipoles,0
dippers,2
dippier,0
dipping,58
diptych,0
directs,60
direful,0
dirndls,1
dirtied,0
dirtier,8
dirties,0
dirtily,0
disable,38
disarms,1
disavow,5
disband,11
disbars,0
discard,20
discern,23
discoed,0
discord,38
discuss,1051
disdain,42
disease,1208
disgust,43
dishing,22
dishpan,0
dishrag,0
dislike,54
dismays,1
dismiss,162
disobey,3
disowns,1
dispels,2
display,1282
disport,0
dispose,63
dispute,458
disrobe,0
disrupt,224
dissect,18
dissent,107
dissing,6
distaff,0
distant,181
distend,0
distill,6
distils,0
distort,16
disturb,38
disused,44
disuses,0
ditched,48
ditches,31
dithers,0
ditsier,0
ditties,0
dittoed,0
dittoes,0
ditzier,0
diurnal,1
diverge,7
diverse,858
diverts,10
divests,2
divided,341
divider,11
divides,56
divined,1
diviner,0
divines,0
divings,0
divisor,0
divorce,369
divulge,21
divvied,4
divvies,0
dizzied,0
dizzier,1
dizzies,0
dizzily,0
dobbins,0
docents,1
dockets,3
docking,32
doctors,852
dodders,0
dodgers,2
dodging,38
doeskin,0
doffing,0
dogcart,0
dogears,0
dogfish,1
doggier,0
doggies,0
dogging,1
doggone,1
doglegs,0
dogmata,0
dogtrot,0
dogwood,0
doilies,2
doleful,0
dollars,1089
dollies,0
dolling,1
dollops,2
dolmens,0
dolphin,22
doltish,1
domains,58
dominos,1
donated,417
donates,15
dongles,0
donkeys,23
donning,46
doodads,1
doodled,1
doodler,0
doodles,1
dooming,5
doorman,12
doormat,2
doormen,0
doorway,24
dopiest,0
dopings,0
dorkier,0
dormant,49
dormers,3
dormice,1
dosages,6
dossier,21
dotages,0
dotards,0
dotcoms,0
dottier,0
dotting,8
doubled,373
doubles,250
doublet,0
doubted,31
doubter,1
douched,0
douches,1
doughty,0
dourest,0
dousing,14
dowager,0
dowdier,0
dowdily,0
doweled,0
dowered,0
downers,1
downier,0
downing,15
dowries,2
dowsers,0
dowsing,1
doyenne,2
dozenth,0
drabber,0
drachma,0
drafted,214
draftee,4
drafter,0
dragged,215
dragnet,3
dragons,33
dragoon,0
drained,70
drainer,0
drapers,0
drapery,3
draping,6
drastic,87
draught,14
drawers,38
drawing,465
drawled,0
dreaded,48
dreamed,89
dreamer,5
dredged,7
dredger,0
dredges,5
dressed,363
dresser,19
dresses,125
dribble,15
driblet,0
drifted,39
drifter,7
drilled,63
driller,0
drinker,16
dripped,4
drivels,0
drivers,1324
driving,2480
drizzle,35
drizzly,4
drogues,0
droller,0
droning,9
drooled,1
drooped,0
droplet,0
dropout,11
dropped,1643
dropper,5
drosses,0
drought,240
drouths,0
drovers,1
drowned,85
drowsed,0
drowses,0
drubbed,0
drubber,0
drudged,0
drudges,0
drugged,24
druggie,1
drumlin,0
drummed,7
drummer,72
drunken,41
drunker,0
dryness,30
drywall,6
dualism,0
duality,11
dubbers,0
dubbing,18
dubbins,0
dubiety,0
dubious,64
duchess,17
duchies,0
duckier,0
duckies,1
ducking,11
ductile,1
dudgeon,0
duelers,0
dueling,11
duelist,0
duelled,1
duennas,0
duffers,0
dugouts,3
dukedom,1
dullard,0
dullest,2
dulling,3
dulness,0
dumbest,10
dumdums,0
dummies,12
dumpier,0
dumping,115
dungeon,30
dunging,0
dunking,12
dunnest,0
dunning,0
duodena,0
durable,108
durably,3
durance,0
duskier,0
dusters,0
dustier,1
dusting,19
dustpan,1
duteous,0
dutiful,8
dwarfed,20
dwarves,4
dwelled,1
dweller,4
dwindle,19
dybbuks,0
dynamic,611
dynamos,0
dynasty,57
eagerer,0
eagerly,157
eaglets,0
earache,2
earbuds,106
eardrum,3
earfuls,0
earldom,0
earlier,3635
earlobe,2
earmark,2
earmuff,0
earners,57
earnest,75
earning,458
earplug,1
earring,8
earshot,4
earthed,0
earthen,10
earthly,16
earwigs,0
easiest,123
eastern,493
eatable,0
ebonies,0
echelon,8
echoing,68
eclairs,0
eclipse,260
eclogue,0
ecocide,6
ecology,36
economy,2620
ecstasy,26
eczemas,0
edamame,3
eddying,0
edemata,0
edgiest,1
edgings,0
edibles,7
edifice,9
edified,0
edifier,0
edifies,0
editing,161
edition,506
editors,99
educate,202
educing,0
eeriest,1
effaced,2
effaces,0
effects,1030
effendi,0
efforts,3181
effused,0
effuses,0
eggcups,0
egghead,0
eggnogs,0
egoisms,0
egoists,0
egotism,1
egotist,1
eighths,0
ejected,46
ejector,1
elapsed,16
elapses,1
elastic,12
elating,0
elation,17
elbowed,4
elderly,460
elected,1333
elector,13
elegant,158
elegiac,0
elegies,0
element,382
elevate,187
elevens,0
elicits,4
eliding,0
elision,0
elitism,5
elitist,11
elixirs,0
ellipse,0
elodeas,0
eloping,1
eluding,10
elusive,81
emailed,102
emanate,6
embalms,0
embanks,0
embargo,40
embarks,57
embassy,183
emblems,8
embower,0
embrace,454
embroil,4
embryos,42
emended,0
emerald,20
emerged,780
emerges,89
emeries,0
emerita,1
emetics,0
emigres,0
eminent,27
emirate,9
emitted,33
emitter,9
emoting,1
emotion,188
emotive,19
empanel,0
empathy,210
emperor,27
empires,18
empiric,0
employe,0
employs,132
emporia,0
empower,236
empress,1
emptied,39
emptier,5
empties,9
emptily,2
emulate,71
enabled,219
enabler,22
enables,245
enacted,134
enamels,0
enamors,0
enamour,0
encamps,0
encased,16
encases,0
enchain,0
enchant,6
enclave,95
enclose,3
encoded,7
encoder,3
encodes,3
encomia,0
encored,0
encores,3
encrust,0
encysts,0
endears,1
endemic,39
endings,19
endives,0
endless,268
endmost,0
endorse,120
endowed,18
enduing,0
endured,196
endures,22
endways,0
endwise,0
enemata,0
enemies,355
enfolds,0
enforce,215
engaged,778
engages,83
engines,328
engorge,0
engrams,1
engrave,3
engross,1
engulfs,1
enhance,1007
enigmas,2
enjoins,0
enjoyed,1063
enlarge,13
enlists,7
enliven,3
ennoble,0
enoughs,0
enplane,0
enquire,11
enquiry,38
enraged,30
enrages,3
enrolls,6
ensigns,0
enslave,4
ensnare,1
ensuing,112
ensured,166
ensurer,0
ensures,426
entails,60
entente,1
entered,1123
enthral,2
enthuse,5
enticed,10
entices,4
entitle,6
entombs,0
entrant,23
entraps,0
entreat,1
entrees,8
entries,209
entropy,2
entrust,8
entwine,1
enuring,0
envelop,4
envenom,0
envious,20
envying,1
enzymes,19
epaulet,0
epicure,0
epigram,0
epilogs,0
episode,1421
epistle,2
epitaph,3
epithet,1
epitome,34
epochal,2
epoxied,0
epoxies,1
epoxyed,0
epsilon,0
equable,1
equably,0
equaled,9
equally,469
equated,19
equates,50
equator,11
equerry,4
equines,1
equinox,12
erasers,0
erasing,17
erasure,21
erbiums,0
erected,91
erectly,0
erector,0
erelong,0
eremite,0
ermines,0
eroding,30
erosion,123
erosive,1
erotica,3
errands,28
erratas,0
erratic,62
erratum,0
eructed,0
erudite,11
erupted,223
escalop,0
escaped,264
escapee,4
escapes,37
eschews,5
escorts,24
escrows,0
escudos,0
espouse,11
esprits,0
espying,0
esquire,0
essayed,3
essayer,0
essence,253
estates,78
esteems,0
esthete,0
estrous,0
estuary,27
etchers,0
etching,7
eternal,89
ethanes,0
ethanol,24
ethical,243
ethnics,0
ethoses,0
euchred,0
euchres,0
eugenic,0
eunuchs,1
euphony,0
evacuee,1
evaders,6
evading,22
evasion,47
evasive,22
evenest,0
evening,2174
evicted,55
evident,320
evilest,0
eviller,0
evinced,2
evinces,0
evoking,13
evolved,244
evolves,48
exacted,3
exacter,0
exactly,1470
exalted,6
examine,180
example,2395
exceeds,71
excepts,0
excerpt,21
excised,3
excises,0
excited,1538
exciter,0
excites,14
exclaim,2
exclude,84
excreta,1
excrete,3
excused,20
excuses,103
execute,155
exempts,7
exerted,10
exhaled,2
exhales,0
exhaust,68
exhibit,249
exhorts,1
exhumed,11
exhumes,0
exigent,0
exiling,1
existed,200
exiting,86
exotics,3
expands,75
expanse,30
expects,525
expends,1
expense,304
experts,1389
expiate,0
expired,158
expires,83
explain,659
explode,62
exploit,141
explore,979
exports,353
exposed,553
exposes,51
expound,5
express,562
expunge,7
extends,260
extents,1
extinct,46
extolls,1
extorts,0
extract,135
extreme,761
extrude,0
exuding,14
exulted,1
exurban,1
exurbia,0
eyeball,11
eyebrow,18
eyefuls,0
eyelash,7
eyeless,0
eyelets,1
eyelids,17
eyesore,33
eyewash,0
fabrics,64
facades,7
faceted,0
facials,9
facings,0
faction,115
factoid,0
factors,977
factory,380
factual,63
faculty,320
faddish,1
faddist,0
faeries,1
fagging,0
faggots,0
faience,1
failing,591
failles,0
failure,928
fainest,0
fainted,16
fainter,4
faintly,6
fairest,8
fairies,7
fairing,5
fairway,27
fajitas,8
falcons,4
fallacy,13
falling,1014
falloff,2
fallout,137
fallows,0
falsely,156
falsest,0
falsies,1
falsify,7
falsity,2
falters,8
famines,1
fanatic,19
fanboys,6
fancied,27
fancier,13
fancies,8
fancily,0
fanfare,32
fannies,0
fanning,20
fantail,0
fantasy,243
fanzine,1
faraway,19
farinas,0
farmers,1050
farming,435
farrago,0
farrier,5
farrows,0
farther,72
farting,3
fasciae,0
fascias,0
fascism,46
fascist,77
fashion,1015
fastens,1
fastest,276
fasting,73
fatally,170
fatback,0
fateful,47
fathead,0
fathers,93
fathoms,1
fatigue,161
fatness,0
fattens,0
fattest,3
fattier,0
fatties,1
fatuity,0
fatuous,1
faucets,8
faulted,25
fauvism,0
fauvist,0
favored,120
favours,28
fawners,0
fawnest,0
fawning,12
fearful,79
fearing,92
feasted,12
feaster,0
feather,27
feature,1751
febrile,6
federal,2879
fedoras,1
feebler,0
feedbag,0
feeders,31
feeding,230
feedlot,3
feelers,5
feeling,1876
feigned,5
feinted,1
felines,6
fellest,0
felling,4
fellows,18
felting,1
females,115
femoral,3
fencers,2
fencing,100
fenders,8
fending,14
fennels,0
ferment,10
fermium,0
fernier,0
ferrets,2
ferried,12
ferries,42
ferrous,3
ferrule,1
fertile,42
ferules,0
fervent,27
fervors,0
fervour,10
fessing,0
festers,4
festive,576
festoon,2
fetched,24
fetcher,0
fetches,4
fetlock,1
fetters,3
fettles,0
fetuses,7
feuding,22
fevered,1
fewness,0
fiancee,13
fiances,1
fiascos,1
fibbers,0
fibbing,0
fibrils,1
fibrins,0
fibroid,3
fibrous,6
fibulae,0
fibular,0
fibulas,0
fickler,0
fiction,172
fictive,0
fiddled,1
fiddler,3
fiddles,1
fidgets,1
fidgety,3
fiefdom,3
fielded,101
fielder,72
fiercer,3
fierier,0
fiestas,2
fifteen,89
fifthly,0
fifties,17
fighter,347
figment,13
figured,165
figures,1531
filbert,1
filched,1
filches,0
fileted,1
filings,181
fillers,30
fillets,8
fillies,8
filling,355
fillips,0
filmier,0
filming,468
filters,81
finagle,1
finales,5
finally,1922
finance,719
finches,2
finders,1
finding,1298
finesse,17
fingers,225
finials,0
finical,0
finicky,8
finises,0
finking,0
finnier,0
firearm,308
firebox,1
firebug,0
firefly,4
fireman,9
firemen,13
firmest,4
firming,4
firstly,31
fiscals,1
fishers,34
fishery,32
fishier,1
fishily,0
fishing,494
fishnet,6
fissile,1
fission,2
fissure,5
fistful,5
fistula,4
fitness,486
fitters,2
fittest,10
fitting,204
fixable,8
fixated,17
fixates,0
fixedly,0
fixings,5
fixture,284
fizzier,0
fizzing,7
fizzled,17
fizzles,2
flaccid,1
flagged,141
flagman,0
flagmen,0
flagons,2
flailed,2
flakier,0
flaking,9
flambes,0
flaming,16
flanges,1
flanked,45
flanker,16
flannel,8
flapped,3
flapper,4
flareup,3
flaring,11
flashed,81
flasher,3
flashes,64
flatbed,7
flatcar,0
flatted,1
flatten,13
flatter,15
flattop,4
flaunts,7
flavors,152
flavour,172
flawing,0
flaying,1
fleabag,0
flecked,0
fleeced,6
fleecer,0
fleeces,2
fleeing,209
fleeted,0
fleeter,1
fleetly,0
fleshed,9
fleshes,1
fleshly,0
flexing,16
flicked,32
flicker,9
flights,667
flighty,1
flipped,109
flipper,1
flirted,18
flitted,2
floated,103
floater,6
flocked,73
flogged,6
flogger,0
flooded,293
floored,22
floozie,0
flopped,17
florets,2
florins,0
florist,11
flossed,1
flosses,0
flotsam,3
flounce,1
flouncy,1
floured,5
flouted,12
flouter,0
flowers,668
flowery,7
flowing,171
flubbed,4
fluency,13
fluffed,5
fluidly,6
flukier,0
flummox,0
flunked,2
flunkey,0
flushed,16
flusher,1
flushes,8
fluster,2
fluting,1
flutist,1
flutter,18
fluxing,0
flyable,1
flyings,0
flyleaf,1
flyways,0
foaling,0
foamier,0
foaming,3
fobbing,1
focally,0
focused,1488
focuses,351
fodders,0
foggier,0
foggily,0
fogging,3
foghorn,2
fogyish,0
foibles,1
foiling,6
foisted,13
folders,18
folding,50
foldout,0
foliage,64
folkway,0
follies,1
follows,931
foments,0
fondant,2
fondest,14
fondled,2
fondles,0
fondues,0
foodies,15
foolery,0
fooling,12
foolish,59
footage,1112
footing,88
footman,1
footmen,1
footsie,1
foppery,0
foppish,0
foraged,6
forager,0
forages,5
forayed,1
forbade,7
forbear,2
forbids,16
forbore,0
forceps,2
forcing,394
fording,1
forearm,55
foreign,1877
foreleg,0
foreman,19
foremen,1
foresaw,12
foresee,40
forests,192
forever,689
forfeit,38
forgave,10
forgers,0
forgery,31
forgets,22
forging,48
forgive,109
forgoer,0
forgoes,1
forgone,4
forkful,0
forking,12
forlorn,11
formals,2
formats,93
formers,0
forming,197
formula,277
forsake,2
forsook,0
forties,12
fortify,26
fortune,208
forward,4909
forwent,0
fossils,40
fosters,94
foulard,0
foulest,2
fouling,16
founded,609
founder,748
foundry,12
fourths,0
fowling,0
foxfire,0
foxhole,4
foxiest,0
foxtrot,1
fracked,0
fractal,1
fragile,132
frailer,2
frailly,0
frailty,5
framers,7
framing,62
franked,0
franker,0
frankly,154
frantic,73
frappes,2
fraught,90
fraying,1
frazzle,0
freaked,18
freckle,1
freckly,0
freebee,0
freebie,5
freedom,959
freeing,62
freeman,1
freemen,0
freeway,38
freezer,71
freezes,27
freight,92
frescos,0
freshen,19
fresher,20
freshet,1
freshly,89
fretful,0
fretsaw,0
fretted,6
friable,3
fridges,23
friends,3779
friezes,3
frigate,15
frigged,0
frights,2
fringed,7
fringes,38
frisked,0
fritter,3
fritzes,0
frizzed,1
frizzes,0
frizzle,0
frizzly,0
frogman,0
frogmen,0
frolics,0
frontal,26
fronted,34
frosted,10
frothed,0
froward,0
frowned,24
fruited,2
frustum,0
fuchsia,3
fuckers,0
fucking,75
fuddled,0
fuddles,0
fudging,4
fuehrer,0
fueling,77
fuelled,80
fuhrers,0
fulcrum,7
fulfill,131
fulfils,5
fullers,0
fullest,43
fulling,0
fulness,1
fulsome,5
fumbled,31
fumbler,0
fumbles,23
fumiest,0
funding,2551
funeral,606
fungoid,0
fungous,0
funkier,1
funking,0
funnels,2
funnest,1
funnier,24
funnies,0
funnily,2
furbish,1
furious,162
furling,1
furlong,2
furnace,30
furnish,14
furores,0
furrier,0
furring,0
furrows,1
further,5786
furtive,4
fusible,0
fusions,4
fussier,1
fussily,0
fussing,2
fusspot,0
fustian,0
fustier,0
futures,215
futzing,2
fuzzier,1
fuzzily,0
fuzzing,1
gabbier,0
gabbing,0
gabbled,0
gabbles,0
gabfest,0
gadders,0
gadding,0
gadgets,68
gaffers,1
gaffing,1
gagging,1
gaggles,2
gainers,16
gainful,2
gaining,309
gainsay,0
gaiters,0
galenas,0
gallant,10
galleon,5
gallery,318
galleys,2
galling,12
gallium,3
gallons,65
gallops,3
gallows,8
galoots,0
galoshe,0
galumph,0
gambits,1
gambled,11
gambler,10
gambles,3
gambols,0
gametes,4
gametic,0
gamiest,0
gamines,0
gamings,0
gammons,0
ganders,0
ganging,1
ganglia,0
gangway,3
gannets,0
gantlet,1
gaolers,0
gaoling,0
garaged,0
garages,34
garbage,220
garbing,0
garbled,0
garbles,0
garcons,0
gardens,353
garfish,0
gargled,1
gargles,0
garland,4
garlics,0
garment,40
garners,8
garnets,1
garnish,15
garoted,0
garotes,0
garotte,0
garrets,0
garrote,1
garters,0
gasbags,0
gaseous,6
gashing,0
gaskets,6
gasohol,0
gasping,11
gassier,0
gassing,0
gastric,19
gateway,87
gathers,42
gaucher,0
gauchos,1
gaudier,0
gaudily,1
gauging,12
gaunter,0
gauzier,0
gavotte,0
gawkier,0
gawkily,0
gawking,3
gayness,0
gazebos,3
gazelle,2
gazette,7
gearbox,25
gearing,148
geckoes,0
geegaws,0
geekier,0
geezers,0
geishas,0
gelatin,6
gelcaps,0
gelding,17
gelling,8
genders,25
general,2687
generic,69
geneses,0
genesis,11
genetic,219
genital,21
genomes,9
genteel,4
gentian,0
gentile,0
gentled,0
gentler,21
gentles,0
genuine,455
genuses,0
geodesy,0
geology,32
gerbils,1
germane,3
gerunds,0
gestapo,0
gestate,0
gesture,206
getaway,97
getting,5354
gewgaws,0
geysers,6
ghastly,21
gherkin,0
ghettos,2
ghosted,20
ghostly,26
gibbers,0
gibbets,0
gibbons,2
gibbous,1
giblets,1
giddier,0
giddily,1
gifting,41
gigging,2
giggled,7
giggler,1
giggles,10
gigolos,0
gilders,0
gilding,0
gimbals,1
gimlets,0
gimmick,25
gimpier,0
gimping,0
gingers,2
gingery,0
gingham,1
gingkos,0
ginkgos,1
ginning,2
ginseng,5
gipsies,0
giraffe,13
girders,6
girding,2
girdled,0
girdles,0
girlish,2
girting,0
gizzard,0
glaceed,0
glacial,24
glacier,17
gladden,1
gladder,0
glamors,0
glamour,67
glanced,15
glances,11
glandes,0
glaring,56
glassed,3
glasses,242
glazier,0
glazing,24
gleamed,1
gleaned,17
gleaner,0
gleeful,15
glibber,0
gliders,5
gliding,19
glimmer,33
glimpse,252
glinted,1
glisten,0
glister,0
glitter,38
glitzes,0
gloated,4
globule,0
gloried,0
glories,9
glorify,11
glossed,4
glosses,4
glottal,0
glottis,0
gloving,0
glowers,1
glowing,114
glucose,61
glueing,0
gluiest,0
glummer,0
glutens,0
glutted,1
glutton,2
gnarled,3
gnashed,0
gnashes,0
gnawing,11
gnomish,0
goading,5
goalies,17
goatees,1
gobbets,0
gobbing,1
gobbled,8
gobbler,0
gobbles,0
goblets,2
goblins,13
goddamn,12
goddess,38
godhead,0
godhood,3
godless,0
godlier,0
godlike,6
godsend,13
godsons,2
goggled,0
goggles,20
goiters,0
goitres,0
golfers,64
golfing,29
gollies,0
gonadal,0
gondola,15
gonging,0
goobers,0
goodbye,205
goodbys,0
goodies,46
goodish,0
goofier,0
goofing,1
googled,6
googles,1
gooiest,0
goosing,0
gophers,0
gorging,5
gorgons,0
goriest,2
gorilla,14
goshawk,1
gosling,0
gospels,2
gossips,2
gossipy,5
gougers,1
gouging,33
goulash,1
gourdes,0
gourmet,47
goutier,0
governs,28
gowning,0
grabbed,348
grabber,1
gracing,20
grackle,0
gradate,0
graders,36
grading,41
gradual,82
grafted,9
grafter,2
grained,3
grammar,36
grammes,3
grampus,0
granary,1
grandam,0
grandee,2
grander,17
grandly,3
grandma,64
grandpa,28
granges,0
granite,41
grannie,0
granola,17
granted,863
grantee,2
granter,0
grantor,1
granule,0
graphed,1
graphic,182
grapnel,0
grapple,67
grasped,10
grassed,5
grasses,29
graters,1
gratify,1
grating,6
gravels,0
gravely,13
gravest,5
gravies,1
graving,0
gravity,131
grayest,0
graying,2
grayish,3
grazers,3
grazing,54
greased,6
greases,2
greater,1134
greatly,324
greened,0
greener,72
greenly,0
greeted,224
greeter,2
gremlin,2
grenade,33
greyest,0
greying,4
griddle,7
grieved,17
griever,0
grieves,4
griffin,2
griffon,0
grilled,107
grilles,5
grimace,4
grimier,1
griming,0
grimmer,1
grinder,23
gringos,0
grinned,11
gripers,0
griping,1
gripped,46
gripper,1
grippes,0
gristle,0
gristly,0
gritted,12
gritter,1
grizzly,24
groaned,4
grocers,18
grocery,348
grommet,1
groomed,30
groomer,8
grooved,5
grooves,13
gropers,1
groping,17
grossed,29
grosser,1
grosses,3
grossly,45
grottos,2
grouchy,3
grounds,557
grouped,18
grouper,1
groupie,3
groused,4
grouser,0
grouses,0
grouted,1
grovels,0
growers,63
growing,2362
growled,2
growler,1
grownup,3
growths,7
grubbed,0
grubber,6
grudged,0
grudges,15
gruffer,1
gruffly,0
grumble,8
grunges,0
grunion,0
grunted,0
gryphon,0
guanine,0
guarani,0
guarded,59
guarder,0
guessed,65
guesser,0
guesses,26
guested,1
guffaws,2
guiders,0
guiding,162
guilder,0
guilted,0
guineas,1
guitars,33
gulches,0
guldens,0
gullets,0
gulleys,0
gullies,7
gulling,0
gulpers,0
gulping,1
gumboil,0
gumdrop,0
gummier,0
gumming,0
gumshoe,1
gunboat,3
gunfire,115
gunkier,0
gunnels,2
gunners,2
gunnery,1
gunnies,0
gunning,18
gunship,0
gunshot,172
gunwale,0
guppies,0
gurgled,0
gurgles,0
gurneys,1
gushers,0
gushier,0
gushing,23
gussets,0
gussied,0
gussies,0
gustier,0
gustily,0
gusting,17
gustoes,0
gutless,3
gutsier,1
gutters,17
guttier,0
gutting,7
guzzled,0
guzzler,1
guzzles,2
gymnast,46
gyppers,0
gypping,0
gypsies,2
gypster,0
gypsums,0
gyrated,2
gyrates,0
gyrator,0
habitat,211
habitue,0
hackers,92
hacking,68
hackles,2
hackney,3
hacksaw,1
haddock,4
hafnium,0
haggard,0
haggish,0
haggled,2
haggler,0
haggles,0
hahnium,0
hailing,51
haircut,38
hairdos,0
hairier,0
hairnet,1
hairpin,1
halberd,2
halcyon,8
halfway,187
halfwit,0
halibut,6
halites,0
halloos,0
hallows,0
hallway,98
halogen,4
haloing,1
halters,0
halting,42
halving,56
halyard,0
hamburg,0
hamlets,10
hammers,23
hammier,0
hamming,0
hammock,6
hampers,29
hamster,14
handbag,55
handcar,0
handful,410
handgun,71
handier,0
handily,11
handing,179
handled,289
handler,42
handles,158
handout,51
handsaw,0
handset,50
hangars,6
hangdog,0
hangers,9
hanging,396
hangman,2
hangmen,0
hangout,9
hangups,0
hankers,0
hankies,1
hansoms,0
hapless,20
haploid,0
happens,1191
happier,137
happily,150
harbors,13
harbour,88
hardens,5
hardest,211
hardhat,0
hardier,0
hardily,0
hardtop,0
harelip,0
harkens,5
harking,0
harlots,0
harmful,330
harming,73
harmony,123
harness,98
harpies,1
harping,3
harpist,4
harpoon,2
harried,1
harrier,1
harries,0
harrows,0
harsher,28
harshly,24
harvest,148
hashing,4
hashish,2
hashtag,6
hassled,2
hassles,4
hassock,0
hastens,1
hastier,0
hastily,31
hasting,0
hatched,22
hatches,4
hatchet,17
hateful,68
hatreds,0
hatters,0
hatting,0
hauberk,0
haughty,4
haulage,10
haulers,3
hauling,37
haunted,122
haunter,1
hauteur,0
hawkers,9
hawking,14
hawkish,38
hawsers,0
haycock,0
hayloft,0
haymows,0
hayrick,0
hayride,3
hayseed,0
haywire,11
hazards,97
haziest,0
hazings,0
hazmats,0
headers,19
headier,0
headily,0
heading,921
headman,2
headmen,0
headpin,0
headset,103
headway,19
healers,6
healing,302
healths,0
healthy,1255
heaping,12
hearers,1
hearing,1878
hearken,2
hearsay,9
hearses,0
hearten,0
hearths,0
heaters,40
heathen,0
heather,3
heating,390
heavens,32
heavers,0
heavier,106
heavies,2
heavily,692
heaving,8
heckled,12
heckler,7
heckles,0
hectare,27
hectors,0
hedgers,0
hedging,19
heedful,0
heeding,8
heehaws,0
heeling,0
heftier,4
heftily,0
hefting,0
hegiras,0
heifers,16
heights,182
heinous,77
heiress,22
heisted,0
helical,0
helices,0
heliums,0
helixes,0
hellcat,0
hellion,0
hellish,15
helluva,1
helmets,57
helpers,31
helpful,447
helping,1734
hemline,4
hemlock,3
hemmers,0
hemming,1
hennaed,0
henpeck,0
heparin,2
hepatic,2
heppest,0
heralds,12
herbage,0
herders,21
herding,7
heretic,2
hermits,0
herniae,0
hernial,0
hernias,1
heroics,29
heroine,32
heroins,0
heroism,34
herring,14
herself,1301
hertzes,0
heteros,0
hexagon,1
heydays,0
hibachi,0
hiccups,15
hickeys,0
hickies,0
hickory,5
hideous,18
hideout,19
hidings,0
highboy,1
highest,1611
highway,378
hijacks,2
hikings,0
hillier,1
hillock,1
hilltop,14
himself,2995
hinders,23
hinging,3
hinters,0
hinting,65
hipbone,1
hipness,0
hippest,0
hippies,9
hipping,0
hipster,5
hirsute,0
hissing,2
history,4390
hitched,21
hitcher,0
hitches,5
hitters,66
hitting,825
hoagies,0
hoarded,9
hoarder,5
hoarier,0
hoarser,0
hoaxers,0
hoaxing,0
hobbies,66
hobbled,20
hobbler,0
hobbles,1
hobnail,0
hobnobs,1
hockeys,0
hocking,1
hoecake,0
hoedown,1
hogback,0
hogging,6
hoggish,0
hogtied,0
hogties,0
hogwash,4
hoisted,29
hokiest,0
holders,226
holding,1553
holdout,6
holdups,2
holiday,1604
holiest,10
hollers,1
hollies,0
hollows,4
holmium,0
holster,5
homages,3
hombres,1
homburg,1
homeboy,1
homered,38
homiest,0
hominid,1
homonym,0
honchos,1
honesty,94
honeyed,0
honkers,0
honkies,0
honking,11
honored,314
honoree,5
honorer,0
honours,98
hooches,0
hoodies,13
hooding,1
hoodlum,2
hoodoos,2
hoofing,0
hookahs,1
hookers,8
hookeys,0
hookies,0
hooking,16
hookups,6
hooping,4
hooplas,0
hoorays,0
hooters,0
hooting,3
hopeful,364
hoppers,3
hopping,39
hording,0
horizon,217
hormone,104
hornets,7
hornier,0
horrify,1
horrors,82
horsier,0
horsing,0
hosanna,0
hosiers,0
hosiery,2
hospice,126
hostage,252
hostels,32
hostess,8
hostile,188
hosting,699
hostler,0
hotbeds,1
hotcake,0
hotdogs,6
hotfoot,0
hothead,3
hotline,45
hotness,2
hotshot,5
hotspot,83
hottest,185
houmous,0
hounded,14
housing,2727
hovered,27
howbeit,1
howdahs,0
however,3008
howlers,1
howling,14
hoydens,0
hubbies,0
hubbubs,0
hubcaps,2
huddled,19
huddles,6
huffier,0
huffily,0
huffing,7
hugging,40
hulking,14
hullers,0
hulling,0
humaner,0
humanly,13
humbled,51
humbler,4
humbles,2
humbugs,0
humdrum,4
humeral,0
humerus,3
humider,0
humidly,0
humidor,0
hummers,0
humming,13
hummock,0
humored,0
humours,0
humphed,0
humping,3
humuses,0
hunched,14
hunches,0
hundred,344
hungers,0
hunkers,0
hunkier,0
hunters,114
hunting,312
hurdled,0
hurdler,8
hurdles,179
hurlers,2
hurling,55
hurrahs,0
hurrays,0
hurried,15
hurries,7
hurtful,32
hurting,115
hurtled,4
hurtles,6
husband,2095
hushing,1
huskers,0
huskier,0
huskies,2
huskily,0
husking,0
hussars,0
hussies,0
hustled,12
hustler,7
hustles,14
hutches,0
hutzpah,1
hutzpas,0
huzzaed,0
huzzahs,0
hyaenas,0
hybrids,39
hydrant,11
hydrate,12
hydrous,0
hygiene,184
hymnals,1
hymning,0
hyphens,0
hyssops,0
iambics,0
iceberg,41
iceboat,0
icecaps,0
icicles,1
iciness,0
ickiest,0
ictuses,0
ideally,99
idiotic,14
idolize,1
idyllic,59
iffiest,0
igneous,0
ignited,88
ignites,13
ignoble,0
ignobly,0
ignored,319
ignores,36
iguanas,4
ileitis,0
illegal,1392
illicit,197
illness,594
imagery,121
imagine,651
imaging,74
imagoes,0
imbibed,1
imbiber,0
imbibes,0
imbuing,3
imitate,18
immense,319
immerse,70
immoral,30
immured,0
immures,0
impacts,676
impairs,6
impalas,0
impaled,6
impales,0
impanel,1
imparts,9
impasse,39
impasto,1
impeach,43
impeded,13
impedes,8
impends,0
imperil,6
impetus,34
impiety,0
impinge,1
impious,0
implant,27
implied,91
implies,90
implode,3
implore,28
imports,279
imposed,392
imposer,0
imposes,36
imposts,0
impound,2
impress,145
imprint,38
improve,2267
impugns,1
impulse,48
impurer,0
imputed,1
imputes,0
inanely,0
inanest,0
inanity,1
inaptly,0
inboard,0
inbound,27
inboxes,5
inbreed,0
incense,14
incests,0
inching,20
incised,0
incises,0
incisor,0
incited,17
inciter,0
incites,2
incline,12
inclose,0
include,3995
incomes,140
incrust,0
incubus,0
indents,2
indexed,15
indexer,0
indexes,45
indices,49
indicts,0
indigos,0
indited,0
indites,0
indiums,0
indoors,110
indorse,0
induced,57
inducer,0
induces,10
inducts,1
induing,0
indulge,89
indwell,0
indwelt,0
inepter,0
ineptly,0
inertia,11
inertly,0
inexact,2
infancy,30
infants,70
infarct,0
infects,6
inferno,18
infests,0
infidel,1
infield,47
inflame,16
inflate,30
inflect,0
inflict,56
inflows,54
infolds,0
informs,81
infused,56
infuser,0
infuses,8
ingenue,2
ingests,1
ingrain,0
ingrate,1
ingress,8
ingrown,3
inhabit,26
inhaled,19
inhaler,11
inhales,1
inhered,0
inheres,0
inherit,54
inhibit,19
inhuman,15
initial,1223
injects,8
injured,1705
injurer,0
injures,13
inkblot,0
inkiest,0
inkling,14
inkwell,0
inlands,0
inmates,180
innards,6
innings,636
inquest,216
inquire,13
inquiry,562
inroads,41
insaner,0
inseams,0
insects,128
inserts,12
inshore,17
insider,742
insides,7
insight,317
insigne,0
insipid,6
insists,229
insofar,9
insoles,7
inspect,73
inspire,419
install,276
instals,0
instant,247
instate,0
instead,2343
insteps,0
instill,30
instils,1
insular,7
insulin,73
insults,61
insured,58
insurer,67
insures,0
intagli,0
intakes,9
integer,2
intends,243
intense,658
intents,16
interim,422
interne,1
interns,32
intoned,1
intoner,0
intones,5
introit,1
intrude,10
intrust,0
intuits,1
inuring,0
invaded,125
invader,7
invades,11
invalid,30
inveigh,0
invents,2
inverse,13
inverts,3
invests,69
invited,856
invitee,2
invites,153
invoice,25
invoked,51
invokes,13
involve,398
inwards,9
iodides,0
iodines,0
iodized,0
iodizes,0
ionized,3
ionizer,0
ionizes,0
ipecacs,0
irately,1
iridium,0
irksome,2
ironies,2
ironing,16
irrupts,0
islands,257
isobars,0
isolate,42
isomers,0
isotope,4
issuers,26
issuing,183
isthmus,0
italics,2
itchier,1
itching,33
itemize,3
iterate,7
ivories,2
jabbers,0
jabbing,4
jackals,2
jackass,0
jackdaw,0
jackets,83
jacking,2
jackpot,106
jadedly,0
jadeite,0
jaguars,3
jailers,3
jailing,9
jailors,0
jamming,32
jangled,0
jangler,0
jangles,0
janitor,13
jarfuls,0
jargons,0
jarring,37
jasmine,12
jaspers,0
jaunted,0
javelin,25
jawbone,1
jaybird,0
jaywalk,0
jazzier,0
jazzing,2
jealous,84
jeering,3
jejunum,0
jellied,0
jellies,6
jelling,1
jennets,0
jennies,0
jerkier,0
jerkies,0
jerkily,1
jerking,2
jerkins,0
jerseys,56
jesters,1
jesting,2
jetport,1
jetsams,0
jetties,3
jetting,22
jeweled,0
jeweler,7
jewelry,169
jibbing,0
jiffies,0
jiggers,0
jigging,4
jiggled,0
jiggles,0
jigsawn,0
jigsaws,2
jilting,1
jimmied,1
jimmies,0
jingled,0
jingles,8
jinxing,0
jitneys,0
jitters,15
jittery,11
jobbers,0
jobbing,1
jobless,42
jockeys,9
jocular,1
joggers,17
jogging,33
joggled,0
joggles,0
joiners,5
joinery,7
joining,813
jointed,1
jointly,139
jokiest,0
jollied,0
jollier,0
jollies,3
jollily,0
jollity,0
jolters,0
jolting,5
jonquil,0
joshers,0
joshing,3
jostled,7
jostles,1
jotters,2
jotting,2
jounced,0
jounces,0
journal,101
journey,2180
jousted,1
jouster,0
jowlier,0
joyless,3
joyride,7
joyrode,0
jubilee,11
judging,122
jugfuls,0
jugging,2
juggled,7
juggler,0
juggles,6
jugular,6
juicers,5
juicier,2
juicily,0
juicing,3
jujitsu,4
jujubes,0
jujutsu,1
jukebox,16
jumbled,6
jumbles,0
jumpers,30
jumpier,0
jumpily,0
jumping,221
juncoes,0
jungles,13
juniors,64
juniper,2
junkers,0
junkets,6
junkier,0
junkies,5
junking,1
juridic,0
jurists,7
juryman,0
jurymen,1
justest,0
justice,1569
justify,228
jutting,9
kabukis,0
kaddish,0
kaftans,1
kaisers,0
kaolins,0
karakul,0
karaoke,52
karates,0
katydid,0
kayaked,3
kayoing,0
keeling,1
keenest,2
keening,0
keepers,39
keeping,1448
kelvins,0
kennels,19
kenning,0
keratin,3
kernels,6
kestrel,3
ketches,0
ketchup,19
kettles,8
keyhole,5
keynote,101
keypads,0
keyword,26
kibbled,0
kibbles,0
kibbutz,31
kickers,9
kickier,0
kicking,296
kickoff,104
kidders,0
kiddies,2
kidding,44
kiddish,0
kiddoes,0
kidnaps,0
kidneys,39
kidskin,0
killers,108
killing,1068
killjoy,2
kilning,0
kiloton,0
kilters,0
kimonos,1
kindest,29
kindled,1
kindles,0
kindred,7
kinetic,23
kinfolk,0
kingdom,100
kingpin,20
kinkier,0
kinkily,0
kinking,1
kinship,18
kinsman,2
kinsmen,3
kippers,0
kipping,0
kismets,0
kissers,0
kissing,71
kissoff,0
kitbags,0
kitchen,939
kitschy,5
kittens,42
kitties,4
klutzes,0
knavery,0
knavish,0
kneaded,3
kneader,0
kneecap,8
kneeing,0
kneeled,0
knelled,0
knifing,1
knights,16
knishes,1
knitted,23
knitter,3
knocked,370
knocker,0
knotted,8
knowing,768
knuckle,16
knurled,0
kookier,0
kopecks,1
koshers,0
kowtows,0
krypton,0
kuchens,0
kumquat,0
labeled,140
labials,0
labored,8
laborer,6
labours,3
laciest,0
lackeys,5
lacking,196
laconic,3
lacquer,6
lactate,3
lacteal,0
lactose,6
lacunae,0
lacunas,0
ladders,25
laddies,2
ladings,0
ladling,0
ladybug,0
laggard,8
lagging,42
lagoons,7
laities,0
lambada,1
lambast,0
lambdas,0
lambent,0
lambing,11
lambkin,0
laments,22
laminae,0
laminar,0
laminas,0
lamming,0
lampoon,2
lamprey,1
lancers,0
lancets,0
lancing,0
landaus,0
landing,567
languid,3
languor,1
lankest,0
lankier,0
lanolin,1
lantern,19
lanyard,11
lapdogs,2
lappets,0
lapping,9
lapsing,2
laptops,201
lapwing,0
larceny,34
larches,0
larders,1
lardier,0
larding,0
largely,1032
largess,3
largest,1905
largish,0
lariats,10
larking,3
lasagna,10
lasagne,5
lashing,19
lassies,3
lassoed,1
lassoes,0
lasting,452
latched,21
latches,2
latency,23
lateral,38
latests,0
latexes,0
lathers,1
lathery,0
lathing,0
latices,0
latrine,2
latters,0
lattice,10
lauding,16
laughed,192
launder,13
laundry,141
laurels,22
lavages,0
lawless,20
lawsuit,804
lawyers,648
laxness,0
layaway,0
layered,66
layette,0
layoffs,122
layouts,20
layover,9
laziest,3
lazying,0
leached,0
leaches,1
leaders,2987
leading,3243
leafage,0
leafier,1
leafing,0
leaflet,13
leagued,0
leagues,152
leakage,29
leakier,0
leaking,84
leanest,1
leaning,133
leapers,0
leaping,37
learned,1247
learner,29
leasers,0
leashed,4
leashes,5
leasing,71
leather,265
leavens,0
leavers,22
leaving,2144
lechers,0
lechery,0
lectern,9
lecture,126
ledgers,1
leeched,0
leeches,3
leerier,0
leering,2
leeward,15
leeways,0
leftest,0
lefties,7
leftism,2
leftist,58
legally,319
legatee,1
legates,0
legatos,0
legends,122
leggier,0
legging,2
leggins,0
leghorn,0
legible,8
legibly,0
legions,19
legless,0
legroom,17
legumes,14
legwork,2
leisure,207
lemming,1
lenders,141
lending,182
lengths,111
lengthy,300
lenient,29
lentils,23
leonine,0
leopard,30
leotard,5
leprosy,9
leprous,0
leptons,0
lesbian,56
lesions,11
lessees,1
lessens,4
lessons,465
lessors,6
letdown,16
letters,461
letting,422
lettuce,43
leveled,43
leveler,0
levelly,0
levered,5
leviers,0
levying,2
lewdest,0
lexical,1
lexicon,13
liaised,5
liaises,0
liaison,54
libbers,0
libeled,0
libeler,0
liberal,266
liberty,98
libidos,1
library,574
licence,474
license,437
lichees,0
lichens,3
licitly,0
licking,20
lidless,0
liefest,0
lifters,5
lifting,204
liftoff,17
ligated,0
ligates,0
lighted,13
lighten,16
lighter,186
lightly,154
lignite,0
likable,18
likened,73
likings,1
lilting,0
limbers,0
limeade,0
limiest,0
limited,1583
limiter,2
limning,0
limpest,0
limpets,0
limping,23
linages,0
lindens,0
lineage,36
lineman,108
linemen,49
lineups,27
lingers,23
lingoes,0
lingual,0
linings,5
linkage,14
linking,152
linkups,0
linnets,0
linseed,1
lintels,0
lintier,0
lioness,1
lionize,1
lippier,0
lipread,0
liquefy,2
liqueur,10
liquids,43
liquify,0
liquors,2
lispers,0
lisping,2
lissome,0
listens,65
listing,234
litchis,0
literal,78
lithely,0
lithest,0
lithium,147
litotes,0
litters,9
littler,2
littles,2
liturgy,15
livable,18
livened,2
lividly,0
livings,2
lizards,17
loaders,2
loading,92
loafers,17
loafing,2
loamier,0
loaners,0
loaning,6
loathed,8
loather,0
loathes,1
lobbers,0
lobbied,28
lobbies,11
lobbing,3
lobster,64
locales,21
locally,465
located,1680
locates,0
locator,6
lockers,18
lockets,0
locking,79
lockjaw,0
lockout,13
lockups,2
locusts,3
lodgers,4
lodging,51
loftier,1
loftily,0
lofting,2
logbook,4
loggers,9
loggias,0
logging,86
logical,127
logiest,0
logjams,2
logoffs,0
logouts,0
loiters,0
lolcats,0
lolling,0
longbow,1
longest,298
longing,52
longish,1
loofahs,0
lookers,0
looking,5386
lookout,94
looming,180
looneys,0
loonier,0
loonies,1
loopier,0
looping,22
loosely,43
loosens,2
loosest,0
loosing,2
looters,6
looting,65
lopping,2
lording,2
lorises,1
lorries,40
losings,0
lotions,10
lottery,163
lotuses,1
loudest,46
lounged,3
lounger,5
lounges,25
louring,0
lousier,0
lousily,0
loutish,1
louvers,0
louvred,0
louvres,2
lovable,33
lovably,1
lowborn,1
lowboys,0
lowbrow,1
lowdown,9
lowered,578
lowland,3
lowlier,0
lowlife,3
lowness,0
loyaler,0
loyally,3
loyalty,256
lozenge,0
lubbers,0
lucider,0
lucidly,1
luckier,5
luckily,44
lucking,1
luffing,0
luggage,126
luggers,0
lugging,5
lugsail,0
lullaby,2
lulling,3
lumbago,0
lumbers,0
lumpier,0
lumping,4
lumpish,0
lunatic,9
lunched,0
lunches,61
lunging,8
lupines,0
lupuses,0
lurched,5
lurches,2
luridly,0
lurking,56
lushest,1
lusters,0
lustful,5
lustier,0
lustily,1
lusting,5
lustres,0
lyceums,0
lychees,0
lynched,8
lyncher,0
lynches,0
lyrical,36
macabre,16
macadam,0
macaque,2
machete,48
machine,781
macrame,0
macrons,0
madcaps,0
maddens,0
madders,0
maddest,1
madding,0
madness,79
madrasa,2
maestri,0
maestro,28
mafiosi,1
mafioso,1
magenta,1
maggots,6
maggoty,0
magical,267
magnate,23
magneto,0
magnets,35
magnify,3
magnums,0
magpies,6
mahatma,0
mahjong,4
mahouts,3
maidens,6
mailbag,7
mailbox,17
mailers,8
mailing,36
maillot,1
mailman,1
mailmen,0
maiming,5
maintop,0
majesty,10
majored,11
makeups,0
makings,14
malaise,20
malaria,76
malefic,0
malices,0
maligns,0
mallard,0
mallets,1
mallows,0
malteds,0
maltier,0
malting,0
maltose,0
malware,79
mamboed,0
mammals,66
mammary,1
mammies,2
mammons,0
mammoth,66
manacle,0
managed,1498
manager,2434
manages,230
mananas,0
manatee,1
mandala,0
mandate,354
mandrel,0
mandril,0
maneges,0
mangers,0
mangier,0
mangled,14
mangles,1
mangoes,10
manhole,15
manhood,9
manhunt,48
maniacs,4
manikin,0
manilas,0
manilla,1
maniocs,0
mankind,26
manlier,1
manlike,0
manners,27
manning,16
mannish,0
mansard,3
mansion,157
mantels,0
mantled,0
mantles,0
mantras,3
manuals,15
manumit,0
manured,0
manures,0
mappers,0
mapping,97
marabou,0
maracas,0
marauds,0
marbled,5
marbles,5
marched,127
marcher,1
marches,32
margins,271
marimba,1
marinas,3
mariner,1
marines,12
marital,63
markers,63
markets,1299
marking,431
markkaa,0
markkas,0
markups,7
marlins,0
marmots,2
maroons,0
marquee,68
marques,0
marquis,0
married,1239
marries,15
marring,0
marrows,0
marshal,34
marshes,15
martens,1
martial,133
martini,23
martins,0
martyrs,26
marvels,22
mascara,31
mascots,13
mashers,0
mashing,3
mashups,6
maskers,0
masking,22
masonry,18
masques,0
massage,110
masseur,0
massifs,1
massing,3
massive,1704
masters,80
mastery,32
mastics,0
mastiff,2
mastoid,0
matador,1
matched,238
matches,1111
matinee,15
matings,0
matrons,1
matters,893
matting,1
mattins,0
mattock,0
matured,38
maturer,0
matures,6
matzohs,0
matzoth,0
maudlin,3
maulers,1
mauling,8
maunder,0
mauvest,0
mawkish,1
maxilla,1
maximal,5
maximum,706
maydays,0
mayhems,0
mayoral,103
maypole,2
mazurka,0
meadows,27
meagrer,0
mealier,0
meander,7
meanest,4
meanies,0
meaning,1171
measles,104
measure,931
meatier,1
meddled,0
meddler,0
meddles,1
medians,6
mediate,14
medical,2778
medicos,2
mediums,28
medleys,4
medulla,0
meekest,1
meeting,4356
megabit,0
megaton,0
meioses,0
meiosis,1
meiotic,1
melange,4
melanin,11
melding,5
mellows,1
melodic,19
melting,74
members,6248
memento,10
memoirs,16
menaced,1
menaces,2
menages,0
menders,0
mending,12
menfolk,1
menials,0
menisci,0
menorah,7
menthol,7
mention,650
mentors,81
meowing,0
mercers,0
mercies,5
mercury,45
mergers,32
merging,40
merinos,0
merited,10
mermaid,12
merrier,4
merrily,3
mescals,0
meshing,2
mesquit,0
message,2084
messiah,8
messier,6
messily,0
messing,43
mestizo,0
meteors,10
metered,9
methane,76
methods,495
methyls,0
metiers,0
mettles,0
mewling,0
miasmas,0
mickeys,0
microbe,4
microns,5
midairs,0
middays,1
middens,0
middies,0
middles,6
midgets,1
midland,0
midlife,18
midmost,0
midribs,0
midriff,2
midsize,15
midterm,30
midtown,7
midways,0
midweek,94
midwife,26
midyear,3
miffing,0
migrant,231
migrate,33
mikados,0
mildest,4
mildews,0
mileage,55
milieus,1
milieux,0
militia,75
milkers,0
milkier,0
milking,18
milkman,5
milkmen,0
milksop,0
millage,7
millers,7
millets,5
milling,26
million,10490
milting,0
mimetic,1
mimicry,4
mimosas,3
minaret,4
mincers,0
mincing,1
mindful,139
minding,16
mindset,259
mineral,183
mingled,16
mingles,2
minibus,23
minicam,0
minimal,288
minimum,981
minings,0
minions,15
minivan,26
minnows,14
minored,0
minster,8
mintage,1
minters,0
mintier,0
minting,7
minuend,0
minuets,0
minuses,1
minuted,0
minuter,0
minutes,4121
minutia,1
miracle,138
mirages,0
miriest,0
mirrors,119
miscall,0
miscast,3
miscued,6
miscues,14
misdeal,0
misdeed,1
misdoes,0
misdone,0
miserly,6
misfile,0
misfire,4
misfits,14
mishaps,34
mishear,0
mislaid,0
mislays,0
mislead,48
misname,0
misplay,0
misread,11
misrule,3
missals,0
missile,447
missing,1968
mission,1440
missive,8
misstep,15
mistake,554
misters,3
mistier,0
mistily,0
mistime,0
misting,4
mistook,10
mistral,1
misused,26
misuses,3
mitered,0
mitoses,0
mitosis,0
mitotic,0
mitring,0
mittens,8
mixable,0
mixture,172
mizzens,0
moaners,0
moaning,14
mobbing,1
mobiles,11
mobster,7
mockers,0
mockery,49
mocking,53
mockups,1
modeled,37
modeler,1
moderns,1
modesty,20
modicum,3
modular,60
modules,59
mohairs,0
moiling,0
moisten,2
moister,0
moistly,0
molders,0
moldier,0
molding,5
molests,0
mollies,0
mollify,1
mollusc,1
mollusk,3
molters,0
molting,0
momenta,0
moments,1340
mommies,1
monarch,131
moneyed,6
mongers,3
mongrel,1
moniker,51
monisms,0
monists,0
monitor,608
monkeys,50
monkish,1
monocle,0
monodic,0
monolog,0
monomer,0
monsoon,78
monster,200
montage,33
monthly,704
mooched,0
moocher,0
mooches,0
moodier,3
moodily,1
mooning,0
moonlit,1
mooring,13
mooting,1
mopiest,0
moppets,0
mopping,17
moraine,1
morales,0
morally,56
mordant,2
morgues,3
morning,3851
morocco,0
moronic,3
morphed,31
morphia,0
morrows,0
morsels,2
mortals,11
mortars,14
mortice,0
mortify,0
mortise,0
mosaics,10
moseyed,1
moshing,0
mosques,41
mossier,0
mothers,231
motions,82
motives,81
motleys,0
motlier,0
motored,2
mottled,4
mottles,0
mottoes,0
moulded,8
moulder,0
moulted,0
mounded,0
mounted,151
mounter,0
mourned,31
mourner,3
mousers,0
mousier,0
mousing,0
moussed,0
mousses,3
mouthed,5
moutons,0
movable,15
muckier,0
mucking,7
mucuses,0
muddied,4
muddier,2
muddies,4
muddily,0
muddled,9
muddles,0
mudflat,0
mudroom,1
muezzin,0
muffing,0
muffins,21
muffled,6
muffler,3
muffles,0
mugfuls,0
muggers,5
muggier,0
mugging,1
muggles,0
mugshot,14
mugwump,0
mukluks,0
mulatto,2
mulched,1
mulches,1
mulcted,0
mullahs,2
mullein,2
mullets,2
mulling,27
mullion,0
mumbled,8
mumbler,0
mumbles,1
mummers,0
mummery,0
mummies,3
mummify,0
munched,2
munches,0
mundane,52
murders,182
murkier,7
murkily,0
murmurs,3
murrain,0
muscats,0
muscled,6
muscles,162
musette,0
museums,147
mushier,1
mushing,1
musical,788
musings,12
muskegs,0
muskets,0
muskier,0
muskies,0
muskrat,0
muslins,0
mussels,27
mussier,0
mussing,0
mustang,0
mustard,53
musters,1
mustier,0
mustily,0
mutable,0
mutably,0
mutagen,1
mutants,21
mutated,12
mutates,3
mutters,3
muttons,0
muttony,0
muumuus,0
muzzled,12
muzzles,0
myopias,0
myriads,2
myrtles,1
mystery,374
mystics,1
mystify,1
nabbing,8
nacelle,0
naggers,0
nagging,21
naiades,0
nailing,18
naively,8
naivest,0
naivete,2
naivety,15
nakedly,2
nannies,10
napalms,0
naphtha,1
napkins,7
napless,0
nappers,0
nappier,0
nappies,18
napping,17
narrate,12
narrows,9
narwhal,0
nasally,0
nascent,27
nastier,4
nastily,0
nations,729
natives,33
natters,0
nattier,0
nattily,0
natural,1875
natures,4
naughts,0
naughty,39
nauseas,0
nautili,0
nearest,191
nearing,118
neatens,0
neatest,2
nebulae,3
nebular,0
nebulas,1
necking,1
necktie,3
nectars,0
needful,13
needier,0
needing,308
needled,3
needles,47
negated,11
negates,3
neglect,173
neglige,0
neighed,0
neither,555
nelsons,0
nemeses,1
nemesis,35
neocons,0
neonate,2
nephews,71
nerdier,0
nervier,0
nerving,0
nervous,324
nesting,54
nestled,61
nestles,3
netbook,0
netting,70
nettled,0
nettles,3
network,1583
neurons,28
neuters,0
neutral,1045
neutron,14
newbies,10
newborn,111
newness,8
newsboy,0
newsier,0
newsman,1
newsmen,48
newtons,1
nexuses,0
niacins,0
nibbled,2
nibbler,0
nibbles,14
nickels,1
nickers,0
nicking,3
niftier,0
niggard,0
niggers,0
niggled,0
niggler,0
niggles,8
nighest,0
nightie,1
nightly,57
nimbler,2
nimrods,0
ninepin,0
ninnies,0
niobium,2
nippers,0
nippier,0
nipping,12
nipples,8
nirvana,5
nitpick,3
nitrate,14
nitrite,0
nitwits,1
noblest,2
nodding,24
noddles,0
nodular,0
nodules,9
noggins,0
noisier,6
noisily,2
noising,0
noisome,0
nomadic,22
nominal,47
nominee,531
nonacid,0
nonages,0
noncoms,0
nonfood,0
nonplus,0
nonskid,1
nonslip,1
nonstop,42
nonuser,0
noodled,0
noodles,57
noonday,0
normals,4
norther,2
nosegay,0
noshers,0
noshing,0
nosiest,0
nostril,8
nostrum,0
notable,536
notably,300
notated,0
notates,0
notched,58
notches,11
nothing,2906
noticed,694
notices,186
notions,37
nougats,0
noughts,0
nourish,19
novella,10
novelle,0
novelty,46
novenae,0
novenas,0
novices,8
nowhere,345
noxious,10
nozzles,5
nuanced,107
nuances,55
nubbier,0
nubbins,0
nuclear,889
nucleon,0
nucleus,10
nudging,11
nudisms,0
nudists,1
nuggets,17
nullify,11
nullity,1
numbers,1881
numbest,0
numbing,8
numeral,0
numeric,3
nuncios,0
nunnery,0
nuptial,1
nursers,0
nursery,158
nursing,321
nurture,56
nutmeat,0
nutmegs,0
nutpick,0
nutrias,0
nuttier,1
nutting,1
nuzzled,1
nuzzler,0
nuzzles,0
nymphet,0
oarlock,0
oarsman,0
oarsmen,0
oatcake,1
oatmeal,17
obelisk,0
obesity,145
obeying,5
objects,263
obliged,53
obliges,6
oblique,17
oblongs,1
obloquy,1
oboists,1
obscene,37
obscure,68
obsequy,0
observe,155
obtains,10
obtrude,0
obtuser,0
obverse,2
obviate,3
obvious,610
ocarina,0
occlude,0
occults,0
oceanic,10
ocelots,1
octagon,10
octanes,0
octaves,1
octavos,0
octette,0
octopus,19
oculars,0
oculist,0
oddball,11
oddment,0
oddness,0
odorous,0
odyssey,11
oedipal,0
oeuvres,0
offbeat,15
offence,497
offends,8
offense,850
offered,1711
offhand,2
officer,2845
offices,592
offings,0
offline,91
offload,32
offsets,18
offside,93
oftener,1
ogreish,0
oiliest,1
oilskin,0
oinking,0
okaying,0
oldness,1
oldster,2
omelets,1
omicron,3
ominous,51
omitted,27
omnibus,6
oneness,4
onerous,24
oneself,46
onetime,26
ongoing,2300
onshore,55
onstage,90
onwards,113
ooziest,0
opacity,6
opaqued,0
opaquer,0
opaques,0
openers,24
openest,0
opening,2585
operate,721
opiates,3
opining,6
opinion,879
opossum,3
opposed,518
opposes,57
oppress,10
optical,74
optimal,132
optimum,18
options,2211
opulent,17
oracles,3
oranger,0
oranges,39
orating,0
oration,2
orators,5
oratory,6
orbital,27
orbited,2
orbiter,4
orchard,37
orchids,15
ordains,1
ordeals,6
ordered,1015
orderly,41
ordinal,0
ordures,0
oregano,9
organdy,0
organic,279
organza,2
orgasms,10
orients,3
orifice,0
origami,6
origins,137
orioles,2
orisons,0
ormolus,0
orotund,0
orphans,23
orrises,0
osmiums,0
osmoses,0
osmosis,4
osmotic,0
ospreys,7
ostrich,6
ottoman,7
ousters,1
ousting,29
outages,176
outback,7
outbids,1
outcast,15
outcome,772
outcrop,9
outdoes,1
outdone,13
outdoor,699
outdraw,0
outdrew,1
outface,0
outfits,206
outflow,19
outgoes,0
outgrew,6
outgrow,4
outguns,1
outhits,0
outings,110
outlaid,0
outlast,10
outlaws,7
outlays,7
outlets,343
outline,136
outlive,7
outlook,359
outplay,2
outpost,30
outputs,40
outrace,0
outrage,207
outrank,1
outruns,0
outsell,0
outsets,0
outside,4020
outsize,10
outsold,1
outstay,0
outtake,1
outvote,0
outward,40
outwear,1
outwits,1
outwore,0
outwork,1
outworn,0
ovarian,39
ovaries,23
ovation,74
overact,0
overage,2
overall,2198
overarm,0
overate,0
overawe,0
overbid,0
overbuy,1
overdid,3
overdub,0
overdue,85
overeat,7
overfed,1
overfly,0
overjoy,0
overlap,33
overlay,16
overlie,0
overpay,5
overran,10
overrun,52
oversaw,75
oversea,0
oversee,172
overtax,0
overtly,35
overuse,13
oviduct,0
ovulate,0
oxblood,0
oxcarts,0
oxfords,0
oxidant,0
oxidize,1
oxygens,0
oxymora,0
oysters,52
pablums,0
pabulum,1
pacific,3
package,707
packers,2
packets,49
packing,120
paddies,4
padding,26
paddled,12
paddler,3
paddles,11
paddock,31
padlock,7
paellas,0
pageant,55
pageboy,0
pagodas,0
pailful,0
painful,353
paining,0
painted,239
painter,49
pairing,118
paisley,4
pajamas,14
palaces,17
paladin,1
palatal,0
palates,8
palaver,0
palette,61
palfrey,0
palings,1
pallets,18
palling,1
pallors,0
palmate,0
palmier,0
palming,0
palmist,0
palmtop,0
palpate,0
palsied,0
palsies,0
pampers,1
panacea,9
panache,3
panamas,0
pancake,31
panders,2
paneled,1
panicky,2
paniers,0
pannier,1
panning,11
panoply,0
pansies,5
panther,3
panties,7
panting,6
papayas,0
papered,3
paperer,0
papilla,0
papists,0
papoose,0
pappies,0
paprika,20
papyrus,3
parable,12
paraded,34
parader,0
parades,47
paradox,23
paragon,5
parapet,9
parasol,8
parboil,0
parcels,94
parched,8
parches,0
pardons,21
parents,2996
pareses,0
paresis,0
parfait,2
pariahs,0
parings,0
parking,1330
parkour,5
parkway,6
parlays,5
parleys,0
parlors,6
parlour,21
parlous,3
paroled,3
parolee,3
paroles,2
parquet,6
parried,11
parries,3
parring,0
parrots,19
parsecs,1
parsing,7
parsley,20
parsnip,5
parsons,0
partake,33
partial,158
partied,17
parties,1735
parting,47
partner,1955
partook,4
partway,2
parvenu,0
pascals,0
paschal,0
passage,236
passels,0
passers,13
passing,1155
passion,740
passive,97
passkey,5
pastels,4
pastern,0
pastier,0
pasties,3
pastime,26
pasting,2
pastors,30
pasture,29
patched,26
patches,117
patella,0
patents,36
pathway,177
patient,807
patinae,0
patinas,0
patriot,14
patrols,159
patrons,128
patroon,0
patsies,1
pattern,371
patters,0
patties,20
patting,3
paucity,11
paunchy,0
paupers,0
pausing,49
pavings,0
pawning,3
pawpaws,0
payable,65
payback,44
paydays,2
payload,40
payment,1056
payoffs,7
payolas,0
payouts,71
payroll,111
payslip,2
paywall,8
peaches,23
peacock,12
peafowl,0
peahens,0
peaking,47
pealing,0
peanuts,31
pearled,0
peasant,6
peatier,0
pebbled,2
pebbles,10
peccary,0
pecking,26
pectins,0
pedagog,0
pedaled,4
pedants,0
peddled,13
peddler,3
peddles,1
pedicab,2
pedlars,0
peeking,9
peelers,0
peeling,24
peepers,2
peeping,8
peerage,3
peeress,0
peering,21
peeving,0
peevish,0
peewees,0
pegging,3
pelagic,1
pelican,6
pellets,24
pelting,13
penalty,1141
penance,4
pencils,10
pendant,16
pendent,1
pending,469
penguin,31
penises,7
penlite,0
pennant,4
pennies,28
penning,19
pennons,0
pension,506
pensive,2
penuche,0
peonage,1
peonies,2
peopled,1
peoples,103
peppers,62
peppery,4
peppier,0
pepping,0
pepsins,0
peptics,0
percale,2
percent,3594
perched,45
perches,6
perfect,2203
perfidy,2
perform,1021
perfume,54
pergola,13
perhaps,1133
perigee,1
periled,0
perinea,0
periods,428
periwig,0
perjure,1
perjury,21
perkier,1
perkily,0
perking,2
perming,0
permits,243
permute,0
perplex,0
persist,123
persona,90
persons,570
pertain,9
pertest,0
perturb,0
perukes,0
perusal,4
perused,4
peruses,2
pervade,4
pervert,17
pesetas,0
peskier,0
peskily,0
pesters,1
pestled,0
pestles,1
petaled,0
petards,1
petcock,0
petered,6
petiole,0
petites,1
petrels,1
petrify,0
petrols,0
pettier,0
pettily,0
petting,24
pettish,0
petunia,0
pewters,0
peyotes,0
pfennig,0
phaeton,0
phalanx,1
phallic,2
phallus,1
phantom,20
pharaoh,3
pharynx,1
phasing,27
phatter,0
phenols,0
phenoms,1
philter,0
philtre,0
phlegms,0
phloems,0
phloxes,0
phobias,4
phobics,0
phoebes,1
phoenix,6
phoneme,0
phoneys,0
phonics,10
phonied,0
phonier,0
phonies,0
phoning,20
photoed,0
photons,7
phrasal,0
phrased,0
phrases,68
physics,93
pianist,43
piaster,0
piastre,0
piazzas,2
pibroch,0
picador,0
picante,2
piccolo,2
pickaxe,2
pickers,15
pickets,5
pickier,0
picking,446
pickled,32
pickles,24
pickups,25
picnics,24
picture,1264
piddled,0
piddles,0
pidgins,0
piebald,0
piecing,14
pierced,21
pierces,2
pieties,1
piffles,0
pigeons,30
piggier,0
piggies,0
pigging,1
piggish,0
piglets,6
pigment,14
pigmies,0
pigpens,0
pigskin,1
pigtail,0
pilaffs,0
pileups,0
pilfers,0
pilgrim,10
pilings,4
pillage,2
pillars,109
pillbox,3
pilling,0
pillion,6
pillory,1
pillows,58
piloted,20
pimento,4
pimping,4
pimpled,0
pimples,6
pinatas,0
pinball,13
pincers,1
pinched,16
pinches,5
pinging,5
pinhead,0
pinhole,5
piniest,0
pinions,0
pinkest,1
pinkeye,2
pinkies,0
pinking,1
pinkish,0
pinkoes,0
pinnate,0
pinning,36
pinocle,0
pinones,0
pintoes,0
pinyons,0
pioneer,95
piously,0
pipette,2
pipings,0
pipping,4
pippins,0
piquant,1
piquing,0
piranha,2
pirated,6
pirates,44
pismire,0
pissing,13
pistils,0
pistols,23
pistons,10
pitapat,0
pitched,207
pitcher,221
pitches,224
piteous,0
pitfall,0
pithier,1
pithily,1
pitiful,9
pitting,19
pitying,1
pivotal,446
pivoted,35
pizzazz,2
placard,21
placate,18
placebo,20
placers,2
placing,331
placket,1
plagued,141
plagues,12
plainer,2
plainly,57
plaints,0
plaited,0
planers,0
planets,61
planing,0
planked,0
planned,1424
planner,68
plantar,7
planted,203
planter,10
plaques,32
plashed,0
plashes,0
plasmas,1
plaster,29
plastic,627
plateau,18
platens,0
platies,0
plating,7
platoon,17
platted,2
platter,22
platypi,0
plaudit,0
playact,0
playboy,7
players,5342
playful,126
playing,3559
playoff,489
playpen,2
pleaded,660
pleader,0
pleased,740
pleases,10
pleated,13
plectra,0
pledged,357
pledges,105
plenary,58
pleurae,0
pliable,7
pliancy,0
plights,3
plinths,1
plodded,0
plodder,0
plopped,4
plotted,24
plotter,2
ploughs,8
plovers,4
plowing,10
plowman,0
plowmen,0
plucked,34
plugged,37
plumage,5
plumbed,1
plumber,28
plumier,0
pluming,0
plummet,28
plumped,7
plumper,1
plumply,0
plunder,15
plunged,118
plunger,4
plunges,12
plunked,6
plurals,0
plusher,1
plushes,0
plushly,0
plusses,0
pluvial,0
plywood,12
poached,12
poacher,1
poaches,0
pockets,237
podcast,681
podding,0
podiums,10
poesies,0
poetess,0
pogroms,3
pointed,1090
pointer,19
poising,0
poisons,13
pokiest,0
polecat,2
polemic,1
policed,4
polices,8
politer,0
politic,10
polkaed,0
pollack,0
pollens,1
polling,580
pollock,2
pollute,10
polygon,1
polymer,13
pomaded,0
pomades,0
pommels,0
pompano,1
pompoms,2
pompons,0
pompous,5
ponchos,1
ponders,6
pongees,0
poniard,0
pontiff,9
pontoon,13
pooches,16
poodles,0
poohing,0
pooling,20
pooping,4
poorboy,0
poorest,74
popcorn,60
popguns,0
poplars,0
poplins,0
popover,0
poppers,1
poppies,21
popping,112
popular,2725
porches,5
porcine,0
porgies,1
porkers,0
porkier,0
porkies,0
portage,2
portals,25
portend,9
portent,0
porters,3
portico,0
porting,2
portion,585
portray,107
poseurs,0
poshest,4
posited,19
possess,127
possums,9
postage,24
posters,137
posting,374
postman,9
postmen,0
posture,100
postwar,29
potable,22
potency,24
potfuls,0
pothead,1
potherb,0
pothers,0
pothole,36
pothook,0
potions,8
potluck,18
potpies,0
potshot,0
pottage,0
potters,6
pottery,51
pottier,0
potties,2
potting,15
pouched,0
pouches,25
poultry,90
pounced,22
pounces,5
pounded,31
pouring,136
pouters,0
pouting,5
poverty,611
powders,16
powdery,5
powered,278
powwows,0
praetor,0
prairie,14
praised,700
praises,62
praline,0
pranced,2
prancer,0
prances,0
praters,0
prating,0
prattle,2
prawned,0
prayers,285
praying,135
preachy,3
precede,9
precept,12
precise,191
precook,1
predate,4
predawn,4
predict,553
preemie,0
preempt,5
preened,0
prefabs,1
preface,6
prefect,10
prefers,89
preform,2
pregame,54
preheat,5
prelacy,0
prelate,5
prelims,16
prelude,17
premeds,0
premier,267
premise,138
premiss,0
premium,502
prenups,0
prepaid,30
prepare,837
prepays,0
prepped,12
preppie,0
prepuce,0
prequel,74
presage,1
present,2001
presets,7
preside,22
presort,0
pressed,185
presser,10
presses,26
prestos,0
presume,17
preteen,5
pretend,154
preterm,9
pretest,0
pretext,44
pretzel,13
prevail,90
prevent,1658
preview,168
prevues,0
preying,11
priapic,0
pricier,25
pricing,452
pricked,2
pricker,0
prickle,0
prickly,10
priding,0
priests,89
primacy,12
primary,1710
primate,13
primers,4
priming,7
primmer,0
primped,0
princes,11
printed,179
printer,51
prising,1
prisons,140
prithee,0
privacy,499
private,2863
privets,0
privier,0
privies,1
privily,0
prizing,1
probate,17
probing,61
probity,7
problem,2574
proceed,278
process,4708
proctor,2
procure,41
prodded,12
prodigy,29
produce,1090
product,1598
profane,13
profess,9
proffer,5
profile,479
profits,412
profuse,3
progeny,7
program,3475
project,4390
prologs,0
prolong,38
promise,747
promoed,0
promote,835
prompts,81
pronest,0
pronged,0
pronoun,14
proofed,2
propane,31
propels,16
propers,0
prophet,38
propose,147
propped,28
prorate,0
prosaic,5
prosier,0
prosody,0
prosper,25
protean,1
protect,2006
protege,8
protein,280
protest,1084
protons,10
prouder,15
proudly,228
proverb,9
provide,4709
proving,221
proviso,4
provoke,58
provost,15
prowess,138
prowled,2
prowler,0
proxies,67
prudent,63
prudery,0
prudish,2
pruners,1
pruning,42
psyched,4
psyches,1
psychic,38
psychos,1
puberty,62
publics,1
publish,167
puckers,0
puckish,1
pudding,56
puddled,1
puddles,8
pudenda,0
pudgier,0
pueblos,1
puerile,1
puffers,0
puffier,0
puffing,10
puffins,1
pullers,3
pullets,0
pulleys,6
pulling,405
pullout,4
pullups,0
pulpier,0
pulping,1
pulpits,2
pulsars,2
pulsate,0
pulsing,10
pumices,0
pummels,1
pumpers,1
pumping,79
pumpkin,107
punched,173
puncher,1
punches,160
pundits,72
pungent,15
puniest,0
punkest,0
punkins,0
punning,1
punster,0
punters,53
punting,13
puppets,28
puppies,69
pupping,1
purdahs,0
purgers,0
purging,5
purines,0
purisms,0
purists,10
puritan,0
purlieu,0
purling,0
purloin,0
purpler,0
purples,4
purport,6
purpose,861
purring,4
pursers,0
pursing,2
pursued,171
pursuer,4
pursues,23
pursuit,352
purveys,0
purview,21
pushers,6
pushier,0
pushily,0
pushing,808
pushups,1
pussier,0
pussies,0
pustule,0
putdown,1
putouts,1
putrefy,0
puttees,0
putters,0
puttied,0
putties,0
putting,1582
puzzled,35
puzzler,0
puzzles,63
pygmies,0
pyjamas,17
pyloric,0
pylorus,0
pyramid,39
pyrites,0
pythons,3
quacked,0
quaffed,0
quahaug,0
quahogs,2
quailed,0
quakier,0
quaking,3
qualify,376
quality,2614
quantum,137
quarrel,14
quarter,18099
quartet,59
quartos,0
quasars,1
quashed,34
quashes,1
quavers,0
quavery,0
queened,0
queenly,1
queered,1
queerer,0
queerly,0
quelled,6
queried,19
queries,83
quested,1
queuing,43
quibble,9
quiches,0
quicken,7
quicker,153
quickie,4
quickly,2624
quieted,3
quieter,75
quietly,218
quietus,0
quilted,15
quilter,0
quinces,0
quinine,0
quintet,14
quipped,97
quirked,0
quitted,0
quitter,1
quivers,5
quivery,0
quizzed,48
quizzer,2
quizzes,18
quoited,0
quondam,0
quorums,1
quoting,267
rabbets,0
rabbits,46
rabbles,0
rabidly,1
raccoon,19
racemes,0
raceway,1
raciest,1
racings,0
racisms,0
racists,20
rackets,4
racking,59
racoons,1
racquet,1
radials,0
radiant,47
radiate,11
radical,225
radioed,4
radiums,0
raffias,0
raffish,0
raffled,2
raffles,26
rafters,10
rafting,9
ragbags,0
raggedy,1
ragging,1
raglans,0
ragouts,0
ragtime,1
ragweed,0
raiders,6
raiding,18
railing,19
railway,391
raiment,0
rainbow,92
rainier,1
raining,40
raisers,2
raising,901
raisins,6
rallied,178
rallies,218
rambled,2
rambler,0
rambles,7
ramekin,0
ramjets,0
ramming,13
rampage,48
rampant,125
rampart,3
ramrods,0
ranched,0
rancher,17
ranches,13
rancors,0
rancour,1
randier,0
rangers,43
rangier,0
ranging,368
rankest,0
ranking,286
rankled,5
rankles,0
ransack,2
ransoms,5
ranters,0
ranting,16
rapider,0
rapidly,485
rapiers,0
rapines,0
rapists,34
rappels,0
rappers,27
rapping,10
rapport,28
rapture,4
rarebit,0
rascals,0
rashers,1
rashest,0
raspier,3
rasping,4
ratchet,7
ratings,496
rations,12
ratlike,0
ratline,0
ratlins,0
rattans,0
ratters,0
rattier,0
ratting,1
rattled,47
rattler,0
rattles,8
rattrap,0
raucous,36
raunchy,17
ravaged,47
ravager,0
ravages,10
raveled,0
ravened,0
ravines,8
ravings,2
ravioli,9
rawhide,0
rawness,6
razzing,0
reached,1800
reaches,248
reacted,176
reactor,48
readers,501
readied,9
readier,0
readies,9
readily,101
reading,1104
readmit,1
readopt,0
readout,16
reagent,0
realest,1
realign,10
realism,52
realist,11
reality,1584
realize,429
realtor,18
reamers,0
reaming,0
reapers,1
reaping,31
reapply,15
rearing,19
rearmed,3
reasons,1429
rebated,1
rebates,52
rebinds,0
rebirth,25
reboils,0
reboots,8
rebound,210
rebuffs,1
rebuild,319
rebuilt,91
rebuked,15
rebukes,6
rebuses,0
recalls,266
recants,0
recasts,1
receded,19
recedes,3
receipt,122
receive,2273
recheck,2
recipes,172
recital,11
recited,18
reciter,0
recites,1
reckons,54
reclaim,106
recline,14
recluse,10
recoils,1
recolor,0
recooks,0
records,1227
recount,61
recoups,1
recover,481
recross,0
recruit,235
rectify,60
rectors,2
rectory,6
rectums,1
recycle,57
redacts,0
redbird,0
redcaps,0
redcoat,0
reddens,0
reddest,2
reddish,5
redeems,1
redhead,10
redials,0
redneck,1
redness,23
redoing,1
redoubt,3
redound,2
redraft,3
redrawn,12
redraws,0
redress,36
redskin,0
reduced,1496
reducer,0
reduces,210
redwood,10
reedier,0
reedits,0
reefers,0
reefing,0
reeking,2
reelect,2
reeling,67
reenact,4
reenter,12
reentry,15
reequip,0
reeving,0
refaced,0
refaces,0
referee,261
reffing,0
refiled,6
refiles,0
refills,14
refined,119
refiner,2
refines,3
reflect,737
refocus,25
refolds,0
reforge,0
reforms,438
refract,4
refrain,110
refresh,146
refroze,0
refuels,0
refugee,208
refuges,9
refunds,73
refusal,192
refused,938
refuses,126
refuted,61
refuter,0
refutes,6
regains,12
regaled,6
regales,0
regalia,10
regally,0
regards,129
regatta,10
regency,8
regents,9
reggaes,0
regimen,29
regimes,70
regions,668
regnant,1
regrade,2
regress,9
regrets,93
regrind,0
regroup,32
regrown,0
regrows,0
regular,1755
rehangs,0
reheard,1
rehears,0
reheats,1
rehired,4
rehires,0
rehouse,3
reigned,18
reining,13
reissue,5
rejects,57
rejoice,27
rejoins,3
rejudge,0
relabel,1
relapse,20
related,1950
relater,0
relates,109
relaxed,228
relaxer,9
relaxes,7
relayed,38
relearn,8
release,3274
relents,3
reliant,84
reliefs,21
relieve,96
relight,1
relined,1
relines,0
relived,4
relives,1
reloads,1
relying,194
remains,3247
remakes,22
remands,1
remarks,689
remarry,4
rematch,165
remelts,0
reminds,184
remixed,4
remixes,7
remnant,12
remodel,23
remolds,0
remorse,91
remoter,0
remotes,3
remount,2
removal,434
removed,1088
remover,14
removes,79
renamed,74
renames,0
renders,34
rending,0
reneged,8
reneger,0
reneges,0
renewal,166
renewed,420
rennets,0
rennins,0
renowns,0
rentals,128
renters,95
renting,101
reoccur,5
reopens,17
reorder,3
reorged,0
repacks,0
repaint,8
repairs,405
repasts,0
repaved,2
repaves,0
repeals,2
repeats,35
repents,0
repined,0
repines,0
replace,868
replant,4
replays,26
replete,11
replica,68
replied,570
replies,78
reports,3617
reposed,7
reposes,0
repress,5
reprice,1
reprint,4
reprise,43
reproof,0
reprove,1
reptile,16
repulse,2
reputed,14
reputes,0
request,1296
requiem,3
require,1253
requite,0
rereads,0
reroute,13
resales,2
rescind,18
rescued,347
rescuer,12
rescues,42
reseals,0
reseeds,0
resells,2
resents,5
reserve,365
resewed,0
reshape,71
reships,0
resided,26
resides,61
residua,0
residue,58
resigns,17
resists,13
resoled,0
resoles,0
resolve,470
resorts,88
resound,1
resowed,0
respect,1307
respell,0
respelt,0
respire,1
respite,101
respond,1117
respray,2
restaff,1
restart,119
restate,3
restful,14
resting,107
restive,12
restock,14
restore,537
restudy,0
restyle,0
results,2920
resumed,159
resumes,62
retails,37
retains,89
retaken,5
retakes,4
retards,0
retched,0
retches,0
reteach,1
retells,2
retests,0
rethink,86
retinae,0
retinal,8
retinas,0
retinue,2
retired,789
retiree,20
retires,28
retools,0
retorts,0
retouch,0
retrace,11
retract,11
retrain,7
retread,3
retreat,192
retrial,19
retried,2
retries,1
retsina,0
returns,921
retweet,2
retying,0
retyped,0
retypes,0
reunify,0
reunion,224
reunite,69
reusing,11
revalue,0
revamps,5
reveals,530
reveled,8
reveler,3
revelry,12
revenge,237
revenue,2847
revered,73
reveres,0
reverie,0
reverse,349
reverts,3
reviews,672
reviled,8
reviler,0
reviles,1
revised,254
reviser,0
revises,3
revisit,105
revival,143
revived,86
revives,5
revoked,77
revokes,0
revolts,6
revolve,27
revving,9
rewards,292
rewarms,0
reweave,0
reweigh,0
rewinds,0
rewired,1
rewires,0
rewords,0
reworks,3
rewound,2
rewoven,0
rewrite,46
rewrote,7
rezoned,6
rezones,1
rhenium,1
rhizome,1
rhodium,1
rhombus,0
rhubarb,17
rhymers,0
rhyming,6
rhythms,40
ribbers,0
ribbing,6
ribbons,24
richest,141
rickets,1
rickety,5
ricking,0
ricksha,0
ricotta,11
ridding,8
riddled,33
riddles,9
ridgier,0
ridging,2
ridings,11
riffing,6
riffled,0
riffles,1
riflers,0
rifling,6
rifting,1
riggers,2
rigging,27
righted,4
righter,0
rightly,137
rigidly,4
rigours,6
rimless,0
rimming,0
ringers,2
ringgit,4
ringing,77
ringlet,0
rinsing,8
rioters,60
rioting,28
riotous,4
ripcord,1
ripened,2
ripoffs,0
riposte,3
riposts,0
rippers,1
ripping,51
rippled,8
ripples,27
ripsaws,0
riptide,1
risible,2
risings,1
riskier,21
riskily,0
risking,67
risotto,7
rituals,104
ritzier,0
rivaled,3
rivalry,190
riveted,7
riveter,0
rivulet,0
roaches,3
roadbed,2
roadies,0
roadway,112
roamers,0
roaming,64
roarers,0
roaring,58
roasted,67
roaster,3
robbers,43
robbery,307
robbing,47
robotic,74
rockers,20
rockets,200
rockier,2
rocking,74
rococos,0
rodents,55
roebuck,0
rogered,0
roguery,0
roguish,3
roiling,8
roister,0
rollers,14
rollick,0
rolling,417
romaine,1
romance,364
rompers,0
romping,3
roofers,3
roofing,36
rooftop,114
rookery,0
rookies,42
rooking,0
roomers,0
roomful,4
roomier,1
rooming,3
roosted,0
rooster,11
rooters,0
rooting,62
rootlet,0
ropiest,0
roseate,0
rosebud,0
rosette,5
rosiest,0
rosined,0
rosters,38
rostrum,3
rotated,25
rotates,10
rotguts,0
rotting,27
rotunda,7
roubles,3
roughed,4
roughen,0
rougher,8
roughly,735
rouging,0
rounded,148
rounder,13
roundly,15
roundup,43
rousing,25
rousted,0
routers,22
routine,619
routing,20
rowboat,2
rowdier,0
rowdies,1
rowdily,0
roweled,0
rowings,0
royally,4
royalty,100
rubatos,0
rubbers,2
rubbery,3
rubbing,40
rubbish,173
rubbles,0
rubdown,0
rubella,12
rubiest,0
rubrics,1
rudders,2
ruddier,0
ruffian,0
ruffing,0
ruffled,17
ruffles,5
rugbies,0
rugrats,0
ruining,40
ruinous,6
rulings,75
rumbaed,0
rumbled,14
rumbles,5
rummage,6
rummest,0
rummies,0
rumored,68
rumours,203
rumpled,0
rumples,0
runaway,64
rundown,35
runlets,0
runnels,0
runners,230
runnier,1
running,3531
runoffs,0
runtier,0
runways,25
rupiahs,0
rupture,16
rushers,23
rushing,349
russets,0
rustics,0
rustier,0
rusting,8
rustled,0
rustler,1
rustles,1
ruttier,0
rutting,4
sabbath,0
sachems,0
sachets,19
sackers,0
sackful,2
sacking,41
saddens,8
saddest,20
saddled,26
saddles,6
sadisms,0
sadists,0
sadness,176
safaris,4
saffron,35
saggier,1
sagging,22
saguaro,0
sailing,167
sailors,70
sainted,0
saintly,3
salaams,0
salable,0
salamis,0
salient,17
salines,0
salivas,0
sallied,0
sallies,0
salmons,0
saloons,0
saltbox,0
saltest,0
saltier,1
saltine,2
salting,2
saluted,13
salutes,17
salvage,74
salvers,0
salving,0
salvoes,2
sambaed,0
samovar,0
sampans,0
sampled,25
sampler,2
samples,285
samurai,20
sanctum,5
sandals,31
sandbag,2
sandbar,1
sandbox,16
sanders,1
sandhog,0
sandier,0
sanding,4
sandlot,0
sandman,0
sandmen,0
sangria,4
sapient,0
sapless,0
sapling,4
sappier,0
sapping,5
sapwood,0
sarapes,0
sarcasm,13
sarcoma,7
sardine,4
sarongs,2
sashays,1
sassier,0
sassing,1
satanic,9
satchel,1
sateens,0
satiate,2
satiety,8
satires,2
satiric,0
satisfy,128
satoris,0
satraps,1
satyric,0
saucers,5
saucier,2
saucily,0
saucing,0
saunaed,0
saunter,1
saurian,0
sausage,86
sauteed,2
savable,0
savaged,6
savager,0
savages,4
savanna,4
savants,2
savings,726
saviors,5
saviour,10
savored,1
savours,0
savoury,38
savvied,0
savvier,2
savvies,0
sawbuck,0
sawdust,9
sawmill,6
sawyers,0
sayings,11
scabbed,0
scabies,8
scalded,3
scalene,0
scalier,0
scaling,85
scallop,10
scalped,4
scalpel,1
scalper,0
scammed,31
scamper,6
scandal,361
scanned,36
scanner,39
scanted,0
scanter,0
scantly,0
scapula,1
scarabs,1
scarcer,2
scarfed,0
scarier,12
scarify,0
scarily,1
scaring,21
scarlet,19
scarped,0
scarred,21
scarves,27
scatted,0
scatter,24
scenery,104
scented,13
scepter,4
sceptic,3
sceptre,0
schemed,5
schemer,2
schemes,343
scherzi,0
scherzo,0
schisms,2
schists,0
schizos,1
schlepp,0
schleps,0
schlock,1
schmalz,0
schmoes,0
schmuck,2
schnaps,0
schnook,0
scholar,91
schools,2464
schrods,0
sciatic,0
science,819
scissor,2
scoffed,22
scoffer,0
scolded,20
scollop,0
sconces,4
scooped,65
scooted,0
scooter,86
scoping,16
scorers,66
scoring,1243
scorned,11
scorner,0
scoured,24
scourer,1
scourge,34
scouted,13
scowled,0
scraggy,0
scraped,30
scraper,7
scrapes,11
scrappy,29
scratch,192
scrawls,0
scrawly,0
scrawny,1
screams,65
screech,5
screens,295
screwed,42
scribal,0
scribes,9
scrimps,0
scripts,63
scrolls,11
scrooge,0
scrotal,0
scrotum,1
scrubby,1
scruffs,0
scruffy,10
scrunch,0
scruple,0
scubaed,0
scudded,0
scuffed,3
scuffle,25
sculled,0
sculler,0
sculpts,1
scumbag,8
scummed,0
scupper,3
scuttle,8
scythed,0
scythes,1
seabeds,1
seabird,8
seafood,136
seagull,11
sealant,7
sealers,0
sealing,45
seamier,0
seaming,0
seances,0
seaport,7
searing,25
seasick,1
seaside,143
seasons,1128
seating,253
seawall,6
seaward,2
seaways,0
seaweed,49
secants,0
seceded,1
secedes,0
seclude,0
seconds,1043
secrecy,56
secrete,6
secrets,200
sectary,0
section,1103
sectors,687
secular,76
secured,799
securer,0
secures,40
sedated,11
sedater,0
sedates,0
seduced,6
seducer,0
seduces,3
seedbed,3
seeders,1
seedier,0
seeding,31
seedpod,0
seekers,209
seeking,1578
seeming,58
seepage,3
seeping,8
seesaws,1
seethed,4
seethes,0
segment,422
seiners,0
seining,0
seismic,77
seizing,75
seizure,122
selects,34
selfies,53
selfish,102
sellers,206
selling,1612
selloff,16
sellout,17
seltzer,2
selvage,0
seminal,30
seminar,57
semipro,1
senates,1
senator,321
senders,5
sending,728
sendoff,4
seniors,314
senoras,0
sensing,36
sensors,148
sensory,93
sensual,20
septets,0
septums,0
sequels,52
sequins,23
sequoia,0
serapes,0
seraphs,0
serener,0
serfdom,1
serials,3
serious,2507
sermons,16
serpent,9
serrate,0
serried,0
servant,124
servers,119
service,5720
servile,4
serving,1199
sesames,0
session,1290
setback,184
settees,0
setters,5
setting,1405
settled,482
settler,41
settles,55
seventh,561
seventy,12
several,5724
severed,41
severer,1
sewages,0
sewings,0
sexiest,13
sexisms,0
sexists,1
sexless,2
sexpots,0
sextant,1
sextets,0
sexting,9
sextons,0
shackle,0
shadier,2
shadily,0
shading,4
shadows,86
shadowy,22
shafted,2
shagged,0
shakers,9
shakeup,12
shakier,2
shakily,1
shaking,144
shallot,3
shallow,99
shamans,4
shamble,1
shaming,25
shammed,0
shampoo,42
shapely,2
shaping,288
sharers,2
shariah,0
sharias,0
sharing,1152
sharped,0
sharpen,25
sharper,35
sharpie,1
sharply,204
shatter,26
shavers,1
shaving,25
sheared,4
shearer,5
sheathe,1
sheaths,0
sheaved,0
sheaves,0
shebang,1
sheered,0
sheerer,0
sheikhs,0
shekels,15
shellac,1
shelled,26
shelter,573
shelved,36
shelves,189
sherbet,2
sheriff,102
shewing,0
shiatsu,1
shields,47
shifted,296
shilled,0
shimmed,0
shimmer,10
shindig,3
shiners,2
shingle,18
shinier,5
shining,109
shinned,0
shipped,110
shipper,2
shirked,1
shirker,0
shirred,0
shivers,5
shivery,0
shlepps,0
shlocks,0
shmaltz,0
shoaled,0
shocked,552
shocker,19
shodden,0
shoeing,1
shoguns,0
shooing,3
shooter,211
shopped,26
shopper,130
shoppes,0
shoring,11
shorted,4
shorten,32
shorter,220
shortie,1
shortly,843
shotgun,60
shouted,142
shouter,0
shovels,21
shoving,33
showbiz,16
showers,424
showery,11
showier,0
showily,0
showing,1638
showman,10
showmen,3
showoff,0
shrieks,3
shrifts,0
shrikes,0
shrills,1
shrilly,0
shrimps,7
shrines,9
shrinks,12
shrived,0
shrivel,3
shriven,0
shrives,0
shrouds,5
shrubby,2
shticks,0
shucked,0
shudder,9
shuffle,36
shunned,27
shunted,5
shushed,3
shushes,1
shuteye,3
shutoff,5
shutout,65
shutter,33
shuttle,77
shyness,8
shyster,0
sibling,82
siccing,0
sickbed,0
sickens,3
sickest,6
sickies,0
sicking,0
sickish,0
sickles,1
sickout,0
sidearm,1
sidebar,8
sidecar,9
sideman,0
sidemen,0
sidings,2
sidling,0
siennas,0
sierras,0
siestas,1
sieving,0
sifters,0
sifting,4
sighing,2
sighted,42
sightly,1
signage,112
signals,321
signers,3
signets,1
signify,43
signing,744
signora,0
signore,0
signori,0
signors,0
silages,0
silence,392
silents,0
silicas,0
silicon,46
silkier,2
silkily,0
sillier,3
sillies,0
siltier,0
silting,1
silvers,9
silvery,10
simians,1
similar,2611
similes,2
simmers,5
simpers,0
simpler,90
sincere,121
singers,150
singing,488
singled,89
singles,343
sinkers,0
sinking,127
sinless,0
sinners,12
sinning,1
sinuous,4
sinuses,5
siphons,1
sippers,0
sipping,48
sirloin,3
sirocco,0
sirrees,0
sissier,0
sissies,0
sisters,337
sitcoms,15
sitters,3
sitting,1139
situate,2
sixfold,1
sixteen,51
sixties,10
sizable,63
sizings,0
sizzled,6
sizzles,2
skaters,35
skating,81
skeptic,14
sketchy,14
skewers,19
skewing,8
skidded,15
skiings,0
skilful,11
skilled,249
skillet,26
skimmed,5
skimmer,1
skimped,1
skinned,11
skipped,65
skipper,140
skirted,3
skitter,1
skulked,1
skulker,0
skunked,1
skycaps,0
skydive,10
skydove,0
skyjack,0
skylark,1
skyline,46
skyward,3
slabbed,0
slacked,0
slacken,0
slacker,3
slackly,0
slaking,0
slaloms,1
slammed,327
slammer,5
slander,15
slanted,7
slapped,127
slashed,124
slasher,22
slashes,13
slather,2
slating,2
slavers,0
slavery,152
slaving,1
slavish,2
slayers,2
slaying,20
sleazes,0
sledded,0
sledder,0
sledged,1
sledges,2
sleeked,0
sleeker,3
sleekly,2
sleeper,67
sleeted,0
sleeved,7
sleeves,82
sleighs,0
sleight,8
slender,34
sleuths,22
slewing,0
slicers,0
slicing,20
slicked,6
slicker,5
slickly,2
sliders,20
sliding,97
slights,6
slimier,0
slimmed,6
slimmer,15
slinked,1
slipped,214
slipper,6
slipway,7
slither,5
slivers,6
slobber,1
slogans,110
slogged,2
sloping,15
slopped,0
sloshed,4
sloshes,0
slotted,47
slouchy,3
sloughs,0
slovens,0
slowest,23
slowing,176
sludges,0
slugged,8
slugger,14
sluiced,1
sluices,1
slumber,16
slumdog,0
slummed,0
slumped,72
slurped,4
slurred,9
slushes,1
slyness,1
smacked,24
smacker,0
smaller,971
smarted,0
smarten,2
smarter,80
smartly,14
smashed,213
smasher,0
smashes,19
smashup,0
smeared,14
smelled,34
smelted,0
smelter,7
smidgen,0
smidgin,0
smileys,0
smiling,166
smirked,8
smiting,0
smitten,24
smocked,1
smokers,28
smokier,0
smoking,265
smolder,5
smooths,9
smother,6
smudged,3
smudges,4
smugger,0
smuggle,35
snacked,2
snaffle,0
snagged,27
snakier,0
snaking,12
snapped,203
snapper,19
snaring,1
snarled,8
sneaked,18
sneaker,26
sneered,4
sneezed,3
sneezes,8
snicker,0
snidely,1
snidest,0
sniffed,6
sniffer,21
sniffle,2
snifter,1
snigger,1
snipers,18
sniping,8
snipped,5
snippet,28
snivels,0
snooker,30
snooped,0
snooper,0
snoozed,0
snoozes,0
snorers,0
snoring,23
snorkel,6
snorted,3
snorter,0
snowier,0
snowing,13
snowman,8
snowmen,2
snubbed,22
snuffed,9
snuffer,0
snuffle,1
snuffly,0
snugged,0
snugger,0
snuggle,12
soaking,64
soapbox,2
soapier,0
soaping,0
soaring,165
sobbing,14
sobered,1
soberer,0
soberly,2
soccers,0
socials,12
society,1490
sockets,15
sockeye,4
socking,0
sodding,0
sodiums,0
sofabed,0
softens,14
softest,7
softies,0
soggier,0
soggily,0
soignee,0
soiling,4
soirees,1
sojourn,11
solaced,0
solaces,0
solaria,0
solders,0
soldier,238
solicit,22
solider,3
solidly,35
solidus,1
soloing,0
soloist,9
soluble,8
solutes,0
solvent,18
solvers,3
solving,143
somatic,2
sombrer,0
someday,56
somehow,363
someone,3578
someway,7
sonatas,0
sonnets,2
sonnies,0
soonest,5
soothed,3
soother,0
soothes,0
sootier,0
sophism,0
sophist,1
soppier,0
sopping,1
soprano,21
sorbets,2
sorcery,9
sorghum,11
sorrels,0
sorrier,0
sorrily,0
sorrows,7
sorters,1
sortied,0
sorties,11
sorting,54
sottish,0
souffle,3
soughed,0
soulful,34
sounded,194
sounder,2
soundly,21
soupcon,0
soupier,0
souping,0
sourced,150
sources,1201
sourest,0
souring,4
sourish,0
sousing,0
soviets,0
soybean,26
spacers,2
spacier,0
spacing,23
spading,0
spammed,0
spammer,0
spandex,9
spangle,0
spaniel,10
spanked,7
spanned,69
spanner,9
sparely,0
sparest,0
sparing,15
sparked,623
sparkle,28
sparred,14
sparrow,9
sparser,1
spartan,2
spastic,0
spathes,0
spatial,52
spatted,0
spatter,3
spatula,11
spavins,0
spawned,39
spaying,1
speaker,442
speared,5
specced,0
special,3572
species,787
specify,100
specked,0
speckle,0
specter,22
spectra,0
spectre,23
speeded,2
speeder,1
speedup,0
spelled,39
speller,0
spender,5
spewers,0
spewing,27
spheres,35
spicier,3
spicily,0
spicing,4
spicule,0
spiders,67
spidery,1
spieled,0
spigots,1
spikier,1
spiking,17
spilled,100
spinach,35
spinals,0
spindle,3
spindly,4
spinets,0
spinier,0
spinner,47
spinoff,69
spiraea,0
spirals,6
spireas,0
spirits,236
spiting,1
spitted,0
spittle,3
splashy,9
splayed,3
spleens,0
spliced,9
splicer,1
splices,1
splints,3
splotch,2
splurge,31
spoiled,67
spoiler,57
sponged,0
sponger,0
sponges,13
sponsor,189
spoofed,5
spooked,31
spooled,0
spooned,2
spoored,0
sporing,1
sported,69
spotlit,0
spotted,685
spotter,6
spousal,13
spouses,68
spouted,6
sprains,2
sprawls,8
sprayed,66
sprayer,5
spreads,97
spriest,0
springs,62
springy,4
sprints,17
sprites,1
sprouts,28
spruced,3
sprucer,0
spruces,2
spryest,0
spumier,0
spuming,0
spumone,0
spumoni,0
spurges,0
spurned,9
spurred,82
spurted,1
sputnik,0
sputter,3
spyware,27
squalid,12
squalls,8
squally,4
squalor,7
squared,38
squarer,1
squares,50
squashy,1
squawks,0
squeaks,2
squeaky,8
squeals,1
squeeze,99
squelch,2
squints,0
squired,0
squires,1
squirms,3
squirmy,0
squirts,0
squishy,11
stabbed,348
stabber,2
stabled,0
stabler,1
stables,23
stacked,114
stadium,562
staffed,48
staffer,69
stagger,7
stagier,0
staging,117
staider,0
staidly,0
stained,53
staking,24
stalest,0
staling,1
stalked,28
stalker,26
stalled,118
stamens,0
stamina,42
stammer,5
stamped,32
stamper,0
stances,26
standby,60
standee,2
stander,0
standup,15
stanzas,3
stapled,5
stapler,1
staples,63
starchy,3
stardom,66
starers,0
staring,96
starker,5
starkly,28
starlet,15
starlit,1
starred,224
started,5242
starter,317
startle,2
startup,219
starved,23
starves,0
stashed,18
stashes,1
stately,18
statics,0
stating,599
station,1843
statues,52
stature,60
statute,94
staunch,71
staving,5
staying,737
stealth,80
steamed,25
steamer,18
steeled,1
steeped,45
steepen,0
steeper,24
steeple,8
steeply,12
steered,45
stellar,222
stemmed,84
stencil,7
stepped,631
stepper,0
steppes,3
stepson,15
stereos,2
sterile,14
sterner,3
sternly,8
sternum,6
steroid,13
stetson,0
stetted,0
steward,27
stewing,7
sticker,65
stickup,1
stiffed,1
stiffen,10
stiffer,13
stiffly,1
stifled,21
stifles,6
stigmas,3
stilled,1
stiller,1
stilted,7
stimuli,7
stinger,2
stinker,3
stinted,0
stipend,24
stipple,0
stirred,63
stirrer,1
stirrup,1
stocked,62
stogies,0
stoical,1
stokers,0
stoking,28
stolons,0
stomach,307
stomped,25
stoners,1
stonier,0
stonily,0
stoning,6
stooges,2
stooped,1
stopgap,12
stopped,1384
stopper,24
stopple,0
storage,892
storeys,30
storied,63
stories,1671
storing,76
stormed,149
stouter,1
stoutly,2
stowage,1
stowing,2
strafed,0
strafes,0
strains,68
straits,16
strands,36
strange,440
stratum,0
stratus,0
strayed,20
streaks,33
streaky,4
streams,244
streets,1166
stretch,636
strewed,1
strides,143
strifes,0
striker,470
strikes,866
strings,65
stringy,2
striped,25
stripes,51
strived,12
striven,1
strives,58
strobes,3
stroked,17
strokes,89
strolls,12
strophe,0
strudel,0
stubbed,2
stubble,8
stubbly,1
stuccos,0
studded,12
student,2141
studied,277
studies,743
studios,184
stuffed,99
stumble,41
stumped,25
stunned,199
stunted,18
stupefy,0
stupids,0
stupors,0
stutter,17
styling,88
stylish,216
stylist,58
stylize,0
stymied,18
stymies,1
styptic,0
suasion,0
suavely,1
suavest,1
suavity,0
subarea,0
subbing,5
subdued,69
subdues,0
subhead,2
subject,1232
subjoin,0
sublets,0
sublime,34
submits,8
suborns,0
subpena,0
subplot,13
subsets,5
subside,13
subsidy,164
subsist,1
subsoil,1
subsume,2
subteen,0
subtext,9
subtler,1
suburbs,220
subvert,29
subways,10
subzero,1
succeed,379
success,2898
succors,0
succour,11
succumb,30
suckers,19
sucking,29
suckled,0
suckles,1
sucrose,2
suction,30
sudsier,0
suffers,129
suffice,28
suffuse,0
sugared,1
suggest,897
suicide,458
suiting,10
suitors,34
sulfate,12
sulfide,5
sulfurs,0
sulkier,0
sulkies,0
sulkily,0
sulking,5
sullied,5
sullies,1
sulphur,13
sultana,0
sultans,0
sumachs,0
summary,314
summers,84
summery,7
summing,4
summits,25
summons,70
sunbath,0
sunbeam,1
sunbelt,0
sunburn,11
sundaes,7
sunders,0
sundial,1
sundown,7
sunfish,5
sunlamp,0
sunless,0
sunnier,14
sunning,1
sunrise,46
sunroof,9
sunsets,14
sunspot,2
suntans,0
suppers,7
supping,2
suppler,0
support,11177
suppose,124
supreme,139
surface,791
surfeit,1
surfers,27
surfing,95
surgeon,136
surgery,985
surging,78
surlier,0
surmise,5
surname,73
surpass,80
surplus,180
surreal,139
surreys,0
surveys,182
survive,509
suspect,1249
suspend,127
sustain,261
sutlers,0
sutured,2
sutures,3
svelter,0
swabbed,3
swaddle,3
swagged,0
swagger,19
swallow,52
swamped,33
swanked,0
swanker,0
swapped,74
swarmed,30
swarthy,1
swashed,0
swashes,0
swathed,4
swathes,36
swatted,16
swatter,0
swaying,22
swearer,0
sweated,7
sweater,43
sweeper,14
sweeten,12
sweeter,33
sweetie,5
sweetly,17
swelled,31
sweller,0
swelter,2
swerved,22
swerves,1
swifter,1
swiftly,233
swigged,1
swilled,0
swimmer,92
swindle,7
swinger,2
swinish,0
swiping,35
swirled,18
swished,8
swisher,0
swishes,1
swivels,2
swobbed,0
swollen,62
swooned,3
swooped,18
swopped,1
syllabi,2
sylphic,0
symbols,91
symptom,69
synagog,0
synapse,0
synched,0
syncing,4
syncope,1
synergy,47
synfuel,0
synonym,4
syphons,0
syringe,15
systems,1768
systole,0
tabbies,0
tabbing,2
tableau,11
tablets,132
tabling,13
tabloid,43
tabooed,0
tabuing,0
tabular,1
tacitly,3
tackers,0
tackier,0
tacking,4
tackled,111
tackler,9
tackles,271
tactful,3
tactics,300
tactile,30
tadpole,0
taffeta,3
taffies,0
taggers,2
tagging,32
tailing,3
tailors,8
tainted,44
takeoff,38
takeout,22
takings,6
talcums,0
talents,296
talkers,4
talkier,0
talkies,3
talking,1832
tallboy,0
tallest,59
tallied,79
tallier,0
tallies,53
tallish,1
tallows,0
tallowy,0
tallyho,0
taluses,0
tamable,0
tamales,9
tampers,0
tamping,4
tampons,14
tanager,0
tanbark,0
tandems,2
tangelo,0
tangent,6
tangier,1
tangled,46
tangles,9
tangoed,0
tankard,1
tankers,56
tankful,0
tanking,12
tanners,1
tannery,1
tannest,0
tanning,26
tannins,3
tansies,0
tantras,0
tantrum,14
tapered,15
tapioca,3
tappers,0
tappets,0
tapping,93
taproom,12
taproot,1
tardier,0
tardily,1
targets,898
tariffs,346
tarmacs,0
tarnish,33
tarpons,0
tarried,1
tarrier,0
tarries,0
tarring,2
tarsals,0
tartans,1
tartars,0
tartest,0
tasered,4
tasking,5
tassels,4
tasters,5
tastier,2
tastily,0
tasting,98
tatamis,1
tatters,14
tatting,0
tattled,0
tattler,0
tattles,0
tattoos,83
taunted,18
taunter,0
tautens,0
tautest,0
taverns,3
tawnier,0
tawnies,0
taxable,50
taxicab,0
taxiing,1
taxying,0
teacake,0
teacher,903
teaches,126
teacups,0
teaming,74
teapots,1
tearful,33
teargas,9
tearier,0
tearing,75
tearoom,10
teasels,0
teasers,14
teasing,80
technos,0
tedious,41
tediums,1
teeming,30
teenage,312
teenier,0
teepees,0
teeters,6
teethed,0
teethes,0
tektite,0
telexed,0
telexes,0
tellers,5
tellies,0
telling,1210
temblor,5
tempera,0
tempers,8
tempest,0
temping,0
temples,66
tempted,90
tempter,0
tempura,6
tenable,6
tenably,0
tenancy,30
tenants,275
tenders,39
tending,49
tendons,6
tendril,2
tenfold,10
tenoned,0
tenpins,0
tensely,1
tensest,0
tensile,0
tensing,4
tension,323
tensity,0
tenthly,0
tenting,0
tenuity,0
tenuous,8
tenured,10
tenures,19
tepider,0
tepidly,0
tequila,41
terbium,8
terming,7
termini,2
termite,5
ternary,0
terrace,85
terrain,151
terrier,20
terries,0
terrify,8
terrors,9
tersely,1
tersest,0
testate,0
testers,24
testier,0
testify,124
testily,1
testing,861
tetanus,6
tethers,1
textile,103
texting,69
textual,10
texture,165
thalami,0
thanked,409
thawing,17
theater,334
theatre,383
theisms,0
theists,0
theorem,1
therapy,471
thereat,0
thereby,182
therein,21
thereof,37
thereon,0
thereto,3
thermal,99
thermos,6
thiamin,0
thicken,14
thicker,49
thicket,4
thickly,8
thieved,0
thieves,148
thimble,1
thinker,16
thinned,6
thinner,46
thirdly,3
thirsts,0
thirsty,22
thistle,4
thither,0
thorium,2
thought,4006
thralls,1
threads,45
thready,0
threats,1066
thrifts,0
thrifty,9
thrills,36
thrived,53
thriven,0
thrives,70
throats,21
throaty,1
thrombi,0
thrones,0
throngs,11
through,16382
thrower,10
thrusts,4
thruway,3
thudded,0
thulium,0
thumbed,1
thumped,17
thunder,31
thwacks,0
thwarts,2
thymine,0
thyroid,41
thyself,1
tickers,0
tickets,1123
ticking,85
tickled,18
tickler,0
tickles,5
tidally,2
tidbits,6
tideway,0
tidiest,0
tidings,2
tidying,17
tieback,0
tiffing,0
tighten,56
tighter,69
tightly,101
tigress,4
tilings,0
tillage,8
tillers,1
tilling,3
tilting,12
timbers,7
timbrel,0
timbres,1
timeout,83
timider,0
timidly,1
timings,28
timothy,0
timpani,0
tinders,0
tinfoil,4
tinging,0
tingled,0
tingles,4
tiniest,22
tinkers,0
tinkled,0
tinkles,0
tinnier,0
tinning,0
tinsels,0
tinting,1
tintype,0
tinware,1
tippers,1
tippets,0
tipping,96
tippled,0
tippler,0
tipples,6
tipsier,0
tipsily,0
tipster,20
tiptoed,3
tiptoes,0
tiptops,0
tirades,8
tireder,0
tiredly,0
tissues,51
titanic,8
titbits,1
tithers,0
tithing,4
titians,0
titling,2
titlist,1
titmice,0
titters,1
tittles,0
titular,83
tizzies,0
toadied,0
toadies,3
toasted,37
toaster,20
tobacco,214
tocsins,0
toddies,0
toddled,0
toddler,127
toddles,0
toecaps,0
toehold,1
toenail,5
toffees,1
toffies,0
togging,0
toggled,2
toggles,7
toilers,1
toilets,176
toiling,11
tolling,11
tollway,3
toluene,2
tombing,0
tomboys,1
tomcats,0
tomtits,0
tonally,4
tonearm,2
tonging,0
tongued,0
tongues,26
toniest,1
tonight,789
tonnage,13
tonsils,2
tonsure,1
toolbox,11
tooling,16
tooters,0
toothed,0
tooting,1
tootled,0
tootles,0
topazes,0
topcoat,0
topiary,4
topical,27
topknot,0
topless,21
topmast,0
topmost,6
toppers,15
topping,364
toppled,37
topples,3
topsail,0
topside,1
topsoil,8
topspin,1
torched,26
torches,10
torment,28
tornado,131
torpedo,20
torpors,0
torqued,0
torques,0
torrent,19
torsion,0
tortoni,0
torture,158
tossing,49
tossups,2
totaled,77
totally,604
totemic,1
totters,1
totting,1
toucans,1
touched,362
touches,202
toughen,11
tougher,141
toughie,1
toughly,0
toupees,0
touring,175
tourism,650
tourist,368
tourney,16
tousled,8
tousles,0
touting,42
towards,2756
towboat,0
toweled,0
towered,2
towhead,0
towhees,0
towline,0
townies,0
towpath,6
towrope,0
toxemia,0
tracers,5
tracery,0
trachea,2
tracing,42
tracked,164
tracker,71
tractor,82
traders,339
trading,1281
traduce,0
traffic,2303
tragedy,464
trailed,120
trailer,549
trained,588
trainee,49
trainer,191
traipse,4
traitor,20
trammed,0
trammel,0
tramped,1
tramper,0
trample,7
trances,0
transit,295
transom,0
trapeze,3
trapped,317
trapper,5
trashed,27
trashes,2
traumas,25
travail,3
travels,184
trawled,4
trawler,9
treacle,5
treacly,0
treadle,1
treason,40
treated,1032
trebled,2
trebles,3
treeing,0
treetop,0
trefoil,1
trekked,5
trekker,0
trellis,3
tremble,9
tremolo,2
tremors,18
trended,9
tresses,21
trestle,5
triages,1
tribune,1
tribute,677
triceps,3
tricked,31
trickle,25
trident,2
trifled,3
trifler,0
trifles,0
trigger,284
trilled,0
trilogy,108
trimmed,153
trimmer,13
trinity,2
trinket,4
tripled,52
triples,18
triplet,5
triplex,1
tripods,0
tripped,40
tripper,1
trireme,0
trisect,0
tritely,0
tritest,0
tritium,5
triumph,215
trivets,0
trivial,33
trivium,0
trochee,0
trodden,5
troikas,0
trolled,19
trolley,39
trollop,0
tromped,0
trooped,4
trooper,41
tropics,13
tropism,0
trotted,16
trotter,1
trouble,711
troughs,8
trounce,6
trouped,0
trouper,0
troupes,11
trouser,7
trowels,2
trowing,0
truancy,4
truants,0
trucked,2
trucker,14
truckle,0
trudged,5
trudges,1
trueing,0
truffle,23
truisms,1
trumped,3
trumpet,24
trundle,3
trussed,0
trusses,7
trusted,349
trustee,73
truther,0
tryouts,6
trysted,0
tsarina,0
tsetses,0
tsunami,75
tubbier,0
tubfuls,0
tubings,0
tubular,5
tubules,0
tuckers,0
tucking,30
tufters,0
tufting,0
tugboat,6
tugging,7
tuition,151
tumbled,38
tumbler,4
tumbles,8
tumbrel,0
tumbril,0
tummies,2
tumours,34
tumults,1
tundras,2
tuneful,1
tuneups,0
tunnels,105
tunnies,0
turbans,1
turbine,43
turbots,0
tureens,0
turfing,2
turkeys,33
turmoil,134
turners,1
turning,1028
turnips,3
turnkey,9
turnoff,5
turnout,315
turrets,17
turtles,51
tussled,5
tussles,2
tussock,2
tutored,6
tutting,0
tuxedos,3
twaddle,1
twanged,0
tweaked,27
tweeted,116
tweeter,2
twelfth,14
twelves,0
twerked,2
twiddle,3
twiddly,0
twigged,0
twilled,0
twiners,0
twinged,0
twinges,0
twining,0
twinkle,10
twinkly,3
twinned,3
twirled,4
twirler,0
twisted,104
twister,6
twitchy,6
twitted,0
twitter,8
twofers,0
twofold,16
twosome,2
tycoons,9
tympana,0
tympani,0
typeset,0
typhoid,5
typhoon,25
typical,508
typings,1
typists,1
tyranny,39
tyrants,10
tzarina,0
ufology,0
ugliest,8
ukelele,0
ukulele,6
ulsters,0
ululate,0
umbrage,10
umlauts,0
umpired,1
umpires,13
umpteen,0
unaided,1
unalike,0
unarmed,27
unasked,0
unaware,206
unbaked,1
unbends,0
unbinds,0
unblock,10
unbolts,0
unbosom,0
unbound,3
unbowed,1
uncanny,16
unchain,1
uncials,0
uncivil,2
unclasp,0
unclean,3
unclear,583
uncloak,0
unclogs,1
uncoils,0
uncorks,0
uncouth,3
uncover,119
uncross,0
unction,0
uncured,0
uncurls,0
undated,44
undergo,228
undoing,22
undress,10
undying,9
unearth,16
uneases,0
uneaten,2
unequal,26
unfixed,3
unfixes,0
unfolds,100
unfrock,0
unfroze,0
unfunny,4
unfurls,5
unglued,1
ungodly,6
unguent,0
unhands,0
unhandy,0
unhappy,151
unheard,43
unhinge,0
unhitch,0
unhooks,0
unhorse,0
unicorn,29
unified,136
unifies,5
uniform,254
uniquer,0
unisons,0
unitary,18
unities,0
uniting,43
unitize,0
unkempt,6
unknown,595
unlaced,0
unlaces,0
unladen,1
unlatch,2
unlearn,3
unleash,76
unlined,0
unloads,2
unlocks,32
unloose,0
unloved,7
unlucky,62
unmakes,0
unmanly,2
unmasks,4
unmeant,0
unmixed,1
unmoral,0
unmoved,12
unnamed,128
unnerve,5
unpacks,6
unpaved,4
unplugs,0
unquiet,1
unquote,6
unrated,2
unravel,53
unready,1
unreels,0
unrests,1
unriper,0
unrolls,2
unsafer,0
unsaved,1
unscrew,2
unseals,0
unseats,0
unshorn,0
unsnaps,0
unsnarl,0
unsound,5
unspent,14
unstops,0
unstrap,0
unstuck,3
untamed,4
untried,3
untruer,0
untruly,0
untruth,4
untwist,0
untying,0
unusual,519
unveils,34
unwinds,1
unwiser,0
unwound,8
unwoven,0
unwraps,2
unyoked,0
unyokes,0
upbeats,0
upbraid,0
upchuck,0
updated,629
updates,805
updraft,0
upended,29
upfront,90
upgrade,469
uphills,0
upholds,19
upkeeps,0
uplands,5
uplifts,6
uploads,20
upraise,0
uprears,0
upright,55
upriver,5
uproars,0
uproots,0
upscale,58
upshots,0
upsides,1
upsilon,0
upstage,5
upstart,16
upstate,28
upsurge,13
upswing,12
uptakes,0
upticks,2
uptight,7
uptowns,0
upturns,0
upwards,116
uracils,0
uranium,112
urbaner,0
urchins,8
uremias,0
ureters,0
urethra,6
urgency,221
urinals,2
urinary,27
urinate,10
urology,10
useable,5
useless,64
ushered,47
usually,1423
usurers,0
usuries,0
usurped,11
usurper,0
utensil,2
uterine,8
utility,367
utilize,123
utmosts,0
utopian,17
utopias,2
uttered,24
utterly,151
uvulars,0
vacancy,93
vacated,66
vacates,0
vaccine,383
vacuity,0
vacuole,1
vacuous,4
vacuums,35
vaginae,0
vaginal,31
vaginas,3
vagrant,0
vaguely,28
vaguest,0
vainest,0
valance,0
valence,2
valency,0
valeted,0
valiant,19
validly,4
valises,0
valleys,57
valours,0
valuate,0
valuers,5
valuing,29
valving,0
vamoose,0
vamping,1
vampire,49
vandals,29
vanilla,88
vanning,0
vantage,36
vapidly,0
vapours,2
vaquero,0
variant,137
variety,1140
various,3039
varlets,0
varmint,1
varnish,6
varsity,79
varying,151
vassals,4
vastest,0
vatting,0
vaulted,25
vaulter,7
vaunted,19
vectors,15
veejays,0
veering,14
veggies,33
vegging,0
vehicle,2813
veiling,1
veining,0
vellums,0
velours,0
velvets,1
velvety,15
venally,0
venders,1
vending,41
vendors,322
veneers,4
venison,11
venting,13
ventral,2
venture,399
veranda,10
verbals,0
verbena,0
verbose,4
verdant,7
verdict,384
verdure,0
vergers,0
verging,3
veriest,0
vernier,0
verruca,1
versify,0
versing,0
version,1491
vertigo,9
vesicle,1
vespers,1
vessels,331
vestals,0
vestige,4
vesting,2
vetches,0
veteran,729
vetoing,6
vetting,53
viaduct,16
vibrant,568
vibrate,9
vibrato,1
viceroy,1
vicious,114
victims,1605
victors,27
victory,2514
victual,0
vicunas,0
videoed,3
viewers,929
viewing,326
vigours,0
vikings,2
village,1502
villain,209
villein,0
vinegar,107
vintage,209
vintner,0
violate,123
violent,792
violets,5
violins,5
violist,1
viragos,0
virgins,6
virgule,0
virtual,428
virtues,41
viruses,98
visages,0
visaing,0
viscera,0
viscose,4
viscous,5
visible,463
visibly,107
visions,88
visited,1008
visitor,235
visuals,128
vitally,19
vitamin,143
vitiate,0
vitrify,0
vitrine,0
vitriol,27
vittles,0
vivaria,0
vivider,0
vividly,32
viziers,0
vocable,0
vocalic,0
vocally,17
voguish,0
voicing,66
voiding,2
volcano,62
volleys,4
voltage,30
voltaic,1
voluble,2
volubly,0
volumes,214
volutes,0
vomited,9
voodoos,0
vouched,3
voucher,82
vouches,0
voyaged,1
voyager,3
voyages,20
voyeurs,0
vulpine,0
vulture,10
wackest,0
wackier,0
wadding,1
waddled,1
waddles,2
waffled,1
waffler,0
waffles,28
wafting,7
wagered,5
wagerer,0
waggery,0
wagging,25
waggish,0
waggled,0
waggles,0
waggons,0
wagoner,0
wagtail,0
wailers,0
wailing,12
waiters,12
waiting,1554
waivers,33
waiving,13
wakeful,0
wakened,0
walkers,94
walking,1271
walkout,29
walkway,38
wallaby,9
wallets,63
walleye,19
walling,5
wallops,1
wallows,1
walnuts,14
waltzed,2
waltzer,0
waltzes,3
wampums,0
wanders,12
wangled,0
wangler,0
wangles,0
wannabe,22
wanness,0
wannest,0
wanting,522
wantons,0
wapitis,0
warbled,0
warbler,6
warbles,1
wardens,25
warders,2
warding,1
warfare,143
warhead,8
wariest,0
warlike,1
warlock,0
warlord,7
warmers,4
warmest,46
warming,246
warmish,0
warmths,0
warmups,13
warning,1507
warpath,4
warping,4
warrant,375
warrens,0
warring,34
warrior,78
warship,36
warthog,1
wartier,0
wartime,67
washers,8
washier,0
washing,241
washout,5
washrag,0
washtub,0
waspish,0
wassail,0
wastage,14
wasters,2
wasting,93
wastrel,1
watched,787
watcher,6
watches,195
watered,23
wattage,6
wattled,0
wattles,0
wavelet,0
wavered,16
waverer,0
waviest,0
waxiest,0
waxwing,1
waxwork,3
waybill,0
waylaid,3
waylays,0
wayside,14
wayward,41
weakens,24
weakest,40
wealths,0
wealthy,294
weaning,7
weapons,1145
wearers,6
wearied,0
wearier,1
wearies,0
wearily,1
wearing,1232
weasels,0
weather,2276
weavers,9
weaving,62
webbing,3
webcams,7
webcast,12
webfeet,0
webfoot,0
webinar,30
website,2092
wedding,891
wedgies,0
wedging,0
wedlock,3
weeders,0
weedier,0
weeding,16
weekday,40
weekend,3175
weenier,0
weenies,0
weening,0
weepers,0
weepier,0
weepies,0
weeping,22
weevils,3
weighed,345
weights,69
weighty,20
weirder,10
weirdie,0
weirdly,14
weirdos,9
welched,0
welches,0
welcome,1490
welders,4
welding,24
welfare,516
welkins,0
welling,4
welshed,0
welsher,0
welshes,0
welters,0
welting,0
wenches,0
wending,0
werwolf,0
western,539
wetback,1
wetland,35
wetness,2
wetters,0
wettest,26
wetting,4
whacked,7
whacker,1
whalers,6
whaling,15
whammed,0
wharves,0
whatnot,12
wheaten,0
wheedle,0
wheeled,21
wheelie,25
wheezed,0
wheezes,0
whelmed,1
whelped,0
whereas,229
whereat,0
whereby,67
wherein,58
whereof,0
whereon,0
whereto,0
whether,4256
whetted,1
whiffed,4
whiling,1
whimper,9
whimsey,0
whiners,0
whinier,0
whining,22
whipped,101
whipper,0
whippet,3
whipsaw,0
whirled,1
whirred,0
whisked,25
whisker,10
whiskey,54
whisper,27
whistle,126
whitens,0
whitest,1
whiteys,0
whither,0
whiting,1
whitish,1
whittle,7
whizkid,0
whizzed,6
whizzes,1
whoever,171
whooped,4
whoopee,1
whooper,0
whopper,5
whorish,0
whorled,0
wickers,0
wickets,239
wicking,1
widened,60
widener,0
widgeon,0
widowed,24
widower,20
wielded,28
wielder,6
wieners,1
wienies,0
wigeons,0
wigging,0
wiggled,0
wiggler,0
wiggles,2
wiglets,0
wigwags,0
wigwams,0
wildcat,10
wildest,32
wiliest,0
willful,23
willies,0
willing,973
willows,2
willowy,2
wilting,7
wimpier,0
wimpish,0
wimpled,0
wimples,0
winched,1
winches,2
wincing,3
windbag,0
winders,0
windier,12
windily,0
winding,89
windows,567
windrow,0
windups,0
winging,0
wingnut,0
wingtip,5
winiest,0
winkers,0
winking,10
winkled,0
winkles,0
winners,665
winning,2233
winnows,0
winsome,2
winters,52
wintery,9
wiretap,1
wiriest,0
wirings,0
wisdoms,0
wishers,6
wishful,20
wishing,142
wispier,0
wistful,13
witched,0
witches,35
withers,2
withing,0
withins,0
without,7355
witless,3
witness,693
wittier,0
wittily,1
witting,0
wizards,7
wizened,2
wobbled,9
wobbles,5
wolfing,0
wolfish,0
wolfram,0
womanly,1
wombats,0
wonders,146
wonkier,0
wontons,0
woodcut,1
woodier,0
woodies,0
wooding,0
woodlot,1
woodman,0
woodmen,0
woofers,6
woofing,0
woolens,0
woolier,0
woolies,1
woollen,4
woozier,0
woozily,0
wordage,0
wordier,0
wordily,0
wording,57
workday,23
workers,2836
working,6641
workman,1
workmen,8
workout,157
workups,0
worldly,17
wormier,0
worming,2
worried,769
worrier,3
worries,243
worsens,27
worship,139
worsted,2
wouldst,0
wounded,420
wraiths,1
wrangle,5
wrapped,327
wrapper,9
wrasses,0
wreaked,24
wreathe,0
wreaths,27
wrecked,43
wrecker,1
wrested,8
wrestle,66
wriggle,14
wriggly,2
wrights,0
wringer,10
wrinkle,18
wrinkly,4
writers,347
writhed,2
writhes,0
writing,1411
written,1260
wronged,18
wronger,0
wrongly,83
wrought,29
wryness,0
wussier,0
wussies,0
xeroxed,0
xeroxes,0
yachted,0
yacking,0
yakking,0
yammers,0
yanking,5
yapping,5
yardage,29
yardarm,0
yardman,0
yardmen,0
yarrows,0
yawners,0
yawning,10
yearned,6
yelling,116
yellows,10
yellowy,0
yelping,1
yeshiva,16
yessing,0
yielded,86
yipping,0
yodeled,0
yodeler,1
yoghurt,41
yogurts,2
younger,1138
yowling,1
yttrium,1
yuckier,0
yucking,1
yukking,0
yummier,0
yuppies,3
zaniest,1
zappers,0
zapping,1
zealots,5
zealous,6
zeniths,0
zephyrs,0
zeroing,2
zestful,0
zestier,0
zigzags,1
zilches,0
zillion,1
zincing,0
zincked,0
zingers,2
zingier,0
zinging,0
zinnias,1
zippers,5
zippier,0
zipping,13
zircons,1
zithers,0
zodiacs,1
zombies,32
zonally,0
zonings,0
zoology,3
zooming,12
zydecos,0
zygotes,0
zygotic,0
zymurgy,0
aardvark,0
abacuses,0
abalones,0
abandons,10
abashing,0
abattoir,5
abbesses,0
abdicate,6
abdomens,2
abducted,134
abductee,2
abductor,2
aberrant,2
abetters,0
abetting,17
abettors,0
abeyance,4
abhorred,0
abidance,2
abjectly,2
abjurers,0
abjuring,0
ablating,1
ablation,4
ablative,0
ablution,1
abnegate,0
abnormal,45
aborning,0
aborting,1
abortion,824
abortive,6
abounded,7
abrading,0
abrasion,0
abrasive,13
abridged,8
abridges,0
abrogate,2
abrupter,0
abruptly,98
abscissa,0
absconds,1
abseiled,1
absences,51
absented,0
absentee,76
absently,1
absinthe,1
absinths,0
absolute,467
absolved,3
absolves,1
absorbed,89
abstains,0
abstract,80
abstruse,3
absurder,0
absurdly,16
abundant,106
abutment,1
abutting,6
academes,0
academia,63
academic,673
acanthus,0
acceding,4
accented,5
accepted,790
accessed,249
accesses,7
accident,924
acclaims,0
accolade,64
accorded,15
accosted,18
accounts,1087
accouter,0
accoutre,0
accredit,2
accruals,0
accruing,12
accuracy,193
accurate,438
accursed,2
accusers,27
accusing,291
accustom,0
acerbate,0
acerbity,0
acetates,0
acetones,0
acetonic,0
achieved,756
achiever,4
achieves,35
acidoses,0
acidosis,2
acolytes,10
aconites,0
acoustic,82
acquaint,2
acquired,1699
acquires,20
acreages,2
acridest,0
acridity,0
acrimony,7
acrobats,7
acronyms,10
acrostic,0
acrylics,3
actinium,0
activate,92
actively,598
activism,116
activist,345
activity,1345
actually,3382
actuated,0
actuates,0
actuator,1
acuities,0
adamants,0
adapters,12
adapting,96
adaptive,67
adaptors,2
addendum,7
addicted,62
addition,2376
additive,14
adducing,0
adenines,0
adenoids,0
adequacy,19
adequate,304
adherent,2
adhering,57
adhesion,2
adhesive,11
adjacent,243
adjoined,4
adjourns,3
adjudged,17
adjudges,0
adjuncts,0
adjuring,0
adjusted,287
adjuster,3
adjustor,1
adjutant,3
admirals,1
admirers,29
admiring,27
admitted,1445
admixing,0
admonish,1
adopters,15
adopting,156
adoption,374
adoptive,31
adorable,109
adorably,5
adorning,12
adrenals,0
adroitly,2
adsorbed,0
adulated,0
adulates,0
adulator,0
adultery,14
advanced,940
advances,195
adverser,0
adverted,0
advisers,115
advising,138
advisors,103
advisory,303
advocacy,332
advocate,487
aerating,4
aeration,4
aerators,1
aerially,2
aerobics,8
aerosols,9
aesthete,2
affected,1730
afferent,0
affiance,0
affinity,47
affirmed,112
affixing,0
afflatus,0
afflicts,2
affluent,61
afforded,70
afforest,0
affronts,1
aflutter,0
agencies,1213
ageratum,0
aggrieve,0
agitated,37
agitates,0
agitator,0
agitprop,0
aglitter,0
agnostic,4
agonized,3
agonizes,1
agrarian,8
agreeing,103
agronomy,4
aigrette,0
ailerons,0
ailments,39
airbases,2
airborne,56
airbrush,1
airbuses,0
aircraft,927
airdrops,15
airfares,22
airfield,40
airflows,0
airfoils,0
airheads,1
airiness,1
airlifts,0
airliner,16
airlines,233
airlocks,0
airmails,0
airplane,71
airplays,0
airports,219
airships,1
airspace,63
airstrip,14
airtight,28
airtimes,0
airwaves,33
alacrity,4
alarming,202
alarmist,7
albacore,1
albinism,8
albumens,0
albumins,0
alcohols,1
alderman,5
aldermen,1
aleatory,0
alehouse,0
alembics,0
alerting,36
alewives,1
alfalfas,0
alfresco,13
algebras,0
aliasing,1
alibiing,0
alienate,23
alienist,0
alighted,5
aligners,0
aligning,91
aliments,0
alkalies,0
alkaline,16
alkalize,0
alkaloid,0
allaying,1
alleging,186
allegory,7
allegros,0
alleluia,0
allergen,4
allergic,69
alleyway,26
alliance,449
allocate,89
allotted,52
allowing,1336
alloying,0
allspice,2
alluding,30
alluring,25
allusion,11
allusive,0
alluvial,1
alluvium,0
almanacs,0
almighty,16
almoners,0
alphabet,16
altering,56
although,1539
altitude,54
altruism,18
altruist,0
aluminas,0
aluminum,79
amalgams,2
amaranth,1
amaretto,2
amassing,40
amateurs,11
ambiance,36
ambience,22
ambition,267
ambrosia,0
ambulant,0
ambulate,0
ambushed,38
ambushes,5
amenable,13
amenably,0
amending,44
amercing,0
amethyst,0
amicable,34
amicably,20
amidship,0
ammeters,0
ammonias,0
amnesiac,3
amnesias,0
amnesics,0
amniotic,5
amorally,0
amortize,2
amounted,101
amperage,1
amphorae,0
amphoras,0
ampoules,0
amputate,5
amputees,3
amylases,0
anaconda,3
anaemias,0
anaerobe,0
anagrams,0
analogue,17
analysed,79
analyses,69
analysis,930
analysts,2502
analytic,2
analyzed,98
analyzer,2
analyzes,22
anapaest,0
anapests,0
anarchic,6
anathema,5
anatomic,0
ancestor,21
ancestry,34
anchored,87
ancients,1
andantes,0
andirons,0
androgen,5
androids,2
anecdota,0
anecdote,34
anemones,1
aneurism,1
aneurysm,7
angelica,0
angering,10
anglings,0
angriest,2
angstrom,0
anilines,0
animated,289
animates,3
animator,8
animisms,0
animists,0
animuses,0
aniseeds,0
anisette,0
annalist,0
annealed,0
annelids,0
annexing,2
annotate,2
announce,572
annoying,122
annually,465
annulled,5
anodized,2
anodizes,0
anodynes,0
anointed,24
anorexia,12
anorexic,3
answered,339
antacids,3
anteater,0
antedate,0
antelope,5
antennae,3
antennas,9
anterior,13
anteroom,0
anthills,0
antibody,23
antidote,27
antigens,0
antihero,8
antimony,11
antiphon,0
antiqued,1
antiques,35
antisera,0
antitank,0
antlered,0
antonyms,0
antsiest,0
anyplace,5
anything,3308
anywhere,708
apathies,0
apatites,0
aperitif,7
aperture,18
aphasias,0
aphasics,0
aphelion,0
aphorism,1
apiaries,0
apiarist,0
apically,0
apologia,0
apoplexy,0
apostasy,0
apostate,2
apostles,9
apothegm,0
appalled,63
apparels,1
apparent,448
appealed,279
appeared,2107
appeased,5
appeaser,0
appeases,1
appended,2
appendix,9
appetite,170
applauds,10
applause,148
appliers,0
applique,0
applying,328
appoints,11
apposing,0
apposite,3
appraise,1
apprised,6
apprises,0
apprized,0
apprizes,0
approach,2657
approval,847
approved,1513
approves,42
apricots,3
aptitude,14
aqualung,0
aquanaut,0
aquarium,23
aquatics,5
aquavits,0
aqueduct,5
aquifers,14
aquiline,0
arachnid,1
arbiters,4
arboreal,1
arboreta,0
archaism,0
archaist,0
archduke,0
archival,38
archived,20
archives,86
archness,0
archways,1
ardently,2
argosies,0
arguable,7
arguably,276
argument,507
armament,11
armature,4
armbands,4
armchair,24
armholes,0
armorers,1
armorial,0
armories,3
armoring,2
armoured,28
armrests,6
aromatic,28
arousals,0
arousing,3
arpeggio,0
arraigns,0
arranged,192
arranger,8
arranges,10
arraying,0
arrested,2792
arrivals,120
arriving,451
arrogant,38
arrogate,0
arsenals,3
arsenics,0
arsonist,9
artefact,3
arterial,10
arteries,24
artfully,8
articles,264
artifact,13
artifice,2
artiness,0
artisans,55
artistes,21
artistic,305
artistry,55
artsiest,0
artworks,54
asbestos,80
ascended,26
ascetics,1
ascribed,12
ascribes,2
ashtrays,0
asperity,1
asphalts,0
asphodel,0
asphyxia,3
aspirant,23
aspirate,0
aspiring,128
aspirins,0
assailed,15
assassin,36
assaults,154
assayers,0
assaying,1
assemble,71
assembly,380
assented,4
asserted,201
assessed,258
assesses,20
assessor,8
assholes,9
assigned,705
assigner,0
assignor,0
assisted,359
assonant,0
assorted,43
assuaged,5
assuages,0
assuming,158
assureds,0
assuring,44
astatine,0
asterisk,12
asteroid,47
astonish,1
astounds,3
astutely,1
astutest,0
atavisms,0
atavists,0
ateliers,1
atheisms,0
atheists,6
athletes,783
athletic,253
atomized,2
atomizer,0
atomizes,0
atonally,0
atrocity,22
atropine,0
attached,403
attaches,11
attacked,791
attacker,138
attained,27
attempts,862
attended,1403
attendee,43
attested,9
attiring,0
attitude,339
attorney,838
attracts,99
attuning,1
atwitter,0
atypical,10
auctions,41
audacity,24
audibles,3
audience,1466
auditing,23
audition,92
auditors,25
auditory,11
augments,3
auguries,1
auguring,0
auguster,0
augustly,0
aureolas,0
aureoles,0
auricles,0
auspices,18
austerer,0
authored,42
autistic,74
autobahn,0
autocrat,6
automata,0
automate,51
autonomy,156
autumnal,16
availing,7
avarices,0
avengers,1
avenging,3
averaged,231
averages,104
averring,0
aversion,28
averting,23
aviaries,0
aviation,249
aviators,2
aviatrix,1
avionics,9
avocados,12
avoiding,267
avouched,0
avouches,0
avowedly,2
awaiting,259
awakened,17
awarding,66
awfuller,0
axletree,0
axolotls,1
azimuths,0
babblers,0
babbling,5
babushka,0
babyhood,0
babysits,0
baccarat,10
bachelor,30
bacillus,0
backache,3
backbite,0
backbone,116
backdate,2
backdrop,294
backfire,31
backhand,32
backhoes,1
backings,0
backlash,259
backless,4
backlogs,29
backpack,77
backrest,1
backroom,34
backseat,37
backside,28
backslid,0
backspin,1
backstop,10
backtalk,0
backward,72
backwash,1
backyard,159
bacteria,217
badgered,2
badinage,0
badlands,0
badmouth,2
bafflers,0
baffling,43
baggages,0
baggiest,0
bagpiper,0
bagpipes,11
baguette,4
bailable,2
bailiffs,9
bailouts,10
bailsman,0
bailsmen,0
bakeries,20
bakeshop,1
baklavas,0
balanced,342
balances,119
baldness,4
baldrics,0
balkiest,0
balladry,1
ballasts,0
ballcock,0
balletic,2
ballgame,8
balloons,103
balloted,4
ballpark,29
ballroom,70
ballsier,0
ballyhoo,0
balmiest,0
baloneys,0
balsamic,4
baluster,0
banality,3
bandaged,12
bandages,7
bandanas,8
bandanna,0
bandeaux,0
bandiest,0
banditry,32
banditti,0
bandsman,3
bandsmen,0
bandying,1
banished,22
banishes,2
banister,1
banjoist,1
bankable,5
bankbook,0
bankcard,0
bankings,0
banknote,7
bankroll,14
bankrupt,75
bannocks,0
banquets,8
banshees,0
banshies,0
bantered,2
baptisms,9
baptized,18
baptizer,0
baptizes,0
barbacoa,1
barbaric,38
barbecue,117
barbells,0
barbeque,11
barbered,0
barberry,0
barbwire,1
bareback,1
barefoot,28
bareness,0
barflies,1
bargains,35
bargeman,0
bargemen,0
baristas,10
baritone,11
barkeeps,0
barmaids,0
barnacle,0
barnyard,2
baronage,0
baroness,2
baronets,1
baronial,1
baronies,0
baroques,0
barracks,42
barraged,2
barrages,13
barreled,10
barrener,0
barrette,0
barriers,391
barrooms,0
bartered,0
barterer,0
basaltic,0
baseball,573
baseless,79
baseline,86
basement,197
baseness,0
bashings,0
basilica,17
basilisk,0
basinful,0
basketry,0
bassinet,6
bassists,0
bassoons,0
basswood,1
bastards,10
bastardy,0
bastions,7
batching,1
bathetic,0
bathings,0
bathmats,0
bathoses,0
bathrobe,4
bathroom,405
bathtubs,4
batistes,0
battened,1
battered,89
batterer,0
battiest,0
battings,0
battleax,0
battlers,0
battling,271
baulking,2
bauxites,0
bawdiest,0
bayberry,1
bayonets,2
bazookas,0
beaching,2
beadiest,0
beadings,0
beanbags,1
beanpole,0
bearable,14
bearably,0
bearding,0
bearings,23
bearlike,0
bearskin,2
beatable,5
beatific,0
beatings,28
beatniks,0
beauties,11
beautify,4
beavered,0
becalmed,0
beckoned,7
beclouds,0
becoming,1640
bedaubed,0
bedazzle,0
beddings,0
bedecked,6
bedevils,2
bedimmed,0
bedizens,0
bedposts,0
bedrocks,1
bedrolls,1
bedrooms,321
bedsides,1
bedsores,1
bedstead,0
bedtimes,2
beebread,0
beechnut,0
beefcake,1
beefiest,1
beehives,8
beelines,0
beeriest,0
beetling,0
befallen,5
befitted,0
befogged,0
befouled,1
befriend,9
befuddle,1
beggared,0
beggarly,0
beginner,32
begonias,1
begotten,3
begrimed,0
begrimes,0
begrudge,4
beguiled,3
beguiler,0
beguiles,0
beguines,0
behalves,0
behaving,62
behavior,624
beheaded,15
behemoth,30
beholden,18
beholder,3
behooved,0
behooves,2
bejewels,0
belabors,0
belabour,0
belaying,0
belching,0
belfries,0
believed,1607
believer,49
believes,1480
belittle,9
bellboys,0
bellhops,1
bellowed,7
bellyful,2
bellying,0
belonged,141
beloveds,0
beltways,0
bemiring,0
bemoaned,25
bemusing,2
benching,8
bendable,2
benefice,0
benefits,2035
benigner,0
benignly,0
bentwood,0
benumbed,0
benzenes,0
benzines,0
bequeath,3
bequests,2
berating,8
bereaved,53
bereaves,0
beriberi,0
berrying,0
berthing,4
beseemed,0
besieged,56
besieger,0
besieges,0
besmears,0
besmirch,4
besotted,7
besought,0
bespeaks,2
bespoken,0
bestiary,0
bestowal,1
bestowed,35
bestrewn,0
bestrews,0
bestride,0
bestrode,1
betaking,0
bethinks,0
betiding,0
betokens,0
betrayal,110
betrayed,72
betrayer,1
betroths,0
bettered,7
beveling,0
bevelled,0
beverage,134
bewailed,0
bewaring,0
bewigged,1
bewilder,0
biannual,4
biassing,0
biathlon,4
biblical,49
bibulous,0
bicepses,0
bickered,6
bickerer,0
biconvex,0
bicuspid,0
bicycled,0
bicycler,0
bicycles,43
biddable,0
biddings,0
biennial,21
biennium,4
bifocals,0
bigamies,0
bigamist,0
bigamous,0
bigheads,0
bighorns,1
bigmouth,0
bilabial,0
billable,2
billeted,0
billfold,0
billiard,3
billings,5
billions,334
billowed,6
binaries,3
bindings,2
bindweed,0
bingeing,4
binnacle,0
binomial,1
biologic,2
biopsied,1
biopsies,5
biplanes,0
biracial,8
birching,0
birdbath,2
birdlime,0
birdseed,0
birettas,0
birthday,905
birthers,0
birthing,21
biscuits,69
bisected,1
bisector,0
bisexual,39
bismuths,0
bitchier,0
bitchily,0
bitching,2
bitcoins,9
bitingly,1
bitterer,0
bitterly,31
bitterns,0
bittiest,0
bitumens,0
bivalent,0
bivalves,1
bivouacs,0
biweekly,6
biyearly,0
blabbers,0
blabbing,1
blackens,1
blackest,1
blacking,1
blackish,0
blackout,58
blacktop,4
bladders,4
blamable,0
blanched,2
blanches,0
blandest,0
blandish,0
blankest,0
blankets,113
blanking,2
blarneys,0
blasters,3
blasting,56
blastoff,1
blatancy,1
blathers,0
blazoned,0
bleached,15
bleacher,2
bleaches,1
bleakest,5
blearier,0
blearily,1
bleating,1
bleeders,0
bleeding,169
bleepers,0
bleeping,1
blenched,0
blenches,0
blenders,4
blending,100
blessing,167
blighted,25
blinders,5
blindest,0
blinding,22
blinkers,5
blinking,14
blintzes,0
blissful,14
blisters,20
blistery,0
blithely,3
blithest,0
blitzing,8
blizzard,31
bloating,27
blobbing,0
blockade,71
blockage,12
blockers,51
blocking,297
bloggers,17
blogging,6
blondest,0
blondish,0
bloodied,31
bloodier,1
bloodies,0
blooding,0
bloomers,1
blooming,40
bloopers,0
blooping,0
blossoms,27
blossomy,1
blotched,0
blotches,2
blotters,0
blotting,2
blousing,0
blowguns,0
blowhard,1
blowiest,0
blowouts,10
blowpipe,0
blowsier,0
blowzier,0
blubbers,0
blubbery,0
bludgeon,5
bluebell,0
bluebird,5
bluefish,2
bluegill,2
blueings,0
bluejays,0
blueness,0
bluenose,0
bluesier,0
bluffers,0
bluffest,0
bluffing,3
blunders,19
bluntest,0
blunting,1
blurrier,1
blurring,23
blurting,4
blushers,0
blushing,7
blusters,0
blustery,25
boarders,6
boarding,150
boasters,0
boastful,5
boasting,108
boatings,0
bobbling,1
bobolink,0
bobsleds,0
bobtails,0
bobwhite,0
bodysuit,13
bodywork,6
bogeying,1
bogeyman,4
bogeymen,1
boggiest,0
boggling,3
bogieing,0
bohemian,9
boldface,3
boldness,14
bolivars,0
bollixed,0
bollixes,0
bolognas,0
boloneys,0
bolsters,19
bombards,1
bombasts,0
bonanzas,0
bondages,0
bondings,0
bondsman,1
bondsmen,1
bonehead,0
boneless,11
boneyest,0
bonfires,14
bonhomie,7
boniness,0
bonitoes,0
bonniest,0
boohooed,0
bookcase,5
bookends,2
bookings,129
booklets,13
bookmark,7
bookshop,25
bookworm,2
boosters,21
boosting,216
bootlegs,1
bootless,0
booziest,0
bordello,0
bordered,19
boredoms,0
boroughs,31
borrowed,89
borrower,18
borsches,0
borschts,0
bossiest,0
bossisms,0
botanies,0
botanist,4
botchers,0
botching,2
bothered,113
bottlers,1
bottling,13
bottomed,5
botulism,6
boudoirs,1
bouffant,1
bouillon,4
boulders,21
bouncers,6
bouncier,1
bouncily,0
bouncing,73
boundary,189
bounders,0
bounding,4
bounties,5
bouquets,19
bourbons,1
boutique,78
bouzouki,0
bowlders,0
bowlfuls,0
bowlines,0
bowlings,0
bowsprit,0
boxwoods,0
boycotts,18
boyhoods,0
boyishly,0
bracelet,53
braceros,0
brackens,0
brackets,31
brackish,0
braggart,1
braggers,0
bragging,53
braiding,6
brailles,0
brainier,0
braining,0
braising,4
brakeman,0
brakemen,0
brambles,4
branched,13
branches,282
branders,0
brandied,1
brandies,3
branding,136
brandish,1
brashest,0
brassier,0
brassily,0
brattier,0
bravados,0
bravuras,0
brawlers,0
brawling,17
brawnier,0
brazened,1
brazenly,23
braziers,0
breached,128
breaches,140
breadbox,1
breading,4
breadths,0
breakage,18
breakers,9
breaking,808
breakout,130
breakups,17
breasted,2
breathed,32
breather,15
breathes,23
breeches,1
breeders,22
breeding,152
breezier,1
breezily,0
breezing,1
brethren,12
breveted,0
breviary,0
brewpubs,0
brickbat,0
bricking,3
bridging,69
bridling,0
briefest,1
briefing,285
brigades,19
brigands,2
brighten,46
brighter,158
brightly,60
brimfull,0
brimless,0
brimming,44
brindled,0
brindles,0
bringers,0
bringing,1590
briniest,0
brioches,0
briquets,1
briskest,0
briskets,0
brisking,0
bristled,8
bristles,14
britches,1
brittler,0
brittles,0
broached,9
broaches,0
broadens,9
broadest,12
brocaded,0
brocades,0
broccoli,32
brochure,18
broilers,2
broiling,0
brokenly,0
brokered,24
bromides,1
bromidic,0
bromines,0
bronchos,0
bronchus,0
bronzing,2
brooches,5
brooders,0
broodier,0
brooding,16
brooking,0
brooklet,0
brothels,5
brothers,522
brougham,0
brouhaha,3
browbeat,0
brownest,0
brownies,19
browning,4
brownish,4
brownout,0
browsers,24
browsing,80
bruisers,2
bruising,66
bruiting,0
brunched,0
brunches,7
brunette,20
brushing,37
brushoff,0
bruskest,0
brusquer,0
brutally,100
bubblier,0
bubblies,0
bubbling,28
buckaroo,1
bucketed,1
buckeyes,0
bucklers,0
buckling,11
buckrams,0
bucksaws,0
buckshot,0
buckskin,0
bucolics,0
budgeted,35
buffalos,0
buffered,3
buffeted,7
buffoons,2
bugaboos,0
bugbears,0
buggered,0
buggiest,0
builders,98
building,4814
buildups,2
bulgiest,0
bulimias,0
bulimics,0
bulkhead,0
bulkiest,0
bulldogs,3
bulldoze,8
bulletin,47
bullfrog,0
bullhead,1
bullhorn,4
bullions,1
bullocks,4
bullpens,4
bullring,0
bullshit,26
bullying,181
bulwarks,2
bumblers,0
bumbling,12
bumpiest,1
bumpkins,1
bunchier,0
bunching,1
buncoing,0
buncombe,0
bundling,12
bungalow,47
bunghole,0
bunglers,0
bungling,5
buntings,0
buoyancy,13
burbling,0
burdened,35
burdocks,0
burgeons,0
burghers,0
burglars,20
burglary,191
burgling,4
burgundy,13
burliest,1
burnable,0
burnoose,0
burnouts,3
burritos,17
burrowed,2
burrower,0
bursitis,0
bursting,76
busgirls,0
busheled,0
bushiest,0
bushings,0
business,7404
bussings,0
bustiest,0
bustling,106
busybody,2
busyness,2
busywork,0
butchers,28
butchery,4
buttered,8
buttocks,20
buttoned,6
buttress,6
buybacks,24
buzzards,5
buzzkill,2
buzzword,13
bypassed,17
bypasses,4
cabarets,2
cabbages,3
cabinets,31
cabochon,0
caboodle,1
cabooses,0
cabstand,0
cachepot,0
cacklers,0
cackling,4
cactuses,0
cadavers,2
caddying,2
cadenced,0
cadences,3
cadenzas,0
cadmiums,0
caduceus,0
caesurae,0
caesuras,0
caffeine,69
caginess,0
caissons,0
caitiffs,0
cajolers,0
cajolery,1
cajoling,4
cakewalk,9
calabash,2
calamari,2
calamine,1
calamity,33
calcined,0
calcines,0
calcites,0
calciums,0
calculus,31
calderas,0
caldrons,0
calendar,416
calender,0
calfskin,2
calibers,3
calibres,3
calicoes,0
calipers,3
callback,10
callings,1
calliope,1
calliper,0
callower,0
callused,0
calluses,6
calmness,21
calories,139
calumets,0
calypsos,0
cambered,0
cambiums,0
cambrics,0
camellia,0
camisole,3
camomile,0
campaign,4812
campfire,18
camphors,0
campiest,0
campings,0
campsite,31
campuses,218
camshaft,2
canalize,0
canaries,1
canastas,0
canceled,249
canceler,0
candidly,50
candlers,0
candling,0
candours,0
candying,0
canister,12
cankered,0
cannabis,530
cannibal,2
canniest,0
cannoned,3
canoeing,13
canoeist,1
canonize,0
canopied,0
canopies,9
cantatas,0
canteens,8
cantered,2
canticle,0
cantonal,4
canvased,0
canvases,8
capacity,1359
capering,0
capeskin,0
capitals,27
capitols,1
caprices,1
capsicum,4
capsized,37
capsizes,1
capstans,0
capstone,9
capsular,0
capsuled,0
capsules,26
captains,56
captions,22
captious,0
captives,52
captured,753
captures,158
caraculs,0
caramels,3
carapace,1
caravans,30
caravels,0
caraways,0
carbides,0
carbines,0
cardamom,9
cardigan,20
cardinal,21
careened,4
careered,7
carefree,27
careless,58
caressed,1
caresses,0
careworn,0
carfares,0
caribous,0
carillon,1
carjacks,0
carloads,0
carmines,0
carnages,0
carnally,0
carnival,102
carolers,1
caroling,3
carolled,0
caroller,0
caroming,1
carotene,2
carotids,0
carousal,0
caroused,0
carousel,33
carouser,0
carouses,0
carpeted,13
carpools,0
carports,1
carrells,0
carriage,73
carriers,159
carrions,0
carryall,0
carrying,969
carryout,3
cartages,0
cartload,0
cartoons,26
carvings,12
caryatid,0
cascaded,5
cascades,6
cascaras,0
caseload,16
casement,0
casework,4
cashback,35
cashbook,0
cashiers,7
cashless,25
cashmere,18
cassavas,0
cassette,16
cassinos,0
cassocks,1
castanet,0
castaway,1
castings,4
castling,0
castoffs,0
castrate,3
casually,65
casualty,109
casuists,0
catacomb,0
catalogs,9
catalpas,0
catalyst,117
catalyze,9
catapult,11
cataract,12
catarrhs,0
catbirds,0
catboats,0
catcalls,2
catchall,0
catchers,15
catchier,0
catching,246
catchups,1
category,717
caterers,8
catering,159
catheter,10
cathodes,3
cathodic,0
catholic,3
cattails,1
cattiest,0
catwalks,3
caucused,1
caucuses,53
caudally,0
cauldron,12
caulkers,0
caulking,1
causally,1
causerie,0
causeway,12
caustics,0
cautions,27
cautious,251
cavalier,11
caviares,0
cavilers,0
caviling,0
cavilled,0
caviller,0
cavities,6
cavorted,0
cayennes,0
cedillas,0
ceilings,74
celeries,0
celerity,0
celestas,0
celibacy,4
celibate,4
cellists,0
cellmate,7
cellular,63
cemented,76
cementer,0
cementum,0
cemetery,152
cenobite,0
cenotaph,9
censored,13
censured,8
censurer,0
censures,1
censused,0
censuses,0
centaurs,0
centavos,4
centered,143
centimes,0
centrals,0
centring,5
centrism,1
centrist,63
cephalic,0
ceramics,34
ceramist,0
cerebral,32
cerebrum,0
cerement,0
ceremony,1370
cerulean,2
cervical,44
cervices,1
cervixes,0
cesarean,2
cessions,0
cesspool,6
cetacean,1
chaffing,1
chagrins,0
chaining,1
chainsaw,22
chairing,21
chairman,746
chairmen,41
chalices,0
chalkier,0
chalking,4
chambers,109
chambray,1
chammies,0
champing,1
champion,1118
chancels,0
chancery,2
chancier,0
chancing,0
chancres,0
chandler,1
changers,6
changing,1068
channels,379
chansons,0
chanters,0
chanteys,1
chanties,0
chanting,95
chapbook,0
chapeaus,0
chapeaux,0
chaperon,0
chaplain,39
chaplets,0
chapping,1
chapters,94
charades,5
charcoal,40
chargers,73
charging,664
chariest,0
chariots,6
charisma,65
charmers,1
charming,199
charring,1
charters,17
charting,19
chastely,1
chastens,0
chastest,0
chastise,1
chastity,4
chasuble,0
chateaus,1
chateaux,0
chattels,1
chatters,2
chattier,1
chattily,0
chatting,111
cheapens,3
cheapest,171
cheaters,5
cheating,146
checkers,4
checking,360
checkoff,3
checkout,70
checkups,11
cheddars,0
cheekier,1
cheekily,10
cheeking,0
cheeping,0
cheerers,0
cheerful,48
cheerier,1
cheerily,3
cheering,164
cheerios,0
cheesier,0
cheetahs,4
chemical,264
chemises,0
chemists,13
chemurgy,0
chenille,1
chequers,0
cheroots,0
cherries,26
cherubic,4
cherubim,0
chervils,0
chessman,0
chessmen,0
chestful,0
chestier,0
chestnut,16
cheviots,0
chevrons,0
chewiest,0
chicanes,1
chickens,79
chickpea,8
chicness,0
chiefdom,2
chiefest,0
chiffons,0
chiggers,1
chignons,0
childish,31
children,7283
chillers,0
chillest,1
chillier,11
chillies,10
chilling,118
chimaera,0
chimeras,1
chimeric,0
chimneys,7
chinking,0
chinning,0
chintzes,0
chipmunk,0
chippers,0
chipping,45
chirpier,0
chirping,7
chirrups,0
chiseled,2
chiseler,1
chitchat,3
chitlins,0
chivalry,3
chlorals,0
chloride,15
chlorine,18
chocking,0
choicest,3
choirboy,0
choleras,0
choleric,0
chomping,9
choosers,4
choosier,0
choosing,378
choppers,2
choppier,1
choppily,0
chopping,46
chorales,0
chorally,0
chordate,0
choroids,0
chortled,2
chortler,0
chortles,0
chorused,0
choruses,6
chowders,0
christen,3
chroming,3
chromium,6
chubbier,0
chucking,8
chuckled,19
chuckles,9
chugging,6
chummier,0
chummily,0
chumming,1
chunkier,2
churches,199
churlish,1
churners,0
churning,25
chutneys,5
chutzpah,3
chutzpas,0
ciabatta,3
cicatrix,0
cicerone,0
ciceroni,0
cigarets,0
cilantro,15
cinching,0
cinchona,0
cincture,0
cindered,0
cinnabar,0
cinnamon,75
ciphered,0
circlets,0
circling,36
circuits,40
circuity,0
circular,143
circuses,2
cisterns,3
citadels,0
citation,30
citified,0
citizens,1352
citruses,0
civilian,390
civilise,2
civility,19
civilize,0
clacking,2
cladding,33
claimant,34
claimers,0
claiming,869
clambake,0
clambers,1
clammier,0
clammily,0
clamming,2
clamored,2
clamours,0
clamping,15
clanging,4
clangors,0
clangour,0
clanking,2
clannish,0
clansman,0
clansmen,1
clappers,2
clapping,27
claptrap,2
clarinet,6
clarions,0
clashing,28
clasping,5
classics,165
classier,0
classify,24
classing,1
clatters,2
clavicle,0
claviers,0
clayiest,0
cleaners,44
cleanest,17
cleaning,535
cleansed,5
cleanser,25
cleanses,7
cleanups,11
clearest,30
clearing,210
cleavage,9
cleavers,1
cleaving,0
clematis,2
clemency,28
clenched,10
clenches,1
clergies,1
clerical,20
clerking,0
cleverer,1
cleverly,32
clevises,0
clickers,3
clicking,81
climates,26
climatic,17
climaxed,4
climaxes,2
climbers,42
climbing,250
clinched,132
clincher,6
clinches,5
clingers,0
clingier,0
clinging,46
clinical,411
clinkers,0
clinking,3
clippers,7
clipping,16
cliquier,0
cliquish,0
clitoral,4
clitoris,2
cloaking,4
clobbers,0
clocking,40
cloddish,1
clogging,12
cloister,0
clomping,1
clonking,0
clopping,0
closeout,4
closeted,8
closeups,1
closings,14
closures,378
clothier,1
clothing,583
clotting,6
clotures,0
cloudier,9
clouding,4
clouting,1
clowning,9
clownish,1
clubbing,17
clubfeet,0
clubfoot,1
clucking,0
clueless,29
clumpier,0
clumping,4
clumsier,0
clumsily,5
clunkers,0
clunkier,0
clunking,0
clusters,59
clutched,10
clutches,25
clutters,1
coaching,612
coachman,0
coachmen,0
coalesce,8
coalface,5
coarsely,0
coarsens,0
coarsest,1
coasters,9
coasting,9
coatings,15
coattail,0
coauthor,1
cobblers,5
cobbling,3
cobwebby,0
cocaines,0
coccyges,0
coccyxes,0
cochleae,0
cochlear,9
cochleas,0
cockades,0
cockatoo,3
cockcrow,0
cockerel,1
cockeyed,1
cockiest,1
cockneys,0
cockpits,0
cocksure,3
cocktail,177
cocoanut,0
coconuts,3
cocooned,0
coddling,2
codeines,0
codicils,0
codified,18
codifier,0
codifies,1
codpiece,0
coequals,0
coercers,0
coercing,8
coercion,38
coercive,52
coevally,0
coexists,1
coffined,0
cogently,2
cogitate,1
cognates,0
cognomen,0
cogwheel,1
cohabits,0
coherent,47
cohering,0
cohesion,73
cohesive,63
coiffing,0
coiffure,0
coinages,0
coincide,79
coituses,0
colander,7
coldness,4
coleslaw,12
coleuses,0
coliseum,1
collages,5
collapse,442
collards,1
collared,13
collated,22
collates,4
collator,0
collects,72
colleens,0
colleges,252
collided,157
collides,8
colliers,0
colliery,8
colloids,0
colloquy,0
colluded,5
colludes,0
colognes,0
colonels,3
colonial,133
colonies,55
colonist,1
colonize,3
colophon,0
colorant,1
coloreds,0
colorful,140
coloring,24
colorize,0
colossal,53
colossus,4
coloured,70
columnar,0
columned,0
comakers,0
comatose,6
combated,4
combined,922
combiner,0
combines,170
combings,0
comeback,427
comedian,243
comedies,42
comedown,4
comelier,0
comfiest,2
comforts,35
comities,0
commando,13
commands,103
commence,146
commends,11
comments,1752
commerce,92
commodes,1
commoner,2
commonly,273
communal,161
communed,1
communes,4
commuted,17
commuter,59
commutes,21
compacts,1
compared,3140
compares,138
compeers,0
competed,218
competes,94
compiled,175
compiler,5
compiles,7
complain,174
complete,2017
complied,54
complies,29
comports,0
composed,157
composer,89
composes,1
composts,1
compotes,0
compound,201
compress,9
comprise,61
computed,6
computer,577
computes,1
comrades,53
conceals,7
conceded,242
concedes,24
conceits,1
conceive,31
concepts,158
concerns,2948
concerti,0
concerto,4
concerts,282
conciser,0
conclave,8
conclude,221
concocts,1
concords,0
concrete,423
condemns,37
condense,5
condoled,8
condoles,1
condoned,0
condones,2
conduced,0
conduces,1
conducts,52
conduits,3
conferee,0
confetti,27
confided,32
confider,0
confides,5
confined,115
confines,49
confirms,161
conflate,5
conflict,1333
conforms,2
confound,2
confrere,0
confront,183
confused,282
confuses,3
confuted,0
confutes,0
congaing,0
congeals,0
congests,0
congrats,5
congress,56
conifers,6
conjoins,0
conjoint,1
conjugal,5
conjunct,0
conjured,13
conjurer,0
conjures,15
conjuror,0
connects,175
connived,4
conniver,0
connives,1
connoted,0
connotes,1
conquers,2
conquest,30
consents,7
conserve,57
consider,1719
consigns,1
consists,198
consoled,8
consoles,95
consomme,0
consorts,3
conspire,8
constant,516
construe,1
consular,41
consults,6
consumed,172
consumer,781
consumes,37
contacts,126
contains,384
contemns,0
contempt,125
contends,43
contents,151
contests,184
contexts,55
continua,0
continue,5743
contorts,4
contours,24
contract,1817
contrail,0
contrary,178
contrast,506
contrite,4
contrive,1
controls,382
contused,0
contuses,0
convened,82
convener,23
convenes,7
convents,1
converge,27
converse,23
converts,41
convexly,0
conveyed,107
conveyer,1
conveyor,14
convicts,28
convince,249
convoked,0
convokes,0
convoyed,0
convulse,3
cookbook,32
cookings,0
cookouts,4
cookware,10
coolants,1
coolness,12
coonskin,0
coopered,0
copilots,2
coppices,0
copulate,0
copybook,1
copycats,5
copyists,0
coquetry,0
coquette,4
coracles,0
cordages,0
cordials,0
cordites,0
cordless,33
cordoned,60
cordovan,0
corduroy,5
cornball,1
corncobs,0
cornered,32
cornices,4
corniest,0
cornmeal,8
cornrows,2
corollas,0
coronals,0
coronary,20
coroners,6
coronets,0
corporal,21
corpsman,3
corpsmen,1
corpuses,0
corrects,9
corridor,184
corroded,9
corrodes,1
corrupts,5
corsages,0
corsairs,0
corseted,1
corteges,0
cortexes,0
cortical,1
cortices,0
corundum,0
corvette,2
cosigned,1
cosigner,1
cosiness,7
cosmetic,81
cosmoses,0
cosplays,2
cosseted,3
costlier,9
costumed,11
costumer,2
costumes,186
coteries,0
cottager,0
cottages,35
cottoned,1
couching,0
coughing,54
coulombs,0
councils,334
counsels,13
counters,63
countess,0
counties,427
counting,226
couplets,0
coupling,12
courages,0
couriers,21
coursers,1
coursing,5
courtesy,213
courtier,2
courting,18
couscous,5
coutures,0
covenant,26
coverage,1395
coverall,0
covering,588
coverlet,0
covertly,14
coverups,1
coveting,2
covetous,3
cowardly,33
cowbells,1
cowbirds,0
cowering,5
cowgirls,2
cowhands,0
cowherds,0
cowhides,1
cowlicks,0
cowlings,0
coworker,40
cowpokes,0
cowpoxes,0
cowslips,0
coxcombs,0
coxswain,2
cozenage,0
cozening,0
coziness,2
crabbers,1
crabbier,0
crabbily,0
crabbing,0
crablike,0
crackers,37
cracking,127
crackled,3
crackles,1
crackpot,0
crackups,0
cradling,18
craftier,1
craftily,2
crafting,136
craggier,0
cramming,8
cramping,11
crampons,3
craniums,0
crankier,0
crankily,0
cranking,8
crannied,0
crannies,9
crappier,0
crappies,1
crapping,0
crashing,176
crassest,0
cratered,7
cravenly,0
cravings,34
crawdads,0
crawfish,15
crawlers,7
crawlier,0
crawlies,3
crawling,46
crayfish,11
crayoned,0
craziest,17
creakier,0
creakily,0
creaking,15
creamers,2
creamery,4
creamier,2
creamily,0
creaming,0
creasing,4
creating,1664
creation,693
creative,982
creators,263
creature,126
credence,17
credenza,0
credible,214
credibly,7
credited,202
creditor,25
creepers,0
creepier,3
creepily,0
creeping,48
cremains,1
cremated,23
cremates,0
creosote,0
crescent,12
cresting,2
cretonne,0
crevasse,4
crevices,10
cribbage,3
cribbers,0
cribbing,2
crickets,9
cricking,0
criminal,1741
crimping,0
crimsons,0
cringing,1
crinkled,1
crinkles,0
crippled,28
crippler,0
cripples,2
crispest,1
crispier,0
crisping,2
criteria,309
critical,2180
critique,59
critters,20
croakier,0
croaking,1
crochets,1
crockery,4
crocuses,3
cronyism,6
crooking,0
crooners,3
crooning,4
cropland,5
croppers,1
cropping,15
croquets,0
crosiers,0
crossbar,43
crossbow,20
crosscut,0
crossest,0
crossing,516
crotches,1
crotchet,0
crouched,11
crouches,2
croupier,0
croutons,3
crowbars,1
crowding,12
crowfeet,0
crowfoot,0
crowning,31
croziers,0
crucible,2
crucifix,10
cruddier,0
crudites,0
cruelest,1
crueller,0
cruisers,24
cruising,62
crullers,1
crumbier,0
crumbing,1
crumbled,28
crumbles,5
crummier,0
crumpets,6
crumpled,20
crumples,1
crunched,8
crunches,13
cruppers,0
crusaded,1
crusader,6
crusades,4
crushers,2
crushing,107
crustier,0
crustily,0
crusting,1
crutches,30
crystals,39
cubicles,7
cuckolds,0
cucumber,38
cuddlier,0
cuddling,19
cudgeled,0
cufflink,0
cuisines,28
culinary,265
culottes,0
culpable,35
culpably,0
culprits,57
cultisms,0
cultists,9
cultural,1169
cultured,13
cultures,182
culverts,14
cumbered,0
cumbrous,0
cumquats,0
cunnings,0
cupboard,50
cupcakes,15
cupidity,0
cupolaed,0
curacies,0
curating,22
curative,5
curators,13
curbings,0
curdling,0
curlicue,0
curliest,0
curlings,0
curlycue,0
currants,1
currency,382
currents,54
currying,3
cursedly,0
cursives,0
curtails,0
curtains,62
curtness,0
curtseys,1
curtsied,1
curtsies,0
curviest,0
cushiest,0
cushions,43
cuspidor,0
custards,3
customer,1181
cutaways,3
cutbacks,14
cuteness,7
cutesier,0
cuticles,4
cutlases,0
cuttings,16
cutworms,0
cyanides,0
cybersex,0
cyclamen,2
cyclical,24
cyclists,128
cyclones,22
cyclonic,7
cyclopes,0
cylinder,37
cynicism,21
cynosure,2
cyphered,0
cytology,1
cytosine,0
czarinas,0
czarists,0
dabblers,1
dabbling,9
dactylic,0
dadaisms,0
dadaists,0
daemonic,0
daffiest,0
daffodil,5
daftness,0
daintier,1
dainties,0
daintily,1
daiquiri,2
dairying,1
dairyman,1
dairymen,0
dalliers,0
dallying,0
damaging,293
damasked,0
damnable,0
damnably,0
damndest,1
dampened,23
dampener,2
dampness,1
dancings,0
dandiest,0
dandling,0
dandruff,12
danglers,0
dangling,24
danishes,0
dankness,0
danseuse,0
dapperer,0
dappling,0
daringly,0
darkened,21
darkener,0
darkness,186
darkroom,5
darlings,9
darneder,0
dashikis,0
dastards,0
databank,1
database,168
dateless,0
dateline,0
daughter,2206
daunting,147
dauphins,0
dawdlers,0
dawdling,2
daybreak,5
daycares,4
daydream,11
daylight,128
daytimes,0
dazzlers,1
dazzling,102
deadbeat,4
deadbolt,1
deadened,1
deadlier,13
deadline,555
deadlock,45
deadpans,1
deadwood,1
deafened,1
deafness,9
dealings,79
deanship,0
dearness,2
deathbed,13
debacles,1
debarked,0
debarred,2
debasing,3
debaters,3
debating,71
debility,1
debiting,0
debonair,0
debriefs,1
debugged,0
debunked,42
debuting,46
decadent,20
decagons,0
decamped,4
decanted,0
decanter,3
decaying,18
deceased,398
deceases,0
decedent,3
deceived,31
deceiver,1
deceives,0
decently,8
decibels,12
deciding,280
decimals,2
decimate,10
decipher,24
decision,4526
decisive,247
deckhand,2
declaims,0
declared,1097
declarer,0
declares,74
declined,786
decliner,1
declines,122
decoders,1
decoding,6
decorate,47
decorous,1
decorums,0
decoying,0
decrease,494
decrepit,9
decrying,13
dedicate,45
deducing,1
deducted,36
deepened,50
deepness,0
deerskin,0
defacers,0
defacing,11
defamers,0
defaming,22
defaults,18
defeated,540
defeater,1
defecate,5
defected,31
defector,4
defences,97
defended,356
defender,540
defensed,13
defenses,140
deferral,9
deferred,89
defiance,50
deficits,51
defilers,0
defiling,3
definers,0
defining,122
definite,50
deflated,29
deflates,2
deflects,10
deflower,0
defogged,0
defogger,0
deforest,0
deformed,4
defrauds,0
defrayal,0
defrayed,0
defrocks,0
defrosts,0
deftness,3
defusing,0
degassed,0
degraded,39
degrades,6
deifying,0
deigning,1
dejected,18
delayers,0
delaying,86
delegate,63
deleting,24
deletion,21
delicacy,33
delicate,167
delights,60
delimits,1
delirium,12
delivers,372
delivery,1013
deloused,0
delouses,0
deluding,1
deluging,0
delusion,14
delusive,0
demagogs,0
demagogy,0
demanded,416
demeaned,2
demeanor,62
demented,12
dementia,294
demerits,2
demesnes,0
demigods,3
demijohn,0
demising,0
democrat,14
demolish,82
demoniac,0
demoting,2
demotion,15
demurely,0
demurest,0
demurral,0
demurred,5
demurrer,3
denature,0
dendrite,0
deniable,2
denizens,6
denoting,6
denounce,29
dentally,0
dentines,0
dentists,58
dentures,12
denuding,1
departed,159
depended,37
depicted,108
deplaned,1
deplanes,0
depleted,56
depletes,5
deplored,7
deplores,5
deployed,473
deponent,1
deported,56
deportee,1
deposing,3
deposits,195
depraved,24
depraves,0
deprived,94
deprives,12
deputies,203
deputing,0
deputize,3
derailed,55
deranged,31
deranges,0
derelict,64
deriding,3
derision,6
derisive,3
derisory,3
deriving,8
dermises,0
derogate,0
derricks,0
derriere,1
desalted,0
descants,0
descends,21
descents,4
describe,443
descried,0
descries,0
deserted,36
deserter,0
deserved,209
deserves,399
designed,1770
designer,381
desiring,7
desirous,4
desisted,0
desktops,12
desolate,12
despairs,3
despatch,3
despised,13
despises,4
despoils,0
despotic,3
desserts,68
destined,105
destines,0
destroys,48
destruct,1
detached,120
detaches,3
detailed,645
detained,428
detainee,13
detected,220
detector,33
detentes,0
deterred,37
detested,1
dethrone,9
detonate,8
detoured,5
detoxify,3
detoxing,4
detracts,6
detritus,5
devalued,9
devalues,2
develops,140
deviance,0
deviancy,1
deviants,4
deviated,10
deviates,9
deviling,0
devilish,6
devilled,1
deviltry,0
devising,11
devolved,59
devolves,5
devotees,70
devoting,18
devotion,100
devoured,14
devouter,0
devoutly,2
dewberry,0
dewclaws,0
dewdrops,0
dewiness,0
dextrose,1
dextrous,0
diabetes,275
diabetic,28
diabolic,3
diagnose,38
diagonal,17
diagrams,9
dialects,12
dialling,8
dialogue,459
dialyses,0
dialysis,30
diameter,41
diamonds,70
diapason,0
diapered,0
diarists,2
diarrhea,33
diaspora,78
diastase,0
diastole,0
diatomic,0
diatonic,0
diatribe,8
dibbling,0
dickered,0
dictated,39
dictates,37
dictator,82
dictions,0
didactic,3
diddlers,1
diddling,0
diehards,7
diereses,0
dieresis,0
dieseled,0
dietetic,1
differed,18
diffused,6
diffuses,0
digerati,0
digested,13
diggings,0
digitize,4
digraphs,0
dilating,1
dilation,5
dilators,0
dilatory,0
dilemmas,23
diligent,43
diluting,14
dilution,20
diminish,55
dimities,0
dimpling,1
dinettes,0
dingbats,0
dingdong,0
dinghies,5
dingiest,0
dinguses,0
dinkiest,0
dinnered,0
dinosaur,45
diocesan,17
dioceses,19
dioramas,1
dioxides,0
diploids,0
diplomas,18
diplomat,99
dippiest,0
dipstick,2
diptychs,1
directed,869
directer,0
directly,2325
director,3396
dirtiest,4
dirtying,3
disabled,330
disables,8
disabuse,0
disagree,164
disallow,5
disarmed,6
disarray,43
disaster,650
disavows,0
disbands,1
disburse,3
discards,5
discerns,0
disciple,24
disclaim,1
disclose,204
discoing,0
discolor,0
discords,0
discount,402
discover,441
discreet,40
discrete,20
discuses,0
disdains,2
diseased,19
diseases,352
disfavor,1
disgorge,1
disgrace,63
disguise,52
disgusts,0
dishevel,0
dishonor,1
dishpans,0
dishrags,0
dishware,0
disinter,0
disjoint,0
diskette,0
disliked,24
dislikes,15
dislodge,14
disloyal,9
dismally,1
dismayed,26
dismount,3
disobeys,1
disorder,460
disowned,15
dispatch,58
dispense,13
disperse,47
dispirit,0
displace,22
displays,301
disports,0
disposal,194
disposed,45
disposer,1
disposes,1
disproof,0
disprove,7
disputed,137
disputer,0
disputes,198
disquiet,5
disrobed,1
disrobes,0
disrupts,22
dissects,3
dissents,1
dissever,0
dissolve,44
dissuade,24
distaffs,0
distally,0
distance,731
distaste,6
distends,0
distills,3
distinct,266
distorts,6
distract,68
distrait,0
distress,237
district,1986
distrust,55
disturbs,8
disunion,0
disunite,0
disunity,4
disusing,0
ditching,30
dithered,3
ditherer,0
ditsiest,0
dittoing,0
ditziest,0
diuretic,1
divalent,0
diverged,12
diverges,6
diverted,166
divested,11
dividend,2316
dividers,5
dividing,55
divinely,3
diviners,1
divinest,0
divining,1
divinity,9
division,763
divisive,152
divisors,0
divorced,136
divorcee,6
divorces,17
divulged,17
divulges,2
divvying,0
dizziest,0
dizzying,22
djellaba,0
doberman,0
docilely,0
docility,1
docketed,1
dockyard,5
doctoral,35
doctored,16
doctrine,76
document,725
doddered,0
doeskins,0
dogcarts,0
dogeared,0
dogfight,9
doggedly,1
doggerel,0
doggiest,0
doggoned,0
doggoner,0
doggones,0
doghouse,4
dogmatic,8
dogtrots,0
dogwoods,2
doldrums,9
dolloped,0
dolomite,0
dolorous,0
dolphins,50
domestic,1274
domicile,4
dominant,330
dominate,184
domineer,0
dominion,9
dominoes,9
donating,126
donation,469
doodlers,0
doodling,1
doomsday,17
doorbell,63
doorknob,5
doormats,1
doorstep,109
doorstop,0
doorways,11
dooryard,0
dopiness,0
dorkiest,0
dormancy,7
dormouse,1
dorsally,0
dossiers,2
dotingly,0
dottiest,0
doublets,1
doubling,128
doubloon,0
doubters,19
doubtful,41
doubting,23
douching,3
doughier,0
doughnut,20
dourness,0
dovecote,0
dovetail,3
dowagers,0
dowdiest,0
doweling,0
dowelled,0
dowering,0
downbeat,4
downcast,4
downfall,62
downhill,75
downiest,0
download,238
downplay,33
downpour,38
downside,122
downsize,19
downtime,52
downtown,689
downturn,88
downward,131
downwind,9
doxology,0
doyennes,0
drabbest,1
drabness,1
drachmae,0
drachmai,0
drachmas,1
draftees,4
drafters,3
draftier,0
draftily,0
drafting,76
draggier,0
dragging,88
dragnets,0
dragoons,0
drainage,162
drainers,0
draining,52
dramatic,522
draughts,5
draughty,7
drawback,21
drawings,81
drawling,0
dreadful,58
dreading,16
dreamers,2
dreamier,0
dreamily,1
dreaming,76
drearier,0
drearily,1
dredgers,0
dredging,21
drenched,25
drenches,0
dressage,15
dressers,0
dressier,2
dressing,276
dribbled,10
dribbler,3
dribbles,18
driblets,1
drifters,2
drifting,52
drillers,2
drilling,177
drinkers,44
drinking,642
drippier,0
dripping,38
driveled,0
driveler,0
driveway,139
drizzled,11
drizzles,1
drollery,0
drollest,0
drooling,5
droopier,0
drooping,5
dropkick,69
droplets,14
dropouts,6
droppers,3
dropping,391
dropsies,0
droughts,53
drowning,85
drowsier,1
drowsily,0
drowsing,0
drubbers,0
drubbing,14
drudgery,8
drudging,0
druggies,0
drugging,17
druggist,1
druidism,0
drumbeat,8
drumlins,1
drummers,9
drumming,27
drunkard,2
drunkest,0
druthers,0
drywalls,1
dualisms,0
duckbill,0
duckiest,0
duckling,2
duckpins,0
duckweed,2
ductless,1
dudgeons,0
duelists,0
duelling,4
duellist,0
dukedoms,0
dulcimer,1
dullards,1
dullness,4
dumbbell,7
dumbness,0
dumfound,0
dumpiest,0
dumpling,7
dumpster,26
dungaree,0
dungeons,7
dunghill,0
duodenal,0
duodenum,0
duplexes,5
durances,0
duration,197
duresses,0
duskiest,0
dustiest,0
dustless,0
dustpans,0
dutiable,0
dwarfing,10
dwarfish,0
dwarfism,2
dwellers,29
dwelling,83
dwindled,27
dwindles,6
dybbukim,0
dyestuff,0
dynamics,253
dynamism,19
dynamite,11
dynastic,14
dyslexia,15
dyslexic,8
eagerest,0
earaches,0
eardrums,1
earldoms,0
earliest,193
earlobes,3
earmarks,7
earmuffs,2
earnests,0
earnings,2662
earphone,1
earplugs,7
earrings,71
earshots,0
earthier,2
earthing,0
earwaxes,0
easement,18
easiness,0
easterly,14
eastward,19
eatables,0
eateries,36
echelons,14
eclectic,64
eclipsed,27
eclipses,20
ecliptic,0
eclogues,0
ecocides,0
ecologic,0
economic,3330
ecstatic,51
edgeways,0
edgewise,1
edginess,2
edifices,3
edifiers,0
edifying,1
editions,67
educable,0
educated,171
educates,11
educator,81
eeriness,2
effacing,0
effected,14
effendis,0
efferent,0
effetely,0
efficacy,64
effigies,4
effluent,7
effluvia,0
effusing,0
effusion,3
effusive,6
eggheads,0
eggplant,15
eggshell,0
egoistic,0
egomania,0
egotisms,0
egotists,0
egresses,0
eighteen,31
eighties,14
ejecting,3
ejection,17
ejectors,0
elapsing,0
elastics,0
elatedly,0
elations,0
elbowing,6
electing,61
election,5400
elective,50
electors,48
electric,1188
electron,16
elegance,68
elegiacs,0
elements,694
elephant,105
elevated,353
elevates,42
elevator,70
eleventh,19
elicited,23
eligible,752
elisions,0
elitisms,0
elitists,3
ellipses,2
ellipsis,0
elliptic,0
elongate,4
eloquent,17
emaciate,0
emailing,28
emanated,10
emanates,9
embalmed,5
embalmer,0
embanked,0
embarked,118
embedded,142
embezzle,2
embitter,0
emblazon,0
embodied,46
embodies,91
embolden,16
embolism,7
embossed,7
embosser,0
embosses,0
embowers,0
embraced,236
embraces,70
embroils,0
emceeing,0
emending,0
emeralds,5
emergent,9
emerging,516
emeritus,25
emigrant,0
emigrate,14
eminence,4
emirates,4
emissary,7
emission,54
emitters,11
emitting,20
emoticon,2
emotions,473
empanels,0
emperors,6
emphases,1
emphasis,249
emphatic,46
employed,364
employee,666
employer,225
employes,0
emporium,8
empowers,78
emptiest,1
emptying,32
empyrean,0
emulated,11
emulates,1
emulator,6
emulsify,0
emulsion,5
enablers,7
enabling,322
enacting,28
enameled,0
enameler,0
enamored,15
enamours,0
encamped,0
encasing,2
enchains,0
enchants,0
encipher,0
encircle,4
enclaves,13
enclosed,64
encloses,3
encoders,1
encoding,3
encomium,1
encoring,0
encroach,13
encrusts,0
encumber,0
encysted,0
endanger,44
endeared,10
endeavor,82
endemics,0
endorsed,286
endorser,1
endorses,16
endowing,0
endpoint,17
enduring,261
energies,37
energize,14
enervate,0
enfeeble,0
enfilade,0
enfolded,0
enforced,124
enforcer,12
enforces,19
engaging,615
engender,9
engineer,269
engorged,0
engorges,0
engraved,23
engraver,2
engraves,0
engulfed,89
enhanced,388
enhances,150
enjoined,22
enjoying,659
enlarged,44
enlarger,0
enlarges,4
enlisted,84
enlistee,0
enlivens,0
enmeshed,6
enmeshes,0
enmities,0
ennobled,1
ennobles,0
enormity,14
enormous,372
enplaned,0
enplanes,0
enquired,10
enquires,6
enraging,2
enriched,54
enriches,20
enrolled,185
ensconce,0
ensemble,199
enshrine,17
enshroud,0
ensilage,0
enslaved,57
enslaves,0
ensnared,12
ensnares,0
ensurers,0
ensuring,1381
entailed,12
entangle,3
ententes,0
entering,711
enthrall,2
enthrals,0
enthrone,2
enthused,30
enthuses,2
enticing,83
entirely,810
entirety,104
entities,284
entitled,367
entitles,10
entombed,2
entrails,1
entrance,530
entrants,47
entreats,0
entreaty,1
entrench,9
entrusts,0
entryway,11
entwined,10
entwines,1
enureses,0
enuresis,0
envelope,69
envelops,2
envenoms,0
enviable,15
enviably,0
environs,16
envisage,16
envision,63
epaulets,0
ephemera,6
epicures,0
epidemic,99
epigrams,0
epigraph,1
epilepsy,33
epilogue,8
epiphany,13
episodes,691
episodic,8
epistles,0
epitaphs,0
epithets,2
epitomes,0
epoxying,0
epsilons,1
equaling,7
equality,255
equalize,6
equalled,11
equating,29
equation,65
equators,1
equipage,0
equipped,438
equities,712
erasable,0
erasures,0
erectile,12
erecting,7
erection,26
erectors,0
eremites,0
erodible,0
erosions,2
ersatzes,0
eructing,0
erupting,19
eruption,82
eruptive,8
escalate,114
escallop,0
escalops,0
escapade,4
escapees,0
escaping,93
escapism,17
escapist,1
escargot,2
escarole,0
eschewed,8
escorted,112
esophagi,0
esoteric,9
espalier,1
especial,1
espousal,0
espoused,16
espouses,2
espresso,57
esquires,0
essayers,0
essaying,1
essayist,10
essences,2
esteemed,92
esthetes,0
esthetic,0
estimate,1099
estrange,0
estrogen,15
estruses,0
etchings,2
eternity,35
ethanols,0
ethereal,21
ethology,0
ethylene,14
etiology,2
euchring,0
eugenics,5
eulogies,4
eulogist,0
eulogize,2
euphoria,25
euphoric,13
europium,0
evacuate,138
evacuees,25
evaluate,152
evasions,7
evenings,120
evenness,0
evensong,0
eventful,33
eventide,0
eventual,161
evermore,3
everyday,489
everyone,3989
evicting,7
eviction,91
evidence,2254
evildoer,0
evillest,0
evilness,0
evincing,0
evolving,276
exactest,0
exacting,13
exaction,0
exalting,2
examined,192
examiner,26
examines,54
exampled,0
examples,377
excavate,7
exceeded,149
excelled,75
excepted,2
excerpts,26
excesses,17
exchange,1223
excising,1
excision,0
exciters,0
exciting,1229
exclaims,8
excluded,153
excludes,47
excreted,2
excretes,0
excusing,4
execrate,0
executed,263
executes,11
executor,14
exegeses,0
exegesis,0
exegetic,0
exemplar,10
exempted,29
exercise,874
exerting,17
exertion,8
exhaling,1
exhausts,5
exhibits,118
exhorted,6
exhuming,1
exigence,0
exigency,1
exiguity,0
exiguous,0
existent,2
existing,1498
exoduses,1
exorcise,2
exorcism,4
exorcist,3
exorcize,1
expanded,596
expanses,5
expected,5039
expedite,75
expelled,85
expended,19
expenses,491
expertly,43
expiated,0
expiates,0
expiries,2
expiring,25
explains,685
explicit,146
exploded,141
explodes,25
exploits,47
explored,187
explorer,27
explores,220
exponent,2
exported,62
exporter,44
exposing,122
exposure,516
expounds,1
expunged,4
expunges,0
extended,1131
extender,7
exterior,158
external,445
extincts,0
extolled,9
extorted,10
extracts,32
extremer,0
extremes,45
extruded,2
extrudes,0
exultant,1
exulting,0
exurbias,0
eyeballs,29
eyebrows,87
eyeglass,1
eyeliner,22
eyepiece,3
eyesight,34
eyesores,1
eyeteeth,0
eyetooth,0
fabulous,150
faceless,15
facelift,29
faceting,0
facetted,0
facially,1
facilely,0
facility,1358
factions,100
factious,0
factoids,1
factored,38
factotum,1
faddists,0
fagoting,0
faiences,0
failings,60
failures,250
faintest,2
fainting,10
fairings,2
fairness,209
fairways,7
faithful,186
falconer,3
falconry,1
fallible,5
fallibly,1
falloffs,0
fallouts,0
fallowed,0
falsetto,6
faltered,25
familial,45
familiar,836
families,3158
famished,2
famishes,0
famously,187
fanatics,23
fanciers,1
fanciest,2
fanciful,7
fancying,1
fandango,0
fanfares,2
fanlight,0
fantails,1
fantasia,2
fanzines,1
farcical,15
farewell,177
farmhand,0
farmings,0
farmland,81
farmyard,7
farragos,0
farriers,0
farrowed,0
farthest,7
farthing,1
fascicle,1
fascisms,0
fascists,21
fashions,14
fastback,1
fastball,40
fastened,8
fastener,2
fastness,1
fatalism,2
fatalist,0
fatality,61
fatbacks,0
fatheads,0
fathered,8
fatherly,14
fathomed,4
fatigued,19
fatigues,7
fattened,3
fattiest,0
faultier,0
faultily,1
faulting,4
fauvisms,0
fauvists,0
favoring,32
favorite,1262
favoured,46
fealties,0
fearless,52
fearsome,22
feasible,98
feasibly,4
feasters,0
feasting,16
feathers,57
feathery,6
featured,977
features,2392
feckless,4
federals,1
federate,0
feeblest,0
feedback,536
feedbags,0
feedings,2
feedlots,2
feelings,590
feigning,3
feinting,1
feistier,1
feldspar,2
felicity,0
fellatio,1
felonies,48
feminine,50
feminism,33
feminist,61
fencings,0
ferments,0
fermiums,0
ferniest,0
ferocity,18
ferreted,1
ferrules,0
ferrying,6
ferryman,0
ferrymen,0
fervency,0
fervidly,0
fervours,0
festered,4
festival,1231
festoons,1
fetchers,0
fetching,22
fetiches,0
fetishes,8
fetlocks,0
fettered,0
feverish,4
fiancees,0
fiascoes,0
fibroses,0
fibrosis,15
ficklest,0
fictions,3
fiddlers,1
fiddling,7
fidelity,27
fidgeted,2
fiefdoms,0
fielders,9
fielding,61
fiendish,2
fiercely,78
fiercest,20
fieriest,0
fifteens,0
fiftieth,2
fighters,370
fighting,1358
figments,3
figurine,9
figuring,94
filament,2
filberts,0
filching,0
fileting,0
filigree,2
filleted,1
fillings,25
filliped,0
filmiest,0
filtered,39
filterer,0
filthier,0
filthily,0
filtrate,0
finagled,0
finagler,0
finagles,0
finalist,93
finality,11
finalize,58
financed,67
finances,395
findings,647
fineness,0
fineries,0
finespun,0
finessed,1
finesses,1
fingered,2
finished,1662
finisher,35
finishes,179
finitely,0
finniest,0
firearms,253
fireball,12
firebomb,1
firebugs,0
firedamp,0
fireplug,0
fireside,9
firetrap,0
firewall,16
firewood,22
firework,24
firmness,34
firmware,22
fiscally,19
fishbowl,2
fishcake,1
fishhook,1
fishiest,0
fishings,0
fishnets,2
fishpond,2
fishtail,2
fishwife,0
fissions,0
fissures,8
fistfuls,0
fistulae,0
fistulas,0
fitfully,1
fittings,29
fixating,2
fixation,22
fixative,0
fixities,0
fixtures,220
fizziest,0
fizzling,3
flabbier,1
flabbily,0
flagella,0
flagging,27
flagpole,14
flagrant,33
flagship,221
flailing,14
flakiest,0
flambeed,0
flamenco,6
flamingo,8
flankers,0
flanking,5
flannels,2
flapjack,2
flappers,0
flapping,8
flareups,3
flashers,2
flashest,0
flashgun,0
flashier,2
flashily,0
flashing,85
flatbeds,0
flatboat,0
flatcars,0
flatfeet,0
flatfish,0
flatfoot,0
flatiron,0
flatland,0
flatness,3
flattens,4
flatters,0
flattery,5
flattest,2
flatting,0
flattish,5
flattops,2
flatuses,0
flatware,2
flatworm,0
flaunted,17
flautist,2
flavored,32
flavours,140
flawless,48
fleabags,0
flecking,0
fleecers,0
fleecier,0
fleecing,3
fleetest,0
fleeting,56
fleshier,0
fleshing,7
fleshpot,0
flexible,300
flexibly,7
flextime,0
flickers,6
flicking,10
flimflam,1
flimsier,1
flimsily,0
flinched,3
flinches,1
flinging,8
flintier,0
flippant,5
flippers,7
flippest,0
flipping,68
flirting,33
flitting,4
floaters,7
floating,211
flocking,31
floggers,0
flogging,12
flooding,753
floodlit,2
flooring,64
floozies,0
floppier,0
floppies,0
floppily,0
flopping,9
florider,0
floridly,0
florists,5
flossier,0
flossing,6
flotilla,1
flotsams,0
flounced,0
flounces,0
flounder,4
flouring,2
flourish,97
flouters,0
flouting,15
flowered,0
flubbing,0
fluently,5
fluffier,0
fluffing,3
fluidity,17
flukiest,0
flunkeys,0
flunkies,0
flunking,1
fluoride,14
fluorine,2
fluorite,2
flurried,1
flurries,22
flushest,0
flushing,19
flusters,0
flutings,0
flutists,0
flutters,5
fluttery,1
flyblown,0
flypaper,0
flyspeck,0
flywheel,1
foamiest,0
focusing,577
focussed,34
focusses,6
foetuses,1
fogbound,0
foggiest,0
foghorns,0
foisting,0
foldaway,0
foldouts,0
foliages,0
folklore,51
folksier,0
folktale,3
folkways,0
follicle,3
followed,2260
follower,49
fomented,1
fondants,0
fondling,2
fondness,26
fontanel,0
foolscap,0
footages,3
football,2776
footfall,83
foothill,0
foothold,33
footings,3
footless,0
footling,0
footnote,14
footpath,84
footrace,4
footrest,4
footsies,0
footsore,1
footstep,0
footwear,83
footwork,30
foragers,1
foraging,20
foraying,0
forbears,0
forborne,0
forceful,32
forcible,22
forcibly,74
fordable,0
forearms,15
forebear,0
forebode,0
forecast,1090
foredoom,0
forefeet,0
forefoot,2
foregoes,1
foregone,13
forehand,35
forehead,69
foreknew,0
foreknow,0
forelegs,0
forelimb,0
forelock,0
foremast,1
foremost,139
forename,0
forenoon,1
forensic,187
forepart,0
foreplay,4
foresail,0
foreseen,17
foreseer,0
foresees,8
foreskin,0
forested,16
forester,2
forestry,60
foretell,2
foretold,8
forevers,0
forewarn,1
forewent,0
foreword,12
forfeits,3
forgings,0
forgiven,59
forgiver,0
forgives,4
forgoers,0
forgoing,9
forkfuls,0
forklift,20
formally,329
formated,0
formerly,634
formless,2
formulae,3
formulas,34
forsaken,1
forsakes,1
forsooth,0
forswear,1
forswore,0
forsworn,0
fortieth,4
fortress,29
fortuity,0
fortunes,116
forwards,109
fostered,44
foulards,0
foulness,0
founders,152
founding,223
fountain,51
fourfold,10
foursome,7
fourteen,46
fourthly,1
foxfires,0
foxglove,0
foxholes,0
foxhound,1
foxiness,0
foxtrots,0
fracases,0
fracking,26
fractals,0
fraction,134
fracture,55
fragment,19
fragrant,23
frailest,0
francium,0
frankest,0
franking,0
frazzled,6
frazzles,0
freakier,1
freaking,36
freakish,5
freakout,1
freckled,1
freckles,6
freebase,0
freebees,0
freebies,33
freeborn,0
freedman,0
freedmen,1
freedoms,114
freehand,2
freehold,29
freeload,0
freeware,2
freeways,14
freewill,2
freezers,12
freezing,233
freights,0
frenetic,26
frenzied,22
frenzies,1
frequent,396
frescoes,6
freshens,1
freshest,24
freshets,0
freshman,271
freshmen,44
fretsaws,0
fretting,7
fretwork,0
friaries,0
friction,77
friended,0
friendly,723
frigates,8
frigging,0
frighted,0
frighten,9
frigidly,0
frillier,0
fringing,1
frippery,0
friskier,0
friskily,0
frisking,0
fritters,1
frizzier,0
frizzing,1
frizzled,1
frizzles,0
frontage,36
frontier,60
fronting,20
frostbit,0
frostier,2
frostily,1
frosting,14
frothier,0
frothing,7
froufrou,0
frowning,2
frowsier,0
frowzier,0
frowzily,0
fructify,0
fructose,5
frugally,3
fruitful,63
fruitier,2
fruiting,4
fruition,94
frumpier,0
frumpish,0
frustums,0
fuchsias,1
fuddling,0
fuehrers,0
fuelling,48
fugitive,43
fulcrums,0
fulfills,14
fullback,50
fullness,22
fumblers,0
fumbling,12
fumigant,0
fumigate,1
function,486
fundings,2
funerals,43
funerary,5
funereal,3
fungible,3
funguses,0
funkiest,1
funneled,12
funniest,56
funnyman,4
funnymen,0
furbelow,0
furlongs,2
furlough,10
furnaces,28
furriers,0
furriest,0
furrings,0
furrowed,3
furthers,8
furthest,25
fuselage,25
fusileer,0
fusilier,1
fussiest,0
fusspots,1
fustians,0
fustiest,0
futilely,0
futility,15
futurism,0
futurist,3
futurity,0
fuzziest,0
gabbiest,0
gabbling,0
gabfests,0
gadabout,0
gadflies,0
gadgetry,2
gaieties,0
gainsaid,1
gainsays,0
galactic,12
galaxies,34
gallants,0
galleons,0
galleria,0
galliums,0
galloped,4
galoshes,1
galumphs,0
galvanic,0
gamblers,29
gambling,361
gamboled,0
gamecock,0
gameness,0
gamester,0
gaminess,0
gangland,4
ganglier,0
gangling,0
ganglion,0
gangrene,1
gangster,38
gangways,1
gantlets,0
gantries,5
garaging,0
garbages,0
garbanzo,1
garbling,0
gardened,1
gardener,36
gardenia,0
gargling,0
gargoyle,2
garishly,0
garlands,7
garlicky,6
garments,48
garnered,229
garoting,0
garotted,0
garottes,0
garrison,14
garroted,0
garroter,0
garrotes,0
garrotte,1
gaslight,4
gasohols,0
gasolene,0
gasoline,102
gassiest,0
gasworks,3
gatepost,0
gateways,17
gathered,690
gatherer,1
gauchely,0
gauchest,0
gaudiest,0
gauntest,0
gauntlet,23
gauziest,0
gavottes,0
gawkiest,0
gayeties,0
gazeboes,0
gazelles,1
gazetted,6
gazettes,0
gazpacho,2
gearings,0
geekiest,0
gelatine,0
gelatins,0
geldings,0
gemology,2
gemstone,4
gendarme,1
generals,52
generate,508
generics,2
generous,342
genetics,29
genially,0
genitals,52
genitive,0
geniuses,13
genocide,401
gentians,0
gentiles,1
gentlest,6
gentling,0
gentries,0
gentrify,0
geocache,0
geodesic,0
geodetic,0
geologic,13
geometry,14
geranium,1
germinal,0
gestapos,0
gestated,0
gestates,0
gestural,1
gestured,12
gestures,106
getaways,11
geysered,0
gherkins,2
ghettoes,0
ghosting,10
ghoulish,10
giantess,0
gibbered,0
gibbeted,0
giddiest,0
gigabyte,0
gigantic,51
gigglers,0
gigglier,0
giggling,19
gildings,0
gimcrack,0
gimleted,0
gimmicks,15
gimmicky,4
gimpiest,0
gingerly,13
ginghams,1
gingkoes,0
ginkgoes,0
ginsengs,0
giraffes,8
girdling,0
girlhood,6
giveaway,62
giveback,1
gizzards,2
glaceing,0
glaciate,0
glaciers,21
gladdens,1
gladdest,0
gladiola,0
gladioli,1
gladness,0
gladsome,0
glamours,0
glancing,19
glasnost,0
glassful,0
glassier,0
glassily,0
glassing,2
glaucoma,8
glaziers,0
glazings,0
gleaming,24
gleaners,0
gleaning,3
glibbest,0
glibness,1
glidings,0
glimmers,4
glimpsed,5
glimpses,52
glinting,1
glistens,2
glisters,0
glitches,33
glitters,2
glittery,15
glitzier,0
gloaming,0
gloating,6
globally,431
globular,2
globules,1
globulin,2
gloomier,1
gloomily,1
gloppier,0
glorious,121
glorying,0
glossary,9
glossier,0
glossies,0
glossily,0
glossing,0
glowered,1
glowworm,0
glucoses,0
glummest,0
glumness,0
glutting,0
gluttons,0
gluttony,1
glycerin,3
glycerol,3
glycogen,0
gnarling,0
gnashing,5
gneisses,1
goalpost,6
goatherd,1
goatskin,1
gobblers,0
gobbling,6
godchild,1
godheads,0
godhoods,0
godliest,0
godsends,0
goggling,0
goldener,0
goldfish,10
goldmine,6
gondolas,6
goodbyes,19
goodlier,0
goodness,86
goodwill,77
goofball,2
goofiest,0
googling,3
gorgeous,225
gorillas,9
goriness,0
goshawks,0
goslings,0
gossamer,1
gossiped,1
gossiper,1
gourmand,2
gourmets,3
goutiest,0
governed,73
governor,1082
grabbers,5
grabbier,0
grabbing,126
graceful,21
gracious,31
grackles,1
gradated,0
gradates,0
gradient,14
graduate,504
graffiti,105
graffito,0
grafters,0
grafting,10
grainier,0
grammars,1
grandams,0
granddad,3
grandees,1
grandest,12
grandeur,36
grandmas,3
grandpas,2
grandson,122
granites,0
granitic,0
grannies,4
granolas,0
grantees,7
granters,0
granting,125
grantors,0
granular,19
granules,6
graphics,184
graphing,1
graphite,29
grapnels,0
grappled,25
grapples,30
grasping,15
grassier,1
grassing,0
grateful,853
gratings,1
gratuity,10
gravamen,0
graveled,1
gravelly,2
grayness,0
greasier,0
greasily,0
greasing,1
greatest,828
greedier,0
greedily,2
greenery,45
greenest,7
greening,13
greenish,1
greeters,0
greeting,73
gremlins,1
grenades,26
griddles,0
gridiron,6
gridlock,34
grievers,0
grieving,123
grievous,68
griffins,0
griffons,0
grilling,25
grimaced,8
grimaces,2
grimiest,0
grimmest,2
grimness,2
grinders,8
grinding,88
grinning,15
grippers,1
gripping,90
grislier,0
gristles,0
gritters,6
grittier,7
gritting,9
grizzled,4
groaning,7
groggier,0
groggily,0
grommets,1
groomers,5
grooming,66
groovier,0
grooving,10
grosbeak,0
grossest,3
grossing,29
grottoes,0
grouched,0
grouches,0
grounded,166
grounder,7
groupers,1
groupies,1
grouping,45
grousers,0
grousing,0
grouting,2
groveled,0
groveler,0
growlers,0
growling,6
grownups,6
grubbers,0
grubbier,0
grubbily,0
grubbing,2
grudging,0
grueling,38
gruesome,68
gruffest,0
grumbled,3
grumbler,0
grumbles,5
grumpier,0
grumpily,0
grungier,1
grunions,0
grunting,3
gryphons,0
guanines,0
guaranis,0
guaranty,1
guarders,0
guardian,60
guarding,53
guerilla,4
guessers,1
guessing,70
guesting,2
guffawed,1
guidance,703
guilders,0
guileful,0
guiltier,1
guiltily,1
guilting,1
gullible,17
gumboils,0
gumdrops,0
gummiest,0
gumption,3
gumshoed,0
gumshoes,0
gunboats,3
gunfight,16
gunfires,0
gunkiest,0
gunmetal,0
gunpoint,38
gunships,2
gunshots,72
gunsmith,0
gunwales,0
gurgling,6
gushiest,0
gusseted,1
gussying,0
gustiest,0
gutsiest,0
guttered,0
guttiest,0
guttural,4
guzzlers,3
guzzling,3
gymkhana,0
gymnasia,0
gymnasts,23
gypsters,0
gyrating,1
gyration,0
gyrators,0
habitats,111
habitual,26
habitues,0
hacienda,1
hackings,0
hackneys,0
hacksaws,0
hackwork,0
haddocks,0
hafniums,0
haggises,0
hagglers,0
haggling,3
hahniums,0
hairball,0
haircuts,19
hairiest,1
hairless,2
hairlike,0
hairline,15
hairnets,1
hairpins,0
halberds,0
halfback,12
halftime,295
halftone,0
halfwits,1
halibuts,0
halliard,0
hallmark,45
hallooed,0
hallowed,16
hallways,37
halogens,0
haltered,0
halyards,0
hamburgs,0
hammered,51
hammerer,0
hammiest,0
hammocks,2
hampered,74
hamsters,3
handbags,22
handball,37
handbill,0
handbook,19
handcars,0
handcart,1
handcuff,7
handfuls,5
handguns,19
handheld,51
handhold,0
handicap,33
handiest,2
handlers,50
handling,506
handmade,74
handmaid,0
handouts,24
handpick,3
handrail,10
handsaws,0
handsets,16
handsful,0
handsome,83
handwork,1
handyman,8
handymen,2
hangings,2
hangnail,0
hangouts,3
hangover,33
hankered,0
haploids,0
happened,2873
happiest,62
harangue,1
harassed,66
harasser,0
harasses,4
harbored,9
harbours,17
hardback,4
hardball,7
hardcore,51
hardened,30
hardener,0
hardhats,0
hardiest,0
hardline,35
hardness,10
hardship,179
hardtack,0
hardtops,0
hardware,297
hardwood,30
harebell,0
harelips,0
harkened,1
harlotry,0
harmless,64
harmonic,5
harpists,0
harpoons,1
harridan,0
harriers,1
harrowed,0
harrying,1
harshest,16
harvests,21
hasheesh,0
hashtags,18
hassling,2
hassocks,0
hastened,6
hastiest,0
hatboxes,0
hatcheck,0
hatchery,5
hatchets,1
hatching,15
hatchway,0
hauberks,0
haulages,0
haunches,1
haunters,0
haunting,66
hauteurs,0
hawthorn,3
haycocks,0
haylofts,0
hayricks,0
hayrides,0
hayseeds,0
haystack,7
hazarded,0
hazelnut,14
haziness,4
headache,93
headband,16
headgear,7
headhunt,0
headiest,0
headings,5
headlamp,2
headland,9
headless,11
headline,271
headlock,25
headlong,3
headpins,0
headrest,5
headroom,12
headsets,46
headship,0
headsman,0
headsmen,0
headways,1
headwind,7
headword,0
hearings,187
hearkens,2
hearsays,0
heartens,0
heartier,3
hearties,0
heartily,10
heatedly,1
heathens,0
heathers,1
heatings,0
heavenly,25
heaviest,79
heavyset,2
hecklers,6
heckling,15
hectares,165
hectored,0
hedgehog,15
hedgehop,0
hedgerow,4
hedonism,8
hedonist,1
heedless,0
heehawed,0
heelless,0
heftiest,1
hegemony,20
heighten,35
heirloom,15
heisting,0
heliport,2
hellbent,8
hellcats,0
hellhole,6
hellions,0
helmeted,0
helmsman,8
helmsmen,0
helpings,3
helpless,63
helpline,43
helpmate,0
helpmeet,0
hematite,1
hemlines,1
hemlocks,1
hemostat,0
henchman,5
henchmen,9
hennaing,0
henpecks,0
heparins,0
heptagon,0
heralded,25
heraldic,1
heraldry,1
herbages,0
herdsman,0
herdsmen,6
heredity,1
heresies,0
heretics,1
hereunto,0
hereupon,0
herewith,0
heritage,670
hermetic,2
herniate,0
heroines,7
heroisms,0
herpeses,0
herrings,1
hesitant,86
hesitate,99
hexagons,2
hexagram,0
hiatuses,2
hibachis,0
hibiscus,7
hiccough,0
hiccuped,0
hideaway,7
hideouts,12
highball,3
highborn,0
highboys,0
highbrow,4
highjack,0
highland,5
highness,2
highrise,1
highroad,0
hightail,1
highways,174
hijacked,50
hijacker,1
hilarity,9
hilliest,0
hillocks,0
hillside,34
hilltops,2
hindered,50
hindmost,0
hipbones,0
hipsters,4
hireling,0
historic,1197
hitchers,1
hitching,2
hitherto,20
hoarders,2
hoarding,38
hoariest,0
hoarsely,1
hoarsest,0
hobblers,0
hobbling,6
hobbyist,4
hobnails,0
hockshop,0
hoecakes,1
hoedowns,0
hogbacks,0
hogshead,0
hogtying,0
hoisting,9
holdings,3295
holdouts,10
holdover,11
holidays,567
holiness,14
holistic,144
hollered,4
hollowed,3
hollower,0
hollowly,0
holmiums,0
hologram,9
holsters,0
homburgs,0
homebody,3
homeboys,0
homeland,120
homeless,498
homelier,0
homelike,0
homemade,156
homepage,20
homering,1
homeroom,2
homesick,3
homespun,4
hometown,263
homeward,1
homework,75
homicide,180
homilies,3
hominess,0
hominids,0
hominies,0
homonyms,0
honester,0
honestly,293
honeybee,6
honeydew,0
honeying,0
honorary,84
honorees,24
honorers,1
honoring,112
honoured,192
hoodlums,37
hoodooed,0
hoodwink,3
hookworm,0
hooligan,6
hoorayed,0
hoosegow,1
hootches,0
hopefuls,43
hopeless,41
horizons,39
hormonal,35
hormones,86
horniest,2
hornless,0
hornlike,0
hornpipe,0
horology,2
horrible,220
horribly,31
horrider,0
horridly,0
horrific,272
horsefly,0
horseman,0
horsemen,1
horsiest,0
hosannas,0
hospices,16
hospital,3064
hostages,566
hosteled,0
hosteler,0
hostelry,1
hostiles,2
hostlers,0
hotboxes,0
hotcakes,3
hotelier,3
hotfoots,0
hotheads,1
hothouse,0
hotlines,4
hotplate,0
hotshots,1
hotspots,76
houmuses,0
hounding,6
houseboy,1
housefly,0
houseful,0
houseman,0
housemen,0
housetop,0
housings,1
hovering,53
howitzer,4
huarache,0
hubrises,0
huckster,4
huddling,5
huffiest,0
hugeness,0
humanely,10
humanest,0
humanism,4
humanist,7
humanity,354
humanize,10
humanoid,24
humblers,0
humblest,1
humbling,44
humdrums,0
humidest,0
humidify,0
humidity,132
humidors,0
humility,75
hummocks,0
hummocky,0
hummuses,0
humoring,2
humorist,1
humorous,72
humoured,3
humpback,20
humphing,0
hunching,1
hundreds,1413
hungered,1
hungover,7
hungrier,6
hungrily,2
hunkered,5
hunkiest,0
huntings,0
huntress,0
huntsman,0
huntsmen,0
hurdlers,1
hurdling,1
hurlings,0
hurrahed,0
hurrayed,0
hurrying,1
hurtling,8
husbands,53
huskiest,0
hustings,18
hustlers,3
hustling,9
hutzpahs,0
huzzahed,0
huzzaing,0
hyacinth,5
hydrants,9
hydrated,71
hydrates,5
hydrogen,204
hygienes,0
hygienic,15
hymeneal,0
hymnbook,0
hyphened,0
hypnoses,0
hypnosis,2
hypnotic,12
hysteria,25
hysteric,1
iambuses,0
icebergs,3
iceboats,0
icebound,0
iceboxes,0
idealism,11
idealist,2
idealize,0
identify,939
identity,1033
ideogram,0
ideology,145
idiocies,0
idleness,4
idolater,0
idolatry,2
idolized,4
idolizes,2
iffiness,0
igniting,31
ignition,33
ignobler,0
ignominy,6
ignorant,51
ignoring,145
illegals,27
illumine,0
illusion,87
illusive,2
illusory,6
imagined,179
imagines,22
imbecile,0
imbedded,0
imbibers,2
imbibing,2
imitable,0
imitated,4
imitates,5
imitator,0
immanent,2
immature,29
immersed,53
immerses,10
imminent,197
immobile,7
immodest,2
immolate,0
immortal,21
immunity,181
immunize,2
immuring,0
impacted,664
impaired,119
impaling,3
impanels,0
imparted,10
impasses,3
impastos,0
impeding,17
impelled,0
impeller,3
impended,0
imperial,34
imperils,5
impetigo,2
impinged,0
impinges,2
impishly,1
implants,40
implicit,22
imploded,13
implodes,1
implored,34
implores,8
implying,51
impolite,2
imported,186
importer,20
imposers,0
imposing,125
imposter,24
impostor,9
impotent,9
impounds,0
imprints,1
imprison,13
improper,77
improved,981
improves,140
impudent,1
impugned,5
impugner,0
impulsed,0
impulses,25
impunity,70
impurely,0
impurest,0
impurity,2
imputing,0
inaction,51
inactive,53
inboards,0
inbounds,6
inbreeds,0
incensed,11
incenses,1
inchoate,1
inchworm,0
incident,4005
incising,0
incision,5
incisive,10
incisors,0
inciters,0
inciting,54
inclined,71
inclines,5
inclosed,0
incloses,0
included,2551
includes,2618
incoming,242
increase,4139
incrusts,0
incubate,2
incumber,0
incurred,97
indebted,28
indecent,120
indented,1
indexers,0
indexing,6
indicate,434
indicted,108
indigent,15
indigoes,0
indirect,78
inditing,0
indolent,2
indorsed,0
indorses,0
inducers,0
inducing,12
inducted,86
inductee,9
indulged,19
indulges,1
industry,3593
indwells,0
inedible,3
ineptest,0
inequity,12
inerrant,1
inertial,1
inertias,0
inexpert,0
infamies,0
infamous,199
infantry,36
infarcts,0
infected,221
inferior,30
infernal,1
infernos,3
inferred,16
infested,22
infidels,3
infields,0
infinite,38
infinity,17
inflamed,23
inflames,3
inflated,70
inflates,8
inflects,0
inflicts,6
inflight,6
influxes,3
infolded,0
informal,143
informed,1079
informer,6
infrared,35
infringe,15
infusers,0
infusing,12
infusion,43
ingenues,0
ingested,31
ingrains,0
ingrates,0
inguinal,1
inhabits,7
inhalant,0
inhalers,5
inhaling,17
inherent,120
inhering,0
inherits,5
inhibits,9
inhumane,43
inimical,10
iniquity,0
initials,17
initiate,113
injected,54
injector,3
injurers,0
injuries,1940
injuring,94
inkblots,0
inkiness,0
inklings,0
inkstand,0
inkwells,0
inlaying,0
innately,6
innocent,343
innovate,56
innuendo,6
inputted,2
inquests,6
inquired,37
inquirer,0
inquires,2
inrushes,0
insanely,27
insanest,0
insanity,34
inscribe,1
insecure,76
inserted,58
insetted,0
insiders,413
insights,593
insignia,11
insisted,623
insolent,3
insomnia,43
insomuch,0
inspects,11
inspired,942
inspires,68
inspirit,0
installs,15
instance,695
instants,1
instated,5
instates,0
instills,5
instinct,66
instruct,32
insulate,11
insulins,2
insulted,31
insureds,1
insurers,134
insuring,9
intaglio,1
integers,0
integral,215
intended,723
intenser,0
intently,9
interact,255
intercom,4
interest,3323
interims,0
interior,435
intermix,0
internal,780
interned,10
internee,0
internes,0
interred,15
interval,80
intimacy,76
intimate,282
intoners,0
intoning,0
intranet,2
intrench,0
intrepid,17
intrigue,66
introits,0
intruded,5
intruder,32
intrudes,2
intrusts,0
intuited,1
inundate,1
invaders,20
invading,62
invalids,0
invasion,570
invasive,142
inveighs,0
inveigle,0
invented,81
inventor,19
inverses,0
inverted,31
invested,433
investor,806
invitees,11
inviting,253
invoiced,1
invoices,30
invoking,31
involved,3573
involves,519
inwardly,2
iodizing,0
ionizers,1
ionizing,1
iridiums,0
ironclad,13
ironical,1
ironings,0
ironware,0
ironwood,0
ironwork,5
irrigate,3
irritant,7
irritate,17
irrupted,0
islander,2
isobaric,0
isolated,357
isolates,4
isomeric,0
isotherm,0
isotopes,5
isotopic,2
issuance,70
isthmian,0
itchiest,0
itemized,6
itemizes,0
iterated,5
iterates,1
jabbered,0
jabberer,0
jackboot,1
jackdaws,0
jacketed,1
jackpots,14
jacquard,2
jadeites,0
jaggeder,0
jaggedly,0
jailbird,1
jalapeno,5
jalopies,0
jalousie,0
jamboree,6
janglers,1
jangling,2
janitors,3
japanned,0
jasmines,0
jaundice,2
jauntier,0
jauntily,0
jaunting,0
javelins,0
jawboned,0
jawbones,0
jaybirds,0
jaywalks,0
jazziest,0
jealousy,39
jeerings,0
jejunums,0
jellying,0
jeopardy,67
jeremiad,0
jerkiest,0
jetliner,5
jetports,0
jettison,10
jewelers,3
jeweling,0
jewelled,1
jeweller,9
jiggered,0
jigglier,0
jiggling,0
jigsawed,0
jihadist,24
jimmying,0
jinglier,0
jingling,2
jingoism,4
jingoist,0
jiujitsu,0
jockeyed,1
jocosely,0
jocosity,0
jocundly,0
jodhpurs,0
joggings,0
joggling,0
johnnies,0
jointing,0
jokingly,56
jolliest,0
jollying,0
jonquils,0
jostling,11
jottings,1
jouncier,0
jouncing,0
journals,29
journeys,248
jousters,0
jousting,5
jovially,1
jowliest,0
joyfully,7
joyously,7
joyrider,0
joyrides,0
joystick,4
jubilant,28
jubilees,1
judgment,353
judicial,297
jugglers,2
jugglery,0
juggling,47
jugulars,0
juiciest,3
jujitsus,0
jujutsus,0
julienne,0
jumbling,0
jumpiest,0
jumpsuit,18
junction,386
juncture,57
junipers,3
junketed,0
junketer,0
junkiest,0
junkyard,4
juristic,0
justices,183
justness,0
juvenile,124
kamikaze,16
kangaroo,23
karakuls,0
karaokes,0
katydids,0
kayaking,25
keelhaul,0
keenness,10
keepings,0
keepsake,11
kenneled,1
keratins,1
kerchief,0
kerosene,17
kerosine,0
kestrels,1
ketchups,0
keyboard,145
keyholes,0
keynoted,0
keynoter,0
keynotes,1
keypunch,0
keystone,10
keywords,40
kibbling,0
kibitzed,0
kibitzer,0
kibitzes,0
kiboshes,0
kickback,1
kickball,7
kickiest,0
kickoffs,8
kidnaped,0
kidnaper,0
kidskins,0
kielbasa,0
kielbasi,0
kielbasy,0
killdeer,0
killings,184
killjoys,0
kilobyte,0
kilogram,26
kilotons,1
kilowatt,10
kindlier,0
kindling,2
kindness,236
kindreds,0
kinetics,0
kinfolks,0
kingdoms,9
kinglier,0
kingpins,10
kingship,7
kinkiest,0
kinsfolk,0
kinships,0
kippered,0
kirsches,0
kissable,1
kissoffs,0
kitchens,65
kitsches,0
klutzier,0
knapsack,1
kneaders,0
kneading,7
kneecaps,2
kneeling,16
knelling,0
knickers,15
knighted,8
knightly,1
knitters,6
knitting,30
knitwear,9
knobbier,0
knockers,0
knocking,163
knockoff,6
knockout,141
knothole,0
knottier,0
knotting,0
knowable,0
knuckled,2
knuckles,18
knurling,0
kohlrabi,1
kookiest,0
koshered,0
kowtowed,0
kryptons,0
kumquats,1
kvetched,0
kvetcher,0
kvetches,0
labeling,53
labelled,137
laborers,33
laboring,5
laboured,2
laburnum,0
lacerate,0
lacewing,0
lacework,1
lacquers,0
lacrimal,0
lacrosse,54
lactated,0
lactates,0
lactoses,0
laddered,0
ladybird,1
ladybugs,1
ladylike,3
ladylove,1
ladyship,2
laetrile,0
laggards,8
laggings,0
lagnappe,0
lallygag,0
lamasery,0
lambadas,0
lambaste,0
lambasts,1
lambency,0
lambkins,0
lambskin,2
lameness,3
lamented,134
laminate,5
lampoons,1
lamppost,11
lampreys,0
landfall,71
landfill,133
landings,38
landlady,14
landless,3
landline,23
landlord,163
landmark,255
landmass,12
landslid,0
landsman,0
landsmen,0
landward,0
language,1212
languish,12
languors,0
lankiest,0
lankness,0
lanolins,0
lanterns,30
lanyards,3
lapboard,0
lapidary,0
lapwings,2
larboard,0
lardiest,0
largesse,6
larkspur,0
larynges,0
larynxes,0
lasagnas,0
lasagnes,0
lashings,8
lassoing,0
latching,12
latchkey,4
lateness,7
laterals,0
lathered,0
latitude,18
latrines,3
latterly,7
latticed,0
lattices,0
laudable,15
laudably,2
laudanum,0
laughing,233
laughter,203
launched,2074
launcher,30
launches,215
launders,0
laureate,25
lavalier,1
lavatory,3
lavender,60
lavished,6
lavisher,0
lavishes,1
lavishly,14
lawfully,26
lawgiver,1
lawmaker,175
lawsuits,251
laxative,3
laxities,0
layaways,1
layering,26
layettes,0
layovers,1
laywoman,1
laywomen,0
laziness,11
leaching,8
leadings,0
leafages,0
leafiest,0
leafless,4
leaflets,38
leaguing,0
leakages,8
leakiest,0
leanings,18
leanness,1
leapfrog,20
learners,107
learning,1681
leashing,0
leathers,2
leathery,2
leavened,4
leavings,1
lecithin,1
lecterns,2
lectured,13
lecturer,82
lectures,69
leeching,1
leeriest,0
leewards,0
leftisms,0
leftists,26
leftmost,0
leftover,53
leftward,2
legacies,40
legalese,4
legalism,0
legality,38
legalize,26
legatees,1
legation,0
leggiest,0
leggings,58
leghorns,0
legrooms,0
legworks,0
leisured,0
leisures,0
lemmings,0
lemonade,28
lengthen,11
lenience,1
leniency,20
lenitive,0
leopards,9
leotards,5
lesbians,14
lessened,100
letdowns,1
lethally,0
lethargy,10
lettered,1
letterer,1
lettuces,1
leukemia,18
leukemic,1
levelers,1
leveling,21
levelled,86
leveller,13
leverage,305
levering,0
levitate,1
levities,0
lewdness,3
lexicons,0
liaising,26
liaisons,4
libation,0
libelers,0
libeling,0
libelled,0
libeller,0
libelous,2
liberals,66
liberate,18
libretti,0
libretto,5
licenced,15
licences,95
licensed,196
licensee,14
licenses,125
lickings,0
licorice,4
lifeboat,60
lifebuoy,0
lifeless,34
lifelike,17
lifeline,99
lifelong,225
lifetime,396
lifework,1
liftoffs,2
ligament,37
ligating,0
ligation,1
ligature,3
lightens,5
lighters,5
lightest,16
lighting,397
ligneous,0
lignites,0
likeable,12
likelier,5
likeness,47
likening,9
likewise,88
limbered,0
limbless,0
limeades,0
limerick,0
limiters,4
limiting,186
limpidly,0
limpness,0
linchpin,11
lineages,5
lineally,0
linearly,2
linesman,4
linesmen,1
lingered,25
lingerer,0
lingerie,32
linguine,1
linguini,1
linguist,6
liniment,0
linkages,15
linoleum,6
linseeds,0
lintiest,0
lionized,2
lionizes,1
lippiest,0
lipreads,0
lipstick,37
liqueurs,3
liquored,0
listened,210
listener,36
listings,84
listless,6
litanies,0
literacy,149
literals,0
literary,116
literate,12
literati,0
lithiums,0
litigant,8
litigate,1
litmuses,0
littered,39
litterer,0
littlest,4
littoral,4
liveable,8
livelier,2
livelong,0
livening,1
liveried,3
liveries,2
liverish,0
loadings,1
loadstar,0
loamiest,0
loanword,0
loathers,0
loathing,4
lobbying,94
lobbyist,24
lobotomy,0
lobsters,12
locality,41
localize,3
locating,54
location,1734
locators,3
locavore,0
lockjaws,0
lockouts,2
lockstep,16
locoweed,0
locution,0
lodestar,0
lodgings,11
loftiest,2
logbooks,1
loggings,0
logician,0
logistic,13
logotype,1
loitered,1
loiterer,0
lollipop,10
lollygag,0
lollypop,0
lonelier,3
lonesome,7
longboat,0
longbows,0
longhair,1
longhand,1
longhorn,2
longings,3
longtime,374
longueur,0
longways,0
lookouts,0
looniest,0
loophole,40
loopiest,0
loosened,23
lootings,0
lopsided,34
lordlier,0
lordship,1
loudness,5
loungers,11
lounging,25
lousiest,0
louvered,0
loveable,6
lovebird,1
loveless,7
lovelier,1
lovelies,1
lovelorn,1
loveseat,1
lovesick,0
lovingly,48
lowbrows,0
lowdowns,0
lowering,164
lowlands,2
lowliest,1
lowlifes,0
lowlives,0
loyalest,0
loyalism,1
loyalist,18
loyaller,0
lozenges,2
lubberly,0
lucidest,0
lucidity,0
luckiest,14
luckless,1
luggages,0
lugsails,0
lukewarm,19
lumbagos,0
lumbered,1
lumberer,0
luminary,11
luminous,8
lummoxes,0
lumpiest,0
lunacies,0
lunatics,9
luncheon,42
lunching,1
lungfish,0
lunkhead,0
lurching,3
luscious,27
lushness,1
lustiest,1
lustrous,4
lutanist,0
lutenist,0
lutetium,0
luxuries,14
lymphoid,1
lymphoma,22
lynchers,0
lynching,8
lynchpin,7
lyrebird,1
lyricism,7
lyricist,8
macadams,0
macaques,3
macaroni,14
macaroon,0
macerate,0
machetes,19
machined,0
machines,423
machismo,9
mackerel,5
mackinaw,0
macrames,0
maddened,0
madhouse,3
madrasah,1
madrasas,6
madrases,0
madrassa,1
madrigal,0
madwoman,0
madwomen,0
maestros,1
mafiosos,0
magazine,323
magentas,0
magician,15
magnates,5
magnesia,0
magnetic,108
magnetos,0
magnolia,4
maharaja,0
maharani,0
mahatmas,0
mahjongs,0
mahogany,6
maidenly,0
mailbags,1
mailings,7
maillots,0
mainland,125
mainline,18
mainmast,0
mainsail,1
mainstay,57
maintain,1206
maintops,0
maiolica,0
majestic,47
majolica,0
majoring,38
majority,1716
makeover,69
maladies,4
malaises,0
malamute,0
malarial,0
malarias,0
malarkey,4
maleness,0
maligned,13
malinger,0
mallards,3
maltiest,0
maltoses,0
maltreat,0
malwares,0
mamboing,0
mammoths,7
manacled,0
manacles,1
managers,426
managing,758
manatees,4
mandalas,0
mandamus,2
mandarin,12
mandated,102
mandates,127
mandible,1
mandolin,6
mandrake,0
mandrels,0
mandrill,1
mandrils,0
maneuver,45
manfully,1
mangiest,0
mangling,1
mangrove,13
manholes,11
manhoods,0
manhunts,1
maniacal,6
manicure,14
manifest,48
manifold,7
manikins,0
manillas,0
manliest,0
mannered,2
mannerly,0
mannikin,0
manorial,0
manpower,59
mansards,0
mansions,10
mantilla,0
mantises,0
mantissa,0
mantling,1
manually,67
manumits,0
manuring,0
mapmaker,0
marabous,0
marabout,0
marathon,204
marauded,0
marauder,0
marbling,2
marchers,13
marching,104
marginal,84
mariachi,4
marigold,1
marimbas,0
marinade,8
marinara,4
marinate,4
mariners,7
maritime,219
marjoram,1
markdown,5
markedly,47
marketed,83
marketer,9
markings,48
marksman,8
marksmen,1
marmoset,0
marooned,5
marquees,7
marquess,1
marquise,1
marriage,896
marrieds,1
marrying,55
marshals,16
marshier,0
martinet,0
martinis,6
martyred,33
marveled,12
marzipan,1
mascaras,2
massacre,140
massaged,4
massages,24
masseurs,0
masseuse,4
mastered,34
masterly,1
masthead,34
mastiffs,1
mastodon,1
mastoids,0
matadors,0
matchbox,0
matching,279
material,943
materiel,8
maternal,107
matinees,1
matrices,0
matrixes,0
matronly,0
mattered,67
mattings,0
mattocks,0
mattress,242
maturate,0
maturely,2
maturest,0
maturing,20
maturity,101
maunders,0
mausolea,0
maverick,12
maxillae,0
maxillas,0
maximize,131
maximums,10
mayflies,0
mayoress,1
maypoles,0
mazourka,0
mazurkas,0
meagerer,0
meagerly,0
meagrest,0
mealiest,0
mealtime,7
mealybug,0
meanders,6
meanings,36
meanness,4
meantime,236
measlier,0
measured,215
measures,1704
meatball,8
meatiest,0
meatless,2
meatloaf,5
mechanic,91
medalist,65
meddlers,0
meddling,23
medially,0
mediated,19
mediates,1
mediator,32
medicaid,1
medicals,3
medicare,2
medicate,1
medicine,381
medieval,93
mediocre,41
meditate,12
medullae,0
medullas,0
meekness,1
meetings,850
megabits,4
megabyte,0
megalith,0
megatons,1
megawatt,21
melamine,2
melanges,0
melanins,0
melanoma,32
mellowed,3
mellower,1
mellowly,0
melodies,56
meltdown,51
membrane,8
mementos,12
memorial,330
memories,811
memorize,10
menacing,41
mendings,0
menfolks,0
menhaden,0
menially,0
meninges,0
meniscus,23
menorahs,1
mensches,0
menswear,19
mentally,257
menthols,0
mentions,131
mentored,29
merchant,64
merciful,4
mercuric,0
meridian,1
meringue,9
meriting,3
mermaids,5
merriest,1
mesdames,0
mesquite,0
mesquits,0
messaged,41
messages,931
messiahs,1
messiest,1
messmate,0
mestizos,0
metallic,37
metaphor,67
meteoric,27
metering,17
methadon,0
methanes,0
methanol,20
methinks,0
metrical,0
miasmata,0
microbes,29
microdot,0
middling,12
midlands,6
midlives,0
midnight,346
midpoint,24
midriffs,0
midships,0
midterms,21
midtowns,0
midweeks,1
midwifed,0
midwifes,1
midwived,0
midwives,36
midyears,0
mightier,0
mightily,16
migraine,18
migrants,554
migrated,35
migrates,4
miladies,0
mildewed,0
mildness,0
mileages,1
milepost,5
militant,200
military,3729
militate,1
militias,59
milkiest,0
milkmaid,0
milksops,0
milkweed,6
millages,1
milliard,0
millibar,0
milliner,2
millings,0
millions,1169
millpond,1
millrace,0
mimicked,7
mimicker,0
minarets,2
minatory,0
mindless,28
mindsets,8
minerals,154
mingling,15
minibike,0
minicams,0
minimize,135
minimums,6
minister,2288
ministry,797
minivans,3
minoring,4
minority,346
minsters,2
minstrel,0
mintages,0
mintiest,0
minuends,0
minutely,0
minutest,0
minutiae,9
minuting,0
miracles,39
mirrored,47
mirthful,0
misapply,0
miscalls,0
miscarry,2
miscasts,0
mischief,67
miscible,0
miscount,1
miscuing,0
misdeals,0
misdealt,0
misdeeds,10
misdoing,0
miseries,5
misfiled,0
misfiles,0
misfired,4
misfires,5
misguide,1
misheard,1
mishears,0
mishmash,9
misjudge,1
mislabel,1
misleads,2
mismatch,18
misnamed,2
misnames,0
misnomer,10
misogamy,0
misogyny,35
misplace,2
misplays,0
misprint,0
misquote,0
misreads,1
misruled,0
misrules,0
misshape,1
missiles,541
missilry,0
missions,258
missises,0
missives,0
misspeak,2
misspell,1
misspelt,0
misspend,0
misspent,1
misspoke,6
misstate,0
missteps,36
missuses,0
mistaken,85
mistakes,419
mistiest,0
mistimed,3
mistimes,2
mistrals,0
mistreat,4
mistress,26
mistrial,17
mistrust,18
misusing,18
mitering,0
mitigate,257
mixtures,9
mnemonic,1
mobility,255
mobilize,41
mobsters,7
moccasin,0
modelers,1
modeling,65
modelled,18
moderate,380
modernly,1
modestly,28
modicums,0
modified,255
modifier,5
modifies,2
modishly,0
modulate,4
moieties,0
moistens,0
moistest,0
moisture,194
molasses,7
moldered,0
moldiest,0
moldings,3
molecule,28
molehill,3
moleskin,0
molested,12
molester,2
molluscs,1
mollusks,7
momentum,668
monarchs,19
monarchy,62
monastic,13
monaural,0
monetary,244
monetize,20
moneybag,0
mongeese,0
mongered,0
mongoose,2
mongrels,0
monicker,0
monikers,9
monition,0
monitors,147
monitory,0
monkeyed,0
monocled,0
monocles,1
monodies,0
monodist,0
monogamy,6
monogram,2
monolith,10
monologs,0
monomers,0
monopoly,60
monorail,3
monotone,3
monotony,10
monoxide,27
monsieur,3
monsoons,5
monsters,75
montages,3
monument,110
moochers,0
mooching,2
moodiest,0
moonbeam,0
moonless,1
moonshot,6
moonwalk,0
moorings,8
moorland,5
moraines,0
moralist,0
morality,71
moralize,0
morasses,0
morbidly,6
mordancy,0
mordants,0
moreover,18
moribund,11
mornings,85
moroccos,0
morosely,0
morpheme,0
morphias,0
morphine,14
morphing,3
mortally,7
mortared,0
mortgage,477
morticed,0
mortices,0
mortised,0
mortises,0
mortuary,29
moseying,1
mosquito,63
mossback,0
mossiest,0
mothball,1
mothered,0
motherly,7
motility,5
motioned,6
motivate,75
motliest,0
motorcar,7
motoring,40
motorist,55
motorize,0
motorman,0
motormen,0
mottling,0
moulders,0
mouldier,0
moulding,2
moulting,1
mounding,0
mountain,486
mounters,0
mounting,196
mourners,44
mournful,7
mourning,133
mousiest,0
moussing,0
mouthful,15
mouthier,0
mouthing,3
movables,0
moveable,5
movement,1238
movingly,6
mucilage,1
muckiest,0
muckrake,0
muddiest,0
muddling,1
muddying,3
mudflats,4
mudguard,0
mudrooms,0
mudslide,9
muenster,0
muezzins,0
mufflers,2
muffling,1
muggiest,0
muggings,2
mugshots,7
mugwumps,0
mulattos,1
mulberry,6
mulching,5
mulcting,0
muleteer,0
mulishly,0
mulleins,0
mulligan,0
mullions,0
multiple,2568
multiply,21
mumblers,0
mumbling,4
munchies,2
munching,16
munchkin,3
munition,12
muralist,6
murdered,345
murderer,70
murkiest,1
murmured,4
murmurer,0
murrains,0
muscatel,0
muscling,4
muscular,49
musettes,0
mushiest,0
mushroom,75
musicale,0
musicals,42
musician,283
musingly,0
musketry,1
muskiest,0
muskoxen,0
muskrats,1
mussiest,0
mustache,12
mustangs,1
mustards,1
mustered,13
mustiest,0
mutagens,0
mutating,2
mutation,25
mutative,0
muteness,0
mutilate,0
mutineer,0
mutinied,2
mutinies,3
mutinous,1
muttered,4
mutterer,0
mutually,80
muzzling,1
mycology,0
myelitis,0
myrmidon,0
mystical,37
mystique,9
mythical,25
nacelles,0
nacreous,0
naivetes,0
nameable,0
namedrop,1
nameless,9
namesake,47
napalmed,1
naphthas,0
napoleon,0
nappiest,0
narcissi,0
narcoses,0
narcosis,1
narcotic,17
narrated,45
narrates,14
narrator,53
narrowed,68
narrower,25
narrowly,195
narwhals,3
nasality,0
nasalize,0
nascence,1
nastiest,4
national,4271
nativity,9
nattered,0
nattiest,0
naturals,1
nauseate,0
nauseous,9
nautical,35
nautilus,0
navigate,525
naysayer,1
nearness,0
neatened,0
neatness,1
nebulous,10
neckings,0
necklace,83
neckline,25
neckties,1
necroses,0
necrosis,4
necrotic,3
neediest,4
needless,34
needling,3
negating,4
negation,5
negative,1024
neglects,4
negligee,1
negliges,0
neighbor,190
neighing,0
nematode,1
neonatal,41
neonates,1
neophyte,1
neoplasm,0
neoprene,5
nepenthe,0
nephrite,0
nepotism,37
nepotist,0
nerdiest,1
nerviest,0
nestling,1
netbooks,0
nettings,0
nettling,0
networks,444
neurally,0
neuritic,0
neuritis,0
neuronal,2
neuroses,3
neurosis,0
neurotic,10
neutered,25
neutrals,11
neutrino,2
neutrons,3
newborns,34
newcomer,67
newlywed,7
newsboys,1
newscast,8
newsgirl,0
newsiest,0
newsreel,3
newsroom,48
nibblers,0
nibbling,6
niceness,0
niceties,8
nickered,0
nicknack,0
nickname,109
nicotine,61
niftiest,0
niggards,0
nigglers,0
niggling,4
nightcap,11
nighties,0
nihilism,7
nihilist,3
nimblest,0
nimbuses,0
ninepins,0
nineteen,18
nineties,14
niobiums,0
nippiest,0
nirvanas,0
nitpicks,1
nitrated,0
nitrates,14
nitrites,3
nitrogen,74
nobelium,0
nobility,9
nobleman,5
noblemen,1
nobodies,1
nocturne,0
noisiest,2
nominate,81
nominees,179
nonbasic,0
nondairy,2
nonesuch,0
nonevent,0
nonfatal,3
nonfoods,0
nonhuman,5
nonlegal,0
nonmetal,0
nonrigid,0
nonsense,116
nonstick,6
nontoxic,3
nonunion,2
nonusers,0
nonvocal,0
nonvoter,0
nonwhite,10
noodling,0
noondays,0
noontide,0
noontime,6
normalcy,36
normally,406
northern,1027
northers,0
nosecone,0
nosedive,12
nosedove,0
nosegays,0
nosiness,0
nostrils,8
nostrums,1
notables,1
notarial,0
notaries,2
notarize,0
notating,0
notation,4
notching,21
notebook,56
nothings,3
noticing,63
notified,255
notifier,0
notifies,8
notional,4
novelist,49
novelize,0
novellas,1
nowadays,66
nowheres,0
nubbiest,0
nucleate,0
nucleoli,0
nucleons,1
nudities,0
nugatory,0
nuisance,96
numbered,49
numbness,16
numeracy,10
numerals,4
numerate,2
numerous,1017
numinous,1
numskull,0
nuptials,30
nursings,0
nursling,0
nurtured,31
nurturer,1
nurtures,13
nuthatch,0
nutmeats,0
nutpicks,0
nutrient,42
nutshell,19
nuttiest,1
nuzzlers,0
nuzzling,2
nymphets,0
oafishly,0
oarlocks,0
oatcakes,0
oatmeals,0
obduracy,0
obdurate,1
obedient,8
obeisant,1
obelisks,1
obituary,43
objected,104
objector,6
oblation,0
obligate,3
obliging,9
obliques,1
oblivion,17
obscener,0
obscured,29
obscurer,0
obscures,5
observed,567
observer,56
observes,45
obsessed,158
obsesses,0
obsidian,4
obsolete,29
obstacle,113
obstruct,29
obtained,475
obtruded,0
obtrudes,0
obtusely,0
obtusest,0
obverses,0
obviated,1
obviates,1
ocarinas,0
occasion,644
occluded,1
occludes,0
occupant,52
occupied,381
occupier,12
occupies,48
occurred,1738
octagons,1
octettes,0
oculists,0
oddballs,2
oddities,8
oddments,0
odiously,0
odometer,6
odorless,4
odysseys,0
oenology,0
offbeats,0
offences,699
offended,69
offender,182
offenses,140
offering,1969
officers,3264
official,2915
offloads,5
offprint,0
offshoot,22
offshore,252
offstage,7
offtrack,0
oftenest,0
ofttimes,0
ogresses,0
ohmmeter,0
oilcloth,0
oiliness,2
oilskins,0
ointment,9
oldsters,0
oleander,0
oligarch,9
omelette,12
omicrons,0
omission,42
omitting,6
omnivore,1
oncogene,0
oncology,28
oncoming,46
onlooker,15
onrushes,0
onscreen,40
ontogeny,0
ontology,0
opaquely,1
opaquest,0
opaquing,0
openings,95
openness,77
openwork,0
operable,2
operated,414
operates,523
operatic,12
operator,402
operetta,3
opinions,349
opossums,3
opponent,504
opposing,226
opposite,587
optician,9
optimism,266
optimist,12
optimize,80
optimums,0
optional,100
optioned,11
opulence,20
oracular,1
orangery,5
orangest,0
orations,0
oratorio,0
orbitals,0
orbiters,1
orbiting,23
orchards,29
ordained,36
ordering,160
ordinals,0
ordinary,358
ordinate,0
ordnance,15
oreganos,0
organdie,0
organics,5
organism,15
organist,9
organize,134
organzas,0
orgasmic,4
oriental,4
oriented,36
orifices,1
origamis,0
original,1943
ornament,15
ornately,0
ornerier,0
orphaned,34
orthodox,13
osculate,0
ossified,0
ossifies,0
ottomans,1
outargue,0
outbacks,0
outboard,10
outboast,0
outbound,22
outboxed,1
outboxes,0
outbreak,286
outburst,53
outcasts,7
outclass,3
outcomes,501
outcries,2
outcrops,1
outdated,128
outdoing,2
outdoors,240
outdrawn,0
outdraws,0
outfaced,0
outfaces,0
outfield,45
outfight,0
outflank,1
outflows,19
outfoxed,2
outfoxes,0
outgoing,144
outgrown,19
outgrows,0
outguess,1
outhouse,7
outlasts,2
outlawed,34
outlined,318
outlines,87
outlived,7
outlives,0
outlooks,18
outlying,7
outmatch,1
outmoded,3
outplace,0
outplays,0
outpoint,0
outposts,15
outraced,0
outraces,0
outraged,65
outrages,8
outranks,1
outreach,221
outrider,0
outright,175
outscore,9
outsells,0
outshine,5
outshone,3
outshout,0
outsider,66
outsides,2
outsized,37
outsizes,0
outskirt,2
outsmart,7
outspend,2
outspent,7
outstays,0
outstrip,5
outtakes,1
outvoted,2
outvotes,0
outwards,7
outwears,0
outweigh,42
outworks,0
ovations,8
ovenbird,0
overacts,1
overages,1
overalls,9
overarms,0
overawed,4
overawes,0
overbear,0
overbids,0
overbite,1
overbold,0
overbook,0
overbore,0
overbuys,0
overcame,78
overcast,28
overcoat,4
overcome,394
overcook,0
overdoes,0
overdone,9
overdose,130
overdraw,0
overdrew,1
overdubs,1
overeats,0
overfeed,0
overfill,1
overflew,0
overflow,51
overfond,0
overfull,0
overgrew,0
overgrow,1
overhand,3
overhang,14
overhaul,177
overhead,129
overhear,2
overheat,11
overhung,1
overjoys,0
overkill,8
overlaid,3
overlain,2
overland,8
overlaps,13
overlays,1
overleaf,0
overlies,0
overload,27
overlong,4
overlook,96
overlord,10
overmuch,0
overnice,0
overpaid,19
overpass,22
overpays,0
overplay,1
overrate,0
override,43
overripe,2
overrode,1
overrule,6
overruns,12
overseas,422
overseen,85
overseer,4
oversees,91
oversell,1
overshoe,0
overshot,0
oversize,13
oversold,6
overstay,7
overstep,1
overtake,42
overtime,316
overtire,0
overtone,0
overtook,25
overture,6
overturn,160
overused,8
overuses,0
overview,107
overwork,6
oviducts,0
ovulated,0
ovulates,0
owlishly,0
oxbloods,0
oxidants,0
oxidized,4
oxidizer,1
oxidizes,0
oxymoron,7
pabulums,0
pacified,2
pacifier,2
pacifies,0
pacifism,3
pacifist,6
packaged,71
packager,0
packages,243
packings,0
paddings,0
paddlers,5
paddling,37
paddocks,7
padlocks,3
paganism,3
pageants,12
pageboys,0
paginate,0
pailfuls,0
pailsful,0
painless,10
paintbox,0
painters,22
painting,417
paisleys,0
paladins,0
palatals,0
palatial,5
palatine,0
palavers,0
paleface,0
paleness,0
palettes,12
palfreys,0
palimony,0
palisade,1
palliate,0
pallider,0
pallidly,0
palmetto,1
palmiest,0
palmists,0
palmtops,0
palomino,1
palpable,75
palpably,1
palpated,0
palpates,0
palsying,0
paltrier,0
pampered,12
pamphlet,13
panaceas,0
panaches,0
pancaked,0
pancakes,38
pancreas,9
pandemic,1369
pandered,2
panderer,0
paneling,7
panelist,9
panelled,7
panicked,50
panniers,1
panorama,12
panpipes,0
pantheon,7
panthers,1
pantries,15
pantsuit,6
papacies,0
paperboy,2
paperers,0
papering,2
papillae,1
papooses,0
paprikas,0
parables,1
parabola,1
paraders,0
paradigm,51
parading,16
paradise,71
paraffin,7
paragons,1
parakeet,1
parallax,0
parallel,143
paralyse,1
paralyze,5
paramour,1
paranoia,32
paranoid,38
parapets,2
paraquat,4
parasite,18
parasols,2
parboils,0
parceled,1
parching,0
pardoned,27
pardoner,0
parental,146
parented,1
parfaits,0
parietal,0
parishes,49
parities,0
parkings,0
parkours,0
parkways,1
parlance,10
parlayed,2
parleyed,0
parlours,2
parodied,2
parodies,5
parodist,0
parolees,1
paroling,0
paroxysm,0
parquets,0
parroted,3
parrying,2
parsleys,0
parsnips,6
partaken,1
partaker,0
partakes,2
parterre,0
partials,0
particle,28
partings,0
partisan,143
partizan,0
partners,1261
partying,39
parvenus,0
passable,12
passably,0
passages,34
passbook,3
passerby,23
passings,1
passions,78
passives,3
passkeys,5
passport,254
password,110
pasterns,0
pastiche,5
pastiest,0
pastille,0
pastimes,13
pastoral,40
pastrami,6
pastries,35
pastured,0
pastures,24
patchier,0
patchily,0
patching,13
patellae,0
patellas,0
patented,24
patently,14
paternal,17
pathetic,53
pathless,0
pathogen,21
pathoses,0
pathways,129
patience,313
patients,1768
patriots,26
patroons,0
pattered,0
patterns,390
paunches,0
pavement,143
pavilion,75
pawnshop,3
paybacks,0
paycheck,45
payloads,19
payments,991
payrolls,27
payslips,5
paywalls,5
peaceful,499
peachier,0
peacocks,8
peafowls,0
pearlier,0
pearling,0
peasants,12
peatiest,0
pebblier,0
pebbling,1
pectoral,9
peculate,0
peculiar,66
pedagogs,0
pedagogy,8
pedaling,6
pedalled,2
pedantic,2
pedantry,0
peddlers,7
peddling,31
pederast,0
pedestal,17
pedicabs,1
pedicure,5
pedigree,53
pediment,0
peduncle,0
peekaboo,2
peelings,4
peephole,2
peepshow,0
peerages,3
peerless,7
pegboard,0
peignoir,0
pekinese,0
pelicans,10
pellagra,1
pelleted,1
pellmell,0
pellucid,0
pelvises,0
pemmican,0
penalize,9
penances,0
penchant,45
penciled,4
pendants,2
pendents,0
pendulum,21
penguins,21
penitent,3
penknife,3
penlight,0
penlites,0
pennants,3
penology,0
pensions,164
pentacle,0
pentagon,1
penuches,0
penumbra,1
penuries,0
peonages,0
peopling,0
peppered,31
peppiest,0
percales,0
perceive,86
percents,0
perching,4
perfecta,0
perfects,0
perforce,1
performs,199
perfumed,3
perfumer,3
perfumes,20
pergolas,1
perigees,0
periling,0
perilled,0
perilous,42
perineum,0
periodic,43
perished,40
perishes,0
periwigs,0
perjured,0
perjurer,1
perjures,0
perkiest,0
permeate,7
permuted,0
permutes,0
peroxide,14
persists,55
personae,0
personal,2800
personas,24
perspire,0
persuade,109
pertains,21
pertness,0
perturbs,0
perusals,0
perusing,13
pervaded,4
pervades,4
perverse,19
perverts,2
peskiest,1
pestered,5
pestling,0
petcocks,0
petering,2
petioles,0
petition,462
pettiest,0
pettifog,0
pettings,0
petulant,5
petunias,0
pfennige,0
pfennigs,0
phaetons,0
phantasm,0
phantasy,0
phantoms,3
pharaohs,0
pharisee,0
pharmacy,147
phaseout,3
phattest,0
pheasant,4
philters,0
philtres,0
phishing,62
phonemes,1
phonemic,2
phonetic,1
phoneyed,0
phoniest,0
phonying,0
phosphor,0
photoing,0
phrasing,13
physical,1516
physique,32
pianists,2
piasters,0
piastres,0
pibrochs,0
picadors,0
picayune,0
piccolos,0
pickaxed,0
pickaxes,2
pickerel,1
picketed,8
pickiest,0
pickings,7
pickling,3
pictured,456
pictures,703
piddling,0
piebalds,0
piercing,30
piffling,1
piggiest,0
pigments,7
pigskins,0
pigsties,0
pigtails,1
pilaster,0
pilchard,0
pilfered,2
pilferer,0
pilgrims,110
pillaged,1
pillager,0
pillages,0
pillions,0
pillowed,1
piloting,21
pimentos,0
pimiento,2
pimplier,0
pinafore,1
pinballs,0
pinching,22
pinheads,1
pinholes,1
pinioned,0
pinkeyes,0
pinkness,0
pinnacle,66
pinochle,0
pinocles,0
pinpoint,70
pinprick,1
pinwheel,1
pioneers,45
pipeline,306
pipettes,0
piquancy,0
piracies,1
piranhas,0
pirating,0
piroshki,0
pismires,0
pitapats,0
pitchers,83
pitching,187
pitchman,2
pitchmen,0
pitfalls,42
pithiest,0
pitiable,3
pitiably,0
pitiless,0
pittance,2
pivoting,17
pizazzes,0
pizzeria,20
placards,35
placated,2
placates,0
placebos,0
placenta,10
placidly,1
plackets,0
plagiary,0
plaguing,36
plainest,1
plaiting,1
plangent,0
planking,0
plankton,6
planners,90
planning,2546
plantain,7
planters,23
planting,185
plashing,0
plasters,0
plastics,92
plateaus,6
plateaux,0
plateful,0
platelet,3
platform,2137
platings,0
platinum,47
platonic,18
platoons,3
platters,22
platting,0
platypus,5
plaudits,29
playable,37
playacts,0
playback,32
playbill,0
playbook,72
playboys,0
playgirl,1
playgoer,0
playlist,52
playmate,3
playoffs,420
playpens,1
playroom,12
playtime,14
pleaders,0
pleading,120
pleasant,158
pleasing,77
pleasure,287
pleating,1
plebeian,0
plectrum,0
pledging,69
plenties,0
pleonasm,0
plethora,108
pleurisy,1
plexuses,0
plighted,0
plodders,0
plodding,4
plopping,0
plotters,3
plotting,62
ploughed,21
pluckier,0
pluckily,0
plucking,12
plugging,29
plumages,0
plumbers,11
plumbing,70
plumiest,0
plummets,5
plumpest,0
plumping,7
plunders,0
plungers,1
plunging,53
plunking,1
plushest,0
plushier,0
plywoods,0
poachers,11
poaching,30
pocketed,19
pockmark,0
podcasts,92
podiatry,2
poetical,0
poetries,0
poignant,148
pointers,18
pointier,1
pointing,351
poisoned,42
poisoner,0
polarity,0
polarize,2
polecats,1
polemics,1
polestar,0
policies,1620
policing,310
polished,66
polisher,1
polishes,2
politely,42
politest,0
politico,2
politics,1355
polities,3
polkaing,0
pollacks,0
pollings,0
polliwog,0
pollocks,0
pollster,37
polluted,42
polluter,5
pollutes,5
pollywog,0
polonium,0
poltroon,0
polygamy,3
polyglot,0
polygons,1
polymath,2
polymers,7
pomading,0
pomander,0
pommeled,0
pompanos,0
pondered,32
ponderer,0
poniards,0
pontiffs,0
pontoons,3
ponytail,14
poolroom,0
poorboys,0
poorness,0
popcorns,1
popinjay,0
popovers,0
populace,43
populate,15
populism,25
populist,74
populous,46
porkiest,0
porosity,4
porphyry,11
porpoise,1
porridge,25
portable,186
portaged,0
portages,1
portends,4
portents,0
porthole,0
porticos,2
portiere,0
portions,149
portlier,0
portrait,175
portrays,68
positing,2
position,6844
positive,2375
positron,0
possible,4066
possibly,731
postages,0
postcard,27
postdate,0
postings,34
postlude,0
postmark,1
postpaid,3
postpone,46
postured,1
postures,7
potables,0
potashes,0
potatoes,210
potbelly,0
potently,0
potheads,0
potherbs,0
pothered,0
potholed,0
potholes,88
pothooks,0
potlucks,3
potsherd,0
potshots,4
pottages,0
pottered,0
pottiest,0
pouching,0
poultice,0
pouncing,4
poundage,0
pounding,33
powdered,16
powerful,1438
powering,58
powwowed,0
practice,1625
practise,42
praetors,0
prairies,5
praising,107
pralines,1
prancers,0
prancing,2
pratfall,0
prattled,2
prattler,0
prattles,0
prawning,0
preached,18
preacher,29
preaches,11
preamble,8
preceded,159
precedes,10
precepts,4
precinct,67
precious,255
precised,0
preciser,0
precises,0
preclude,15
precooks,0
predated,4
predates,14
predator,67
predicts,89
preemies,2
preempts,0
preening,5
preexist,0
prefaced,4
prefaces,0
prefects,0
prefixed,1
prefixes,2
preforms,0
pregames,0
pregnant,465
preheats,1
prejudge,4
prelates,0
preludes,0
premiere,386
premiers,31
premised,12
premises,451
premiums,116
premixed,0
premixes,0
premolar,0
prenatal,12
prepared,1108
prepares,214
preppier,0
preppies,0
prepping,21
prepuces,0
prequels,15
presaged,4
presages,1
presence,1464
presents,528
preserve,359
presided,68
presides,8
presidia,0
presorts,0
pressers,1
pressing,330
pressman,0
pressmen,1
pressure,2353
prestige,60
presumed,53
presumes,8
preteens,2
pretence,15
pretends,15
pretense,15
preterit,0
pretests,0
pretexts,2
pretrial,42
prettied,0
prettier,4
pretties,0
prettify,0
prettily,0
pretzels,16
prevails,29
prevents,88
previews,32
previous,3243
priciest,12
prickers,0
pricking,3
prickled,1
prickles,0
prideful,5
priestly,5
priggish,0
primates,17
primeval,4
primings,0
primmest,0
primness,0
primping,0
primrose,1
princely,6
princess,102
printers,30
printing,124
printout,8
prioress,1
priories,1
priority,912
prisoner,147
prissier,0
prissily,0
pristine,62
privater,0
privates,4
priviest,0
probable,104
probably,2624
probated,1
probates,1
problems,2073
procaine,0
proceeds,257
proclaim,25
proctors,1
procured,41
procurer,1
procures,2
prodding,7
prodigal,4
produced,1132
producer,612
produces,207
products,2788
profaned,0
profanes,0
proffers,0
profiled,15
profiles,114
profited,17
profound,392
profuser,0
programs,1389
progress,1609
prohibit,79
projects,2314
prolapse,1
prolific,131
prolixly,0
prologue,8
prolongs,4
promised,799
promises,718
promoing,0
promoted,340
promoter,55
promotes,163
prompted,454
prompter,3
promptly,166
pronouns,46
proofing,4
propanes,0
properer,0
properly,587
property,3473
prophecy,18
prophesy,4
prophets,13
proposal,1014
proposed,1752
proposer,0
proposes,88
propound,0
propping,19
prorated,4
prorates,0
prorogue,0
prosiest,0
prospect,484
prospers,3
prostate,136
protects,104
proteges,1
proteins,86
protests,824
protocol,122
protozoa,1
protract,0
protrude,3
proudest,17
provable,5
proverbs,2
provided,2510
provider,617
provides,1702
province,764
provisos,1
provoked,53
provoker,0
provokes,7
provosts,0
prowlers,0
prowling,9
prudence,14
prurient,0
psalmist,0
psaltery,0
psychics,2
psyching,0
ptomaine,0
pubertal,0
publican,4
publicly,719
puckered,0
puddings,15
puddling,1
pudendum,0
pudgiest,0
puffball,1
puffiest,0
pugilism,1
pugilist,2
pullback,31
pullouts,1
pullover,2
pulpiest,0
pulpwood,0
pulsated,0
pulsates,0
pummeled,14
pumpkins,37
puncheon,0
punchers,0
punchier,2
punching,79
punctual,3
puncture,14
punditry,12
pungency,0
puniness,0
punished,155
punishes,13
punitive,55
punsters,0
puppetry,9
purblind,0
purchase,1289
purebred,6
pureeing,0
pureness,2
purified,6
purifier,10
purifies,3
puristic,0
puritans,0
purities,1
purlieus,0
purloins,0
purplest,0
purplish,0
purports,15
purposed,0
purposes,363
pursuant,36
pursuers,5
pursuing,304
pursuits,59
purulent,1
purveyed,0
purveyor,2
purviews,1
pushcart,0
pushiest,0
pushover,10
pussiest,0
pussycat,1
pustular,0
pustules,1
putative,2
putdowns,0
putsches,1
puttered,1
putterer,0
puttying,0
puzzlers,0
puzzling,19
pyorrhea,0
pyramids,17
quackery,0
quacking,0
quadrant,4
quaffing,2
quagmire,7
quahaugs,0
quailing,0
quainter,0
quaintly,0
quakiest,0
qualmish,0
quandary,4
quantify,37
quantity,169
quarrels,10
quarried,5
quarries,5
quarters,307
quartets,1
quartzes,0
quashing,9
quatrain,0
quavered,0
queasier,0
queasily,0
queening,0
queerest,0
queering,0
quelling,6
quenched,1
quencher,0
quenches,3
querying,2
questing,1
question,2512
queueing,31
quibbled,0
quibbler,0
quibbles,1
quickens,3
quickest,49
quickies,0
quietest,7
quieting,1
quietude,1
quilters,1
quilting,8
quinines,0
quinsies,0
quintets,0
quipping,11
quipster,0
quirkier,2
quirking,0
quisling,0
quitters,1
quitting,81
quivered,1
quixotic,3
quizzers,3
quizzing,3
quoiting,0
quotable,9
quotient,6
rabbeted,0
rabbinic,7
raccoons,14
raceways,1
racially,72
raciness,0
racketed,0
racquets,2
radially,1
radiance,8
radiated,10
radiates,5
radiator,36
radicals,22
radioing,0
radioman,1
radiomen,0
radishes,6
radiuses,0
raffling,1
raftings,0
raggeder,0
raggedly,0
ragingly,0
ragtimes,0
ragweeds,0
railings,23
raillery,0
railroad,86
railways,51
raiments,0
rainbows,8
raincoat,8
raindrop,2
rainfall,396
rainiest,0
rakishly,0
rallying,111
ramblers,2
rambling,25
ramekins,1
ramequin,0
ramified,0
ramifies,1
rampaged,7
rampages,3
rampancy,0
ramparts,1
ranchers,18
ranching,17
rancours,0
randiest,0
randomly,77
rangiest,0
rankings,231
rankling,0
rankness,0
ransacks,0
ransomed,2
ransomer,0
rapacity,1
rapeseed,8
rapidest,0
rapidity,2
rapports,0
raptness,0
raptures,2
rarebits,0
rarefied,5
rarefies,0
rareness,0
rarities,7
rascally,1
rashness,2
raspiest,0
ratchets,6
ratified,58
ratifier,0
ratifies,2
rational,65
rationed,3
ratlines,0
rattiest,1
rattlers,2
rattling,26
rattraps,0
ravagers,0
ravaging,13
raveling,0
ravelled,0
ravening,0
ravenous,8
raviolis,0
ravished,1
ravisher,0
ravishes,0
rawboned,0
rawhides,0
reabsorb,1
reaching,792
reactant,0
reacting,98
reaction,633
reactive,31
reactors,46
readable,10
readiest,0
readings,96
readjust,4
readmits,0
readopts,0
readouts,3
readying,13
reaffirm,34
reagents,3
realigns,1
realisms,0
realists,1
realized,423
realizes,51
realness,2
realties,0
realtors,7
reappear,20
rearming,2
rearmost,2
rearrest,0
rearward,2
reascend,0
reasoned,26
reasoner,0
reassert,8
reassess,31
reassign,8
reassure,123
reattach,5
reattain,0
reawaken,1
rebating,0
rebelled,10
rebirths,0
reboiled,0
rebooted,18
rebounds,491
rebuffed,29
rebuilds,7
rebuking,1
reburial,1
reburied,2
reburies,0
rebuttal,17
rebutted,8
recalled,757
recanted,6
recapped,5
receding,14
receipts,98
received,4090
receiver,449
receives,278
recenter,0
recently,4672
receptor,5
recessed,4
recesses,8
recharge,52
rechecks,0
recitals,3
reciters,0
reciting,12
reckless,195
reckoned,56
reclaims,8
reclined,6
recliner,6
reclines,2
recluses,0
recoiled,5
recolors,0
recommit,7
recooked,0
recopied,0
recopies,1
recorded,1361
recorder,25
recounts,61
recouped,5
recourse,33
recovers,43
recovery,1029
recreant,0
recreate,63
recruits,102
rectally,0
recurred,1
recycled,126
recycles,4
redacted,20
redactor,0
redbirds,0
redcoats,0
reddened,0
redeemed,27
redeemer,0
redefine,54
redeploy,6
redesign,55
redheads,2
redialed,0
redirect,37
redivide,0
rednecks,5
redolent,2
redouble,19
redoubts,0
redounds,1
redrafts,0
redskins,0
reducers,1
reducing,752
redwoods,4
redyeing,0
reechoed,0
reechoes,0
reediest,0
reedited,1
reelects,0
reembark,0
reembody,0
reemerge,0
reemploy,0
reenacts,0
reengage,1
reenlist,0
reenters,1
reequips,0
reexport,1
refacing,0
refasten,0
refereed,4
referees,53
referent,0
referral,91
referred,632
referrer,0
refiling,1
refilled,8
refiners,9
refinery,138
refining,86
refinish,2
refitted,4
reflects,562
reflexes,11
refolded,0
reforest,3
reforged,1
reforges,0
reformed,40
reformer,12
refracts,1
refrains,4
refreeze,1
refrozen,0
refueled,3
refugees,301
refunded,27
refusals,4
refusing,226
refuters,0
refuting,7
regained,72
regaling,1
regarded,187
regather,0
regattas,3
regicide,2
regimens,5
regiment,31
regional,1270
register,534
registry,52
regraded,0
regrades,0
regrinds,0
reground,0
regroups,0
regrowth,4
regulars,66
regulate,171
rehabbed,1
rehanged,0
rehashed,3
rehashes,2
rehearse,13
reheated,3
rehiring,0
rehoused,3
rehouses,0
reigning,131
reignite,36
reimpose,3
reindeer,28
reinfect,0
reinsert,1
reinvent,24
reinvest,21
reissued,212
reissues,3
rejected,645
rejoiced,10
rejoices,2
rejoined,19
rejudged,0
rejudges,0
rekindle,23
relabels,0
relapsed,8
relapses,4
relaters,0
relating,267
relation,344
relative,370
relaunch,26
relaxant,0
relaxers,0
relaxing,137
relaying,14
relearns,0
released,3688
releases,323
relegate,5
relented,16
relevant,745
reliable,534
reliably,67
reliance,166
relieved,150
reliever,51
relieves,5
relights,0
religion,298
relining,0
relished,17
relishes,12
reliving,20
reloaded,5
relocate,108
remained,1261
remaking,11
remanded,176
remapped,1
remarked,264
remedial,27
remedied,9
remedies,54
remelted,1
remember,1752
reminded,346
reminder,475
remissly,0
remitted,10
remixing,5
remnants,73
remodels,4
remolded,1
remorses,0
remotely,155
remotest,6
remounts,0
removals,23
removers,6
removing,360
renaming,23
rendered,92
renegade,7
renegers,0
reneging,4
renewals,22
renewing,34
renounce,12
renovate,54
renowned,361
renumber,1
reoccupy,3
reoccurs,0
reopened,271
reorders,0
reorging,0
reorient,3
repacked,0
repaints,0
repaired,103
repairer,1
repartee,1
repaving,5
repaying,11
repealed,20
repeated,472
repeater,2
repelled,24
repented,4
rephrase,2
repining,0
replaced,710
replaces,69
replants,0
replayed,16
replicas,15
replying,22
reported,5746
reporter,468
reposing,1
repriced,0
reprices,0
reprieve,42
reprints,1
reprisal,24
reprised,18
reprises,12
reproach,8
reproofs,0
reproved,0
reproves,0
reptiles,25
republic,77
repulsed,11
repulses,0
reputing,0
requests,506
requiems,0
required,1914
requires,964
requital,0
requited,0
requiter,0
requites,0
rerecord,0
rerouted,21
reroutes,3
rescinds,0
rescuers,62
rescuing,42
resealed,0
research,7492
reseeded,1
resemble,63
resented,4
reserved,221
reserves,308
resettle,7
resewing,0
reshaped,30
reshapes,4
resident,1060
residing,80
residual,35
residues,11
residuum,0
resigned,289
resinous,1
resisted,65
resister,0
resistor,2
resoling,0
resolute,55
resolved,274
resolves,20
resonant,24
resonate,151
resorted,46
resounds,1
resource,456
resowing,0
respects,155
respells,0
respired,0
respires,0
respites,1
responds,102
response,2957
resprays,0
restaffs,0
restarts,13
restated,193
restates,1
restitch,0
restless,30
restocks,0
restored,327
restorer,0
restores,16
restrain,25
restrict,142
restring,0
restroom,34
restrung,0
restyled,2
restyles,0
resubmit,5
resulted,760
resuming,38
resupply,22
resurvey,0
retailed,3
retailer,289
retained,220
retainer,11
retaking,7
retarded,2
retarder,0
retaught,0
retching,4
retested,2
rethinks,3
reticent,7
retinues,0
retirees,86
retiring,236
retooled,6
retorted,17
retraced,5
retraces,3
retracts,2
retrains,0
retreads,0
retreats,31
retrench,1
retrials,0
retrieve,78
retrofit,21
retrying,2
retsinas,0
returned,1723
returnee,3
returner,29
retweets,4
retyping,1
reunions,14
reunited,147
reunites,14
reusable,57
revalued,1
revalues,0
revamped,76
revealed,3087
reveille,1
revelers,13
reveling,7
revelled,4
reveller,2
revenged,0
revenges,1
revenuer,0
revenues,341
reverend,6
reverent,5
reveries,0
revering,1
reversal,107
reversed,148
reverses,18
reverted,21
reviewed,327
reviewer,99
revilers,0
reviling,0
revisers,0
revising,26
revision,72
revisits,12
revivals,6
revivify,0
reviving,43
revoking,14
revolted,5
revolved,19
revolver,18
revolves,97
rewarded,139
rewarmed,0
rewashed,0
rewashes,0
reweaved,0
reweaves,0
rewedded,0
reweighs,0
rewiring,4
reworded,0
reworked,18
rewrites,7
rezoning,30
rhapsody,3
rheniums,0
rheostat,0
rhesuses,0
rhetoric,280
rheumier,0
rhinitis,8
rhizomes,5
rhodiums,0
rhomboid,0
rhubarbs,0
rhythmic,18
ribaldry,0
richness,54
rickrack,0
rickshas,0
rickshaw,5
ricochet,4
ricottas,0
riddance,6
riddling,0
ridgiest,0
ridicule,28
riffling,3
riffraff,0
rifleman,0
riflemen,1
riflings,0
rigatoni,1
riggings,0
rightest,1
rightful,49
righting,8
rightism,0
rightist,1
rigidity,5
rigorous,159
ringgits,0
ringlets,1
ringlike,0
ringside,77
ringtone,2
ringworm,3
riotings,0
riparian,10
ripcords,0
ripeness,4
ripening,8
riposted,0
ripostes,1
rippling,5
riptides,1
riskiest,8
risottos,1
ritually,0
ritziest,1
rivaling,6
rivalled,5
riverbed,11
riveters,0
riveting,33
rivetted,0
rivulets,2
roadbeds,0
roadkill,6
roadshow,18
roadside,110
roadster,2
roadways,67
roadwork,4
roamings,0
roarings,0
roasters,2
roasting,35
robocall,3
robotics,73
robotize,0
robuster,0
robustly,27
rocketed,31
rocketry,3
rockfall,6
rockiest,0
roebucks,0
roentgen,0
rogering,0
roisters,0
rollback,7
rollicks,0
rollover,24
romaines,0
romanced,0
romancer,0
romances,29
romantic,406
roofings,0
roofless,4
rooftops,34
roomette,0
roomfuls,0
roomiest,0
roommate,52
roosters,2
roosting,8
rootless,1
rootlets,0
rosaries,1
rosebuds,1
rosebush,0
rosemary,18
rosettes,9
rosewood,1
rosiness,0
rosining,0
rostrums,0
rotaries,0
rotating,96
rotation,164
rotatory,0
rottener,0
rottenly,0
rotundas,0
roughage,0
roughens,0
roughest,5
roughing,12
roulette,30
roundest,0
rounding,47
roundish,0
roundups,4
rousting,0
routines,89
rowboats,0
rowdiest,2
rowdyism,1
roweling,0
rowelled,0
royalist,0
rubbishy,0
rubdowns,1
rubellas,0
rubicund,0
rubidium,0
rucksack,16
ruckuses,0
ruddiest,0
rudeness,2
rudiment,0
ruefully,2
ruffians,1
ruffling,2
ruggeder,0
ruggedly,2
rumbaing,0
rumbling,19
ruminant,0
ruminate,3
rummaged,6
rummages,0
rumoring,0
rumoured,62
rumpling,0
rumpuses,0
runabout,2
runaways,1
rundowns,0
runniest,0
runnings,0
runtiest,0
ruptured,23
ruptures,4
rustiest,0
rustlers,1
rustling,8
rutabaga,0
ruthless,85
ruttiest,0
sabbaths,0
sabotage,61
saboteur,2
sackfuls,0
sackings,1
sacredly,0
sacristy,1
saddened,131
saddling,2
sadistic,22
safaried,0
safeness,0
safeties,19
saffrons,0
sagacity,3
saggiest,0
saguaros,0
sailboat,8
sailfish,0
sailings,18
salaamed,0
salacity,0
salaried,9
salaries,239
saleable,5
salesman,29
salesmen,4
salience,4
salients,0
salinity,5
salivary,4
salivate,2
sallower,0
sallying,0
saltiest,0
saltines,0
salutary,8
saluting,4
salvaged,32
salvages,0
samarium,1
sambaing,0
sameness,0
samovars,0
samplers,1
sampling,90
sanctify,2
sanction,71
sanctity,33
sanctums,1
sandbags,17
sandbank,5
sandbars,2
sandhogs,0
sandiest,0
sandlots,0
sandwich,173
saneness,0
sangrias,1
sanguine,8
sanitary,47
sanities,0
sanitize,1
sapience,0
saplings,11
sapphire,9
sappiest,0
sapwoods,0
sarcasms,0
sarcomas,2
sardines,4
sardonic,7
sashayed,1
sassiest,1
satanism,0
satanist,0
satchels,1
satiable,0
satiated,1
satiates,0
satirist,2
satirize,2
saturate,2
saucepan,18
sauciest,0
saunaing,0
saunters,1
sauropod,0
sausages,38
sauteing,0
sauterne,0
savagely,7
savagery,12
savagest,0
savaging,1
savannah,2
savannas,4
saveable,0
saviours,2
savorier,0
savories,0
savoring,4
savoured,8
savviest,1
savvying,0
sawbones,0
sawbucks,0
sawdusts,0
sawflies,0
sawhorse,0
sawmills,5
scabbard,2
scabbier,0
scabbing,0
scabrous,1
scaffold,2
scalawag,0
scalding,12
scaliest,0
scallion,3
scallops,19
scalpels,0
scalpers,2
scalping,6
scamming,17
scampers,1
scampies,0
scandals,84
scandium,0
scanners,23
scanning,90
scansion,0
scantest,0
scantier,0
scantily,6
scanting,0
scapulae,0
scapular,1
scapulas,0
scarcely,16
scarcest,0
scarcity,91
scareder,0
scarfing,1
scariest,25
scarlets,1
scarping,0
scarring,25
scathing,65
scatters,3
scatting,0
scavenge,6
scenario,380
scenting,1
scepters,0
sceptics,7
sceptres,0
schedule,856
schemers,4
scheming,18
scherzos,0
schizoid,1
schlepps,0
schlocks,0
schlocky,3
schmaltz,2
schmooze,3
schmucks,1
schnapps,1
schnooks,0
schnozes,0
scholars,106
schooled,10
schooner,8
schussed,0
schusses,0
sciatica,3
sciences,84
scimitar,0
scissors,35
scoffers,0
scoffing,4
scofflaw,3
scolding,5
scollops,0
scoopful,0
scooping,15
scooters,31
scooting,4
scorched,28
scorcher,2
scorches,2
scorners,0
scornful,3
scorning,1
scorpion,12
scotched,1
scotches,0
scourers,0
scourged,0
scourges,3
scouring,21
scouting,79
scowling,1
scrabble,2
scraggly,4
scramble,86
scrammed,0
scrapers,3
scraping,35
scrapped,115
scrapper,0
scratchy,4
scrawled,6
screamed,71
screamer,3
screechy,0
screened,89
screwier,1
screwing,13
scribble,3
scrimped,2
scripted,52
scrofula,0
scrolled,5
scrooges,0
scrotums,0
scrounge,1
scroungy,0
scrubbed,14
scrubber,8
scrunchy,0
scrupled,0
scruples,3
scrutiny,401
scubaing,0
scudding,0
scuffing,1
scuffled,3
scuffles,8
scullers,0
scullery,0
sculling,0
scullion,0
sculpted,29
sculptor,17
scumbags,7
scummier,0
scumming,0
scuppers,1
scurfier,0
scurried,2
scurries,1
scurvier,0
scurvies,0
scurvily,0
scuttled,16
scuttles,2
scuzzier,0
scything,1
seabirds,13
seaboard,9
seaborne,3
seacoast,0
seafarer,3
seafloor,11
seafoods,0
seafront,53
seagoing,3
seagulls,10
seahorse,0
sealants,4
sealskin,0
seamiest,0
seamless,227
seaplane,6
seaports,5
searched,240
searcher,1
searches,220
seascape,1
seashell,2
seashore,4
seasides,0
seasonal,302
seasoned,181
seatings,0
seatmate,1
seawalls,4
seawards,0
seawater,25
seaweeds,0
seceding,0
secluded,59
secludes,0
seconded,32
seconder,1
secondly,15
secreted,2
secretes,0
secretly,106
sections,336
securely,53
securest,0
securing,467
security,4697
sedately,1
sedatest,0
sedating,4
sedation,9
sedative,4
sediment,26
sedition,12
seducers,0
seducing,4
sedulous,0
seedbeds,1
seedcase,0
seediest,0
seedless,1
seedling,6
seedpods,0
seemlier,0
seepages,0
seesawed,2
seething,17
segments,243
segueing,1
seigneur,0
seignior,0
seizures,77
selected,774
selector,12
selenium,12
selfless,71
selfsame,0
selloffs,3
sellouts,6
seltzers,3
selvages,0
selvedge,0
semantic,2
semester,175
semiarid,0
seminars,33
seminary,15
semiotic,0
semipros,0
semitone,0
semolina,1
senators,181
sendoffs,0
senility,1
senorita,0
sensible,110
sensibly,9
sensuous,4
sentence,939
sentient,14
sentinel,2
sentries,0
separate,1201
septette,0
sequence,174
sequined,10
sequoias,0
seraglio,0
seraphic,0
seraphim,0
serenade,6
serenely,2
serenest,0
serenity,23
serfdoms,0
sergeant,68
serially,5
serology,0
serpents,3
serrated,3
servants,175
serviced,26
services,6483
servings,21
servitor,0
sessions,708
setbacks,125
setscrew,0
settings,344
settlers,103
settling,119
sevenths,0
severely,288
severest,3
severing,18
severity,122
sewerage,15
sexiness,0
sexology,0
sextants,0
sextette,0
sextings,0
sexually,364
shabbier,0
shabbily,0
shackled,7
shackles,16
shadiest,0
shadings,2
shadowed,9
shafting,0
shaggier,0
shagging,1
shakeout,1
shakeups,2
shakiest,1
shallots,7
shallows,2
shamanic,3
shambled,0
shambles,23
shameful,82
shammies,0
shamming,0
shampoos,10
shamrock,8
shanghai,0
shanties,9
shantung,0
shariahs,0
sharpens,6
sharpers,0
sharpest,21
sharpies,0
sharping,0
shatters,7
shavings,5
shearers,1
shearing,10
sheathed,1
sheathes,0
sheaving,0
shebangs,0
shedding,91
sheenier,0
sheepdog,4
sheepish,2
sheerest,0
sheering,0
sheeting,2
sheikdom,0
shellack,0
shellacs,0
shelling,77
shelters,194
shelving,21
shepherd,23
sherbert,1
sherbets,0
sheriffs,14
sherries,0
shiatsus,0
shielded,27
shiftier,0
shiftily,0
shifting,253
shiitake,3
shilling,6
shimmers,1
shimmery,3
shimmied,1
shimmies,3
shimming,0
shinbone,0
shindigs,0
shingled,2
shingles,13
shiniest,1
shinnied,0
shinnies,0
shinning,1
shipload,0
shipmate,0
shipment,65
shippers,12
shipping,407
shipyard,21
shirkers,2
shirking,0
shirring,0
shirting,0
shittier,0
shitting,2
shivered,4
shlemiel,0
shlepped,1
shoaling,0
shockers,2
shocking,424
shoddier,0
shoddies,0
shoddily,3
shoehorn,6
shoelace,2
shoetree,0
shooters,62
shooting,1533
shootout,130
shoplift,2
shoppers,427
shopping,951
shoptalk,0
shopworn,0
shorings,0
shortage,404
shortcut,31
shortens,2
shortest,36
shorties,1
shorting,5
shotguns,12
shoulder,458
shouters,0
shouting,221
shoveled,4
showboat,0
showcase,490
showdown,157
showered,52
showgirl,4
showiest,0
showings,22
showoffs,0
showroom,43
shrapnel,32
shredded,43
shredder,6
shrewder,0
shrewdly,1
shrewish,0
shrieked,1
shrilled,0
shriller,0
shrimped,0
shrivels,0
shriving,0
shrouded,49
shrugged,36
shrunken,4
shucking,2
shudders,2
shuffled,12
shuffler,0
shuffles,9
shunning,9
shunting,2
shushing,2
shutdown,127
shuteyes,0
shutoffs,3
shutouts,5
shutters,31
shutting,121
shuttled,7
shuttles,14
shysters,0
sibilant,0
siblings,309
sickbeds,0
sickened,24
sicklier,0
sickness,95
sickouts,1
sickroom,0
sidearms,0
sidebars,0
sidecars,0
sidekick,28
sideline,139
sidelong,0
sidereal,0
sideshow,11
sidestep,11
sidewalk,114
sidewall,1
sideways,43
sidewise,0
sighting,90
signages,2
signaled,81
signaler,0
signally,0
signings,106
signoras,0
signpost,9
silenced,46
silencer,7
silences,9
silenter,0
silently,27
silicate,1
silicone,34
silicons,0
silkiest,0
silkworm,2
silliest,2
siltiest,0
silvered,0
simmered,9
simonies,0
simonize,0
simpered,0
simplest,48
simplify,83
simulate,25
sincerer,0
sinecure,0
sinfully,0
singable,1
singeing,1
singings,0
singling,8
singsong,0
singular,65
sinister,95
sinkable,0
sinkhole,28
siphoned,15
sirloins,0
siroccos,0
sissiest,0
sisterly,3
sitarist,0
sittings,13
situated,195
situates,1
sixpence,1
sixteens,0
sixtieth,1
sizeable,61
sizzling,40
skatings,0
skeletal,21
skeleton,43
skeptics,19
sketched,13
sketcher,0
sketches,39
skewered,6
skidding,9
skillets,2
skillful,14
skimmers,2
skimming,9
skimpier,2
skimpily,0
skimping,7
skincare,146
skinhead,2
skinless,1
skinnier,2
skinnies,1
skinning,2
skippers,2
skipping,54
skirmish,14
skirting,13
skitters,0
skittish,12
skivvied,0
skivvies,1
skulkers,0
skulking,3
skullcap,0
skunking,0
skydived,1
skydiver,5
skydives,0
skyjacks,0
skylarks,1
skylight,12
skylines,2
skywards,4
slabbing,0
slackens,0
slackers,2
slackest,0
slacking,1
slalomed,0
slammers,0
slamming,58
slanders,1
slangier,0
slanting,0
slapdash,3
slapping,28
slashers,4
slashing,47
slathers,1
slattern,0
slavered,0
slayings,5
sleazier,1
sleazily,1
sledders,0
sledding,12
sledging,1
sleekest,1
sleeking,0
sleepers,77
sleepier,0
sleepily,0
sleeping,383
sleetier,0
sleeting,0
sleighed,1
sleights,0
slickers,0
slickest,0
slicking,0
slighted,3
slighter,0
slightly,970
slimiest,0
slimmest,7
slimming,15
slimness,1
slinging,11
slinkier,0
slinking,1
slipcase,1
slipknot,0
slippage,3
slippers,36
slippery,77
slipping,85
slipshod,0
slipways,3
slithers,1
slithery,3
slitting,1
slivered,6
slobbers,0
slobbery,0
slogging,7
sloppier,0
sloppily,5
slopping,1
sloshing,5
slothful,0
slotting,16
slouched,1
sloucher,0
slouches,2
sloughed,0
slovenly,2
slowdown,98
slowness,3
slowpoke,1
sludgier,0
sluggard,0
sluggers,5
slugging,7
sluggish,63
sluicing,1
slumbers,1
slumdogs,0
slumlord,2
slummier,0
slumming,1
slumping,13
slurping,5
slurries,0
slurring,7
slushier,0
sluttier,0
sluttish,0
smackers,0
smacking,12
smallest,136
smallish,5
smallpox,10
smarmier,0
smartens,0
smartest,23
smarties,1
smarting,5
smashers,1
smashing,83
smashups,0
smearier,0
smearing,8
smellier,3
smelling,41
smelters,9
smelting,4
smidgens,1
smidgeon,0
smidgins,0
smilaxes,0
smirched,0
smirches,0
smirking,1
smithies,0
smocking,1
smoggier,0
smokiest,0
smokings,0
smolders,0
smooched,2
smooches,1
smoothed,9
smoother,82
smoothes,1
smoothie,20
smoothly,139
smothers,2
smoulder,3
smudgier,0
smudging,6
smuggest,0
smuggled,39
smuggler,9
smuggles,0
smugness,0
smuttier,0
snacking,16
snaffled,0
snaffles,0
snagging,15
snakiest,1
snappers,3
snappier,1
snappily,0
snapping,82
snappish,0
snapshot,64
snarkier,0
snarlier,0
snarling,9
snatched,63
snatcher,2
snatches,5
snazzier,0
snazzily,1
sneakers,73
sneakier,1
sneakily,4
sneaking,31
sneering,7
sneezing,11
snickers,0
sniffers,0
sniffing,14
sniffled,0
sniffles,3
snifters,0
sniggers,2
snippets,24
snippier,0
snipping,4
snitched,0
snitches,1
sniveled,0
sniveler,0
snobbery,4
snobbier,0
snobbish,4
snookers,2
snoopers,1
snoopier,0
snooping,6
snootier,0
snootily,0
snoozing,2
snorkels,1
snorters,0
snorting,5
snottier,0
snottily,0
snowball,13
snowbank,6
snowbird,2
snowdrop,1
snowfall,102
snowiest,1
snowplow,11
snowshoe,3
snowsuit,0
snubbing,8
snuffbox,0
snuffers,0
snuffing,6
snuffled,0
snuffles,0
snuggest,0
snugging,0
snuggled,3
snuggles,3
snugness,0
soakings,0
soapiest,0
soapsuds,0
soberest,0
sobering,40
sobriety,38
sociable,23
sociably,0
socially,114
societal,189
sockeyes,0
soddenly,0
sodomies,0
sodomite,0
sodomize,0
sofabeds,0
softball,109
softened,34
softener,3
softness,29
software,1006
softwood,1
soggiest,0
sojourns,0
solacing,0
solarium,1
soldered,2
solderer,0
soldiers,843
soldiery,0
solecism,0
solemner,0
solemnly,12
solenoid,2
solicits,2
solidest,0
solidify,57
solidity,6
solitary,70
solitude,28
soloists,7
solstice,20
solubles,0
solution,1159
solvable,5
solvency,2
solvents,4
somberer,0
somberly,0
sombrero,3
sombrest,0
somebody,549
somerset,0
sometime,158
someways,0
somewhat,482
sonatina,0
songbird,0
songbook,4
songfest,0
songster,0
sonogram,2
sonority,0
sonorous,1
soothers,0
soothing,45
sootiest,0
sophisms,0
sophists,0
soppiest,0
sopranos,1
sorcerer,11
sordidly,0
sorehead,0
soreness,34
sorghums,0
sorority,22
sorriest,0
sorrowed,0
souffles,0
soughing,1
soulless,9
soulmate,14
sounders,1
soundest,1
sounding,82
soupcons,0
soupiest,0
sourcing,65
sourness,0
sourpuss,1
southern,1223
southpaw,16
souvenir,30
soybeans,26
spaceman,0
spacemen,0
spaciest,0
spacings,0
spacious,159
spadeful,0
spadices,0
spadixes,0
spammers,0
spamming,1
spangled,0
spangles,1
spaniels,1
spanking,9
spanners,2
spanning,191
sparkier,0
sparking,160
sparkled,5
sparkler,2
sparkles,11
sparring,22
sparrows,3
sparsely,10
sparsest,0
sparsity,0
spastics,0
spatters,1
spatting,0
spatulas,1
spavined,0
spawning,28
speakers,357
speaking,1205
spearing,1
speccing,0
specials,77
specific,1601
specimen,46
specious,4
specking,0
speckled,6
speckles,0
specters,1
spectral,7
spectres,0
spectrum,208
speeches,169
speeders,4
speedier,5
speedily,8
speeding,200
speedups,0
speedway,9
spellers,4
spelling,54
spenders,6
spending,1923
sphagnum,4
spheroid,0
sphinges,0
sphinxes,0
spiciest,2
spicules,0
spieling,0
spiffier,0
spikiest,0
spillage,12
spilling,52
spillway,3
spinally,0
spindled,0
spindles,2
spiniest,0
spinners,24
spinning,116
spinoffs,14
spinster,0
spiracle,0
spiraeas,0
spiraled,14
spirally,0
spirited,56
spitball,0
spiteful,6
spitfire,0
spitting,40
spittles,0
spittoon,0
splashed,30
splashes,12
splatted,0
splatter,4
splaying,0
splendid,26
splendor,8
splicers,0
splicing,6
splinted,0
splinter,14
splotchy,0
splurged,4
splurges,0
splutter,1
spoilage,7
spoilers,175
spoiling,33
spongers,0
spongier,0
sponging,0
sponsors,188
spoofing,12
spookier,1
spooking,4
spooling,3
spoonful,7
spooning,2
spooring,0
sporadic,31
sportier,5
sporting,468
sportive,1
spotless,6
spotters,2
spottier,0
spottily,1
spotting,70
spousals,0
spouting,11
sprained,19
sprawled,13
sprayers,3
spraying,49
spreader,7
sprinkle,45
sprinted,24
sprinter,35
spritzed,2
spritzer,0
spritzes,3
sprocket,1
sprouted,9
sprucely,0
sprucest,0
sprucing,3
spryness,0
spumiest,0
spumones,0
spumonis,0
spunkier,0
spurious,18
spurning,2
spurring,24
spurting,2
sputniks,0
sputters,1
spyglass,0
spywares,0
squabble,9
squadron,17
squalled,0
squalors,0
squamous,3
squander,11
squarely,43
squarest,0
squaring,38
squarish,3
squashed,10
squashes,2
squatted,5
squatter,12
squawked,0
squawker,0
squeaked,7
squeaker,0
squealed,3
squealer,0
squeegee,1
squeezed,54
squeezer,0
squeezes,9
squelchy,1
squiggle,0
squiggly,3
squinted,2
squinter,0
squiring,0
squirmed,4
squirrel,23
squirted,7
squished,2
squishes,0
sriracha,5
stabbers,0
stabbing,275
stablest,0
stabling,1
staccati,0
staccato,1
stacking,30
stadiums,64
staffers,105
staffing,189
staggers,3
stagiest,0
stagings,1
stagnant,51
stagnate,5
staidest,0
staining,8
stairway,17
stakeout,1
stalkers,9
stalking,91
stalling,34
stallion,10
stalwart,48
staminas,0
stammers,0
stampede,23
stampers,1
stamping,9
stanched,0
stancher,0
stanches,0
standard,1108
standbys,0
standees,0
standers,0
standing,1186
standoff,50
standout,253
standups,1
staplers,1
stapling,0
starched,1
starches,3
stardoms,0
stardust,5
starfish,5
stargaze,1
starkest,5
starless,1
starlets,0
starling,3
starrier,0
starring,369
starters,169
starting,2529
startled,11
startles,1
startups,161
starving,53
stashing,6
stations,797
statuary,2
statures,0
statuses,9
statutes,33
steadied,7
steadier,7
steadies,1
steadily,179
stealing,281
stealths,0
stealthy,12
steamers,3
steamier,2
steaming,36
steelier,0
steeling,4
steepens,1
steepest,12
steeping,0
steeples,1
steerage,0
steering,176
stemless,2
stemming,80
stemware,1
stenches,0
stencils,3
steppers,1
stepping,370
stepsons,6
sterling,27
sternest,1
sternums,0
steroids,29
stetsons,0
stetting,0
stewards,51
stickers,72
stickier,7
stickies,0
stickily,0
sticking,183
stickler,4
stickpin,0
stickups,0
stiffens,1
stiffest,3
stiffing,1
stifling,40
stigmata,1
stiletto,4
stillest,0
stilling,0
stimulus,80
stingers,0
stingier,1
stingily,0
stinging,16
stingray,7
stinkbug,0
stinkers,3
stinkier,0
stinking,5
stinting,1
stipends,18
stippled,0
stipples,0
stirrers,0
stirring,102
stirrups,2
stitched,19
stitches,49
stockade,0
stockier,0
stockily,0
stocking,60
stockpot,1
stodgier,0
stodgily,0
stoicism,2
stolider,0
stolidly,0
stomachs,13
stomping,21
stoniest,0
stooping,2
stopcock,0
stopgaps,0
stopover,12
stoppage,125
stoppers,3
stopping,370
stoppled,0
stopples,0
storages,0
stormier,2
stormily,0
storming,38
stoutest,0
stowages,0
stowaway,3
straddle,7
strafing,2
straggle,1
straggly,3
straight,1536
strained,108
strainer,7
straiten,0
stranded,164
stranger,199
strangle,11
strapped,57
strategy,1404
stratify,2
stratums,0
straying,6
streaked,3
streaker,1
streamed,95
streamer,80
strength,1204
stressed,668
stresses,81
stretchy,10
strewing,0
striated,1
stricken,31
stricter,71
strictly,130
stridden,0
strident,6
striding,7
strikers,57
striking,468
stringed,4
stringer,0
stripier,0
striping,3
stripped,157
stripper,6
striving,104
stroking,5
strolled,16
stroller,18
stronger,698
strongly,515
strophes,0
strophic,0
stropped,0
strudels,0
struggle,956
strummed,0
strumpet,0
strutted,8
stubbier,0
stubbing,0
stubbles,0
stubborn,80
stuccoed,0
stuccoes,0
studbook,0
studding,0
students,5390
studious,2
studying,357
stuffier,0
stuffily,0
stuffing,38
stultify,0
stumbled,73
stumbler,0
stumbles,25
stumpier,0
stumping,8
stunning,704
stunting,6
stupider,3
stupidly,5
sturdier,6
sturdily,1
sturgeon,12
stutters,3
stylists,21
stylized,13
stylizes,0
styluses,2
stymying,1
styptics,0
suasions,0
subareas,0
subduing,5
subgroup,7
subheads,0
subhuman,2
subjects,251
subjoins,0
sublease,2
sublimed,0
sublimer,0
sublimes,0
submerge,6
submerse,1
suborder,0
suborned,0
subpenas,0
subplots,5
subpoena,60
subprime,3
subsided,28
subsides,6
subsists,0
subsoils,1
subsonic,1
subsumed,3
subsumes,1
subteens,0
subtexts,1
subtitle,8
subtlest,0
subtlety,10
subtopic,0
subtotal,0
subtract,8
suburban,164
suburbia,4
subverts,3
succeeds,41
succinct,11
succored,0
succours,0
succumbs,5
suchlike,0
suckered,3
suckling,2
sucroses,0
suctions,0
suddenly,549
sudsiest,0
suffered,1319
sufferer,8
sufficed,3
suffices,1
suffixed,1
suffixes,1
suffrage,7
suffused,3
suffuses,1
sugarier,0
sugaring,3
suggests,875
suicidal,79
suicides,33
suitable,396
suitably,25
suitcase,78
suitings,0
sukiyaki,0
sulfates,3
sulfides,3
sulfuric,3
sulkiest,0
sullener,0
sullenly,0
sullying,3
sulphurs,0
sultanas,3
sultrier,0
sultrily,0
summered,1
summitry,1
summoned,121
summoner,0
sunbathe,6
sunbaths,0
sunbeams,0
sunbelts,0
sunblock,0
sunburns,1
sunburnt,3
sunburst,2
sundered,0
sundials,1
sundowns,0
sundries,1
sunlamps,0
sunlight,109
sunniest,3
sunrises,4
sunroofs,4
sunshade,2
sunshine,202
sunshiny,2
sunspots,3
superber,0
superbly,28
superego,0
superior,180
superman,3
supermen,0
supermom,0
supernal,0
supplant,7
supplest,0
supplied,152
supplier,166
supplies,596
supports,686
supposed,834
supposes,1
suppress,67
surcease,0
surefire,15
sureness,0
sureties,15
surfaced,145
surfaces,172
surfeits,0
surfings,0
surgeons,47
surgical,113
surliest,0
surmised,5
surmises,1
surmount,6
surnames,11
surplice,0
surprise,1147
surround,81
surtaxed,0
surtaxes,0
surveyed,188
surveyor,20
survival,388
survived,477
survives,28
survivor,131
suspects,691
suspends,6
suspense,46
sustains,21
suturing,0
suzerain,0
sveltest,0
swabbing,3
swaddled,3
swaddles,0
swaggers,0
swagging,0
swallows,6
swampier,0
swamping,2
swankest,0
swankier,0
swankily,0
swanking,0
swapping,57
swarming,13
swashing,0
swastika,15
swatches,4
swathing,0
swatters,0
swatting,12
swayback,0
swearers,0
swearing,53
sweaters,13
sweatier,0
sweating,55
sweepers,7
sweeping,223
sweetens,0
sweetest,31
sweeties,2
sweetish,0
swellest,0
swelling,98
swelters,2
swerving,14
swiftest,1
swigging,1
swilling,0
swimmers,108
swimming,500
swimsuit,29
swindled,6
swindler,3
swindles,0
swingers,1
swinging,85
swirlier,0
swirling,47
swishest,0
swishing,4
switched,232
switcher,1
switches,84
swiveled,0
swobbing,0
swooning,6
swooping,10
swooshed,0
swooshes,0
swopping,0
sybarite,0
sycamore,4
syllabic,0
syllable,3
syllabus,12
symbolic,110
symmetry,11
sympathy,130
symphony,29
symposia,1
symptoms,842
synagogs,0
synapses,2
synaptic,1
synching,1
syncopes,0
syndrome,138
synfuels,0
synonyms,2
synonymy,0
synopses,1
synopsis,48
synoptic,0
syntaxes,0
syphilis,30
syphoned,1
syringed,1
syringes,7
systemic,182
systoles,0
systolic,2
tableaus,1
tableaux,4
tabletop,22
tabloids,9
tabooing,0
tabulate,3
taciturn,0
tackiest,0
tacklers,8
tackling,264
tactical,168
tactless,3
tadpoles,4
taffetas,0
taffrail,0
tailback,4
tailcoat,0
tailgate,18
tailless,0
tailored,245
tailpipe,8
tailspin,5
tailwind,9
tainting,2
takeoffs,1
takeouts,0
takeover,182
talented,492
talisman,27
talkiest,0
tallboys,0
talliers,0
tallness,0
tallyhos,0
tallying,17
tamarack,0
tamarind,4
tameable,0
tameness,0
tampered,17
tamperer,0
tanagers,0
tanbarks,0
tandoori,5
tangelos,0
tangents,3
tangible,158
tangibly,5
tangiest,0
tangling,3
tangoing,0
tankards,0
tankfuls,0
tannings,0
tantalum,7
tantrums,15
tapeline,0
tapering,8
tapestry,54
tapeworm,1
tapiocas,0
taprooms,3
taproots,0
tardiest,0
targeted,1056
tarragon,3
tarriest,0
tarrying,0
tartaric,1
tartness,2
tasering,0
tasseled,1
tasteful,12
tastiest,3
tastings,29
tattered,7
tattings,0
tattlers,0
tattling,1
tattooed,21
tattooer,0
taunters,0
taunting,17
tautened,0
tautness,0
tawdrier,0
tawdrily,0
tawniest,0
taxation,94
taxicabs,0
taxonomy,6
taxpayer,158
teacakes,0
teachers,931
teaching,651
tealight,0
teammate,232
teamster,0
teamwork,81
teardrop,6
teariest,0
tearooms,2
teaspoon,26
tectonic,15
teenaged,8
teenager,437
teeniest,0
teensier,0
teetered,2
teething,9
teetotal,2
tektites,0
telecast,16
telegram,9
teleplay,1
teletext,0
telethon,4
televise,3
telexing,0
telltale,9
temblors,1
temerity,2
temperas,0
tempered,34
tempests,0
template,50
temporal,13
tempters,0
tempting,79
tempuras,0
tenacity,33
tenanted,1
tenantry,0
tendency,96
tendered,32
tenderer,1
tenderly,6
tendrils,4
tenement,15
tennises,0
tenoning,0
tensions,483
tentacle,1
tenuring,0
tepidest,0
tepidity,0
tequilas,0
terabyte,0
terbiums,1
terminal,218
terminus,10
termites,4
terraced,40
terraces,32
terrains,8
terrapin,0
terraria,1
terrazzo,1
terrible,578
terribly,68
terriers,2
terrific,117
tertiary,50
testator,0
testicle,5
testiest,0
tetchier,0
tethered,15
textbook,38
textiles,36
textural,6
textured,37
textures,53
thalamus,0
thallium,2
thankful,198
thanking,76
thatched,14
thatcher,0
thatches,1
theaters,262
theatres,90
theistic,0
thematic,28
theology,31
theorems,0
theories,207
theorist,26
theorize,5
therefor,1
thermals,1
thesauri,0
thespian,8
thiamine,0
thiamins,0
thickens,7
thickest,7
thickets,3
thickset,0
thievery,3
thieving,2
thievish,0
thimbles,1
thinkers,34
thinking,1515
thinners,2
thinness,2
thinnest,8
thinning,35
thirsted,0
thirteen,58
thirties,22
thistles,0
thoraces,0
thoracic,4
thoraxes,0
thoriums,0
thornier,1
thorough,260
thoughts,801
thousand,318
thraldom,0
thralled,0
thrashed,34
thrasher,0
thrashes,4
threaded,16
threader,0
threaten,232
threnody,0
threshed,0
thresher,2
threshes,0
thrilled,509
thriller,224
thriving,248
throbbed,0
thrombus,0
thronged,12
throttle,30
throwers,3
throwing,514
thrummed,1
thrushes,2
thruways,0
thudding,2
thuggery,17
thuggish,2
thuliums,0
thumbing,6
thumping,32
thunders,3
thwacked,1
thwacker,0
thwarted,60
thymines,0
thymuses,0
thyroids,0
ticketed,30
tickings,0
ticklers,0
tickling,5
ticklish,1
ticktock,0
tideland,0
tideways,0
tidiness,3
tiebacks,0
tigerish,0
tightens,8
tightest,17
tightwad,2
tillable,0
tillages,0
timbered,0
timbrels,0
timeless,158
timelier,1
timeouts,16
timeworn,2
timidest,0
timidity,2
timorous,0
tincture,1
tinfoils,0
tingeing,0
tinglier,0
tingling,15
tininess,1
tinkered,3
tinkerer,0
tinkling,0
tinniest,0
tinnitus,11
tinplate,0
tinseled,0
tinsmith,0
tintypes,0
tinwares,0
tipplers,1
tippling,0
tipsiest,0
tipsters,4
tiredest,1
tireless,69
tiresome,13
titanium,38
titivate,0
titlists,0
titmouse,1
tittered,2
toadying,0
toadyism,0
toasters,8
toastier,0
toasting,7
tobaccos,0
toboggan,4
toddlers,31
toddling,1
toeholds,0
toenails,2
together,5502
toggling,4
toileted,0
toiletry,4
toilette,0
toilsome,0
tokenism,2
tolerant,25
tolerate,137
tollgate,0
tollways,0
toluenes,0
tomahawk,4
tomatoes,107
tomorrow,727
tonality,0
tonearms,0
toneless,0
tonguing,0
tonights,1
tonnages,0
tonsured,0
tonsures,0
toothier,0
toothily,0
tootling,0
topcoats,1
topknots,0
topmasts,0
topnotch,2
toppings,29
toppling,24
topsails,0
topsides,0
topsoils,0
topspins,0
torching,10
toreador,0
torments,2
tornados,7
torpidly,0
torquing,0
torrents,5
torridly,0
torsions,0
tortilla,16
tortoise,13
tortonis,0
tortuous,4
tortured,81
torturer,0
tortures,2
totaling,99
totality,47
totalled,23
tottered,0
totterer,0
touchier,0
touchily,0
touching,228
toughens,1
toughest,120
toughies,0
tourisms,0
tourists,570
tourneys,3
tousling,0
towboats,0
toweling,0
towelled,1
towering,92
towheads,0
towlines,0
township,66
townsman,0
townsmen,0
towpaths,1
towropes,0
toxemias,0
toxicity,33
tracheae,0
tracheal,0
tracheas,0
tracings,0
trackers,34
tracking,349
traction,145
tractors,73
tradeoff,10
tradings,0
traduced,0
traducer,0
traduces,0
traffics,2
trailers,75
trailing,157
trainees,25
trainers,135
training,3037
trainman,0
trainmen,0
traipsed,0
traipses,0
traitors,16
trammels,0
tramming,0
trampers,0
tramping,1
trampled,21
trampler,0
tramples,0
tranquil,58
transact,8
transect,0
transept,0
transfer,1122
transfix,0
transits,6
transmit,40
transoms,0
trapdoor,1
trapezes,0
trapezia,0
trappers,3
trapping,35
trashier,0
trashing,11
traumata,0
travails,11
traveled,239
traveler,50
travelog,0
traverse,36
travesty,23
trawlers,6
trawling,13
treacles,0
treading,16
treadled,0
treadles,0
treasons,0
treasure,169
treasury,49
treaties,30
treating,253
treatise,3
trebling,0
treeless,0
treelike,0
treetops,1
trefoils,0
trekkers,3
trekking,16
trembled,5
trembles,1
tremolos,0
trenched,0
trencher,0
trenches,46
trendier,0
trendies,0
trendily,0
trending,119
trespass,36
trestles,1
trialled,19
triangle,55
tribunal,111
tribunes,1
tributes,112
trichina,0
trickery,11
trickier,21
trickily,0
tricking,12
trickled,19
trickles,9
tricolor,1
tricycle,16
tridents,0
trifecta,25
triflers,0
trifling,1
triggers,56
trilbies,0
trilling,0
trillion,467
trillium,0
trimaran,1
trimmers,6
trimmest,0
trimming,44
trimness,0
trinkets,11
triplets,6
tripling,22
tripodal,0
trippers,5
tripping,31
triptych,1
triremes,0
trisects,0
tritiums,0
triumphs,50
triumvir,0
trochaic,0
trochees,0
trolleys,15
trollies,4
trolling,38
trollops,0
trombone,4
tromping,1
troopers,35
trooping,4
trophies,124
tropical,219
tropisms,0
trotters,1
trotting,3
troubled,194
troubles,131
trounced,17
trouncer,0
trounces,0
troupers,0
trouping,0
trousers,157
troweled,0
truanted,0
truckers,14
trucking,31
truckled,0
truckles,0
trudging,3
truelove,0
truffles,18
trumpery,0
trumpets,8
trumping,2
truncate,2
trundled,5
trundler,0
trundles,0
trussing,0
trustees,97
trustful,1
trustier,0
trusties,0
trusting,66
truthers,0
truthful,39
tryingly,0
trysting,0
tsarinas,0
tsunamis,9
tubbiest,0
tubeless,0
tubercle,0
tuberose,1
tuberous,0
tuckered,1
tugboats,5
tuitions,2
tumblers,3
tumbling,36
tumbrels,0
tumbrils,0
tumidity,0
tumorous,0
tuneless,0
tungsten,2
tunneled,1
tunneler,2
turbines,68
turbofan,4
turbojet,3
turgidly,0
turmeric,24
turmoils,0
turncoat,1
turnings,3
turnkeys,0
turnoffs,0
turnouts,5
turnover,213
turnpike,6
turreted,0
tussling,2
tussocks,2
tussocky,0
tutelage,16
tutelary,1
tutorial,20
tutoring,30
tuxedoes,0
twaddled,0
twaddler,0
twaddles,0
twangier,0
twanging,1
tweaking,20
tweedier,0
tweeters,8
tweeting,19
tweezers,5
twelfths,0
twenties,39
twerking,3
twiddled,2
twiddles,0
twiggier,0
twigging,0
twilight,36
twinging,0
twinight,0
twinkled,2
twinkles,0
twinning,7
twirlers,0
twirlier,0
twirling,5
twisters,3
twistier,1
twisting,34
twitched,0
twitches,5
twitters,0
twittery,0
twitting,0
twopence,1
twopenny,0
twosomes,0
tympanum,0
typecast,8
typeface,2
typesets,0
typhoids,0
typhoons,13
typhuses,0
typified,10
typifies,5
typology,2
tyrannic,0
tzarinas,0
ubiquity,11
ugliness,7
ukeleles,0
ukuleles,1
ulcerate,0
ulcerous,0
ulterior,18
ultimata,0
ultimate,454
ululated,0
ululates,0
umbilici,0
umbrages,0
umbrella,127
umpiring,1
unabated,25
unafraid,13
unawares,4
unbarred,1
unbeaten,220
unbelief,2
unbiased,36
unbidden,0
unblocks,0
unbolted,0
unbosoms,0
unbroken,30
unbuckle,0
unburden,0
unbutton,0
uncapped,16
uncaring,7
uncaught,1
unchains,0
unchaste,0
unclasps,0
uncloaks,0
unclothe,0
uncoiled,0
uncombed,0
uncommon,104
uncooked,8
uncorked,0
uncouple,1
uncovers,16
unctions,0
unctuous,4
uncurled,0
underact,0
underage,70
underarm,0
underbid,0
undercut,32
underdog,97
underfed,0
underfur,0
underlay,1
underlie,3
underlip,0
underpay,0
underpin,24
undersea,24
undertow,1
underway,604
undimmed,1
undoings,1
undreamt,0
undulant,0
undulate,0
unearned,13
unearths,3
uneasier,0
uneasily,4
unedited,6
unending,15
unerring,2
unevenly,10
unfading,1
unfairer,0
unfairly,88
unfasten,1
unfetter,0
unfilled,15
unfitted,0
unfitter,0
unfixing,0
unfolded,160
unforced,15
unformed,2
unframed,0
unfreeze,4
unfriend,0
unfrocks,0
unfrozen,2
unfunded,16
unfurled,19
ungainly,2
ungentle,0
ungraded,1
unguents,0
unguided,5
ungulate,0
unhanded,0
unharmed,47
unhealed,2
unheated,3
unheeded,2
unhinged,56
unhinges,0
unholier,0
unhooked,0
unhorsed,0
unhorses,0
unicorns,13
unicycle,1
uniforms,129
unifying,37
unionism,13
unionist,33
unionize,21
uniquely,130
uniquest,0
unisexes,0
unitedly,2
unitized,0
unitizes,0
univalve,0
universe,330
unjustly,21
unkinder,0
unkindly,0
unknowns,26
unlacing,1
unlawful,214
unleaded,7
unlearns,0
unlikely,693
unlimber,0
unlisted,2
unloaded,23
unlocked,81
unloosed,0
unloosen,0
unlooses,0
unlovely,0
unloving,1
unmaking,1
unmanned,54
unmarked,60
unmarred,0
unmasked,13
unneeded,9
unnerved,7
unnerves,1
unopened,10
unpacked,8
unpaired,0
unpeeled,0
unperson,0
unpinned,0
unproved,0
unproven,20
unquoted,0
unquotes,0
unravels,11
unreeled,0
unripest,0
unrolled,3
unrulier,0
unsaddle,0
unsafely,0
unsafest,1
unsalted,3
unsavory,7
unsaying,0
unscrews,0
unsealed,31
unseated,11
unseeing,0
unseemly,2
unsettle,7
unshaken,2
unshaped,0
unshaven,2
unsifted,0
unsigned,11
unsnarls,0
unsocial,1
unsoiled,0
unsolved,42
unsorted,1
unsought,0
unspoken,23
unstable,89
unstably,0
unstated,4
unsteady,10
unstraps,0
unstrung,0
unsuited,7
unswayed,2
untangle,8
untanned,0
untapped,28
untasted,0
untaught,0
untended,1
untested,18
untidier,0
untidily,0
untimely,60
untiring,0
untitled,3
untoward,11
untruest,0
untruths,5
untwists,0
unusable,23
unvaried,0
unveiled,449
unversed,5
unvoiced,0
unwanted,142
unwarier,0
unwarily,0
unwashed,8
unwieldy,15
unwisely,3
unwisest,0
unwonted,0
unworthy,17
unyoking,0
unzipped,2
upbraids,0
upchucks,0
upcoming,1587
updating,110
updrafts,0
upending,6
upgraded,427
upgrades,277
upheaval,54
upholder,0
uplifted,14
uploaded,111
upmarket,22
uppercut,20
upraised,0
upraises,0
upreared,0
uprights,9
uprising,53
uprooted,25
upsilons,0
upstaged,7
upstages,1
upstairs,136
upstarts,1
upstates,0
upstream,57
upstroke,0
upsurged,0
upsurges,0
upswings,1
upthrust,0
upturned,10
upwardly,5
uraniums,0
urbanely,0
urbanest,0
urbanity,0
urbanize,0
urethane,2
urethrae,0
urethral,1
urethras,0
urgently,159
urinated,9
urinates,1
usefully,2
username,17
ushering,34
usurious,0
usurpers,0
usurping,5
utensils,24
uteruses,1
utilized,99
utilizes,44
utopians,1
uttering,21
uxorious,1
vacantly,2
vacating,4
vacation,300
vaccines,233
vacuoles,0
vacuumed,2
vagabond,2
vagaries,2
vagrancy,1
vagrants,0
valances,0
valences,0
valeting,3
valiance,0
validate,48
validity,62
valorous,2
valuable,737
valuated,0
valuates,0
valvular,0
vamoosed,0
vamooses,0
vampires,24
vanadium,6
vanguard,15
vanillas,0
vanished,97
vanishes,4
vanities,5
vanquish,1
vantages,0
vapidity,1
vaporise,1
vaporize,0
vaporous,1
vaqueros,1
variable,80
variably,1
variance,21
variants,123
varicose,4
varietal,2
varmints,2
vascular,19
vastness,11
vaulters,0
vaulting,7
vaunting,0
vectored,0
vegetate,0
vehement,6
vehicles,1956
velocity,45
venality,3
venation,0
vendetta,14
vendible,0
veneered,0
venerate,4
venereal,1
vengeful,24
venisons,0
venomous,34
ventured,70
ventures,100
veracity,15
verandah,5
verandas,1
verbally,39
verbatim,9
verbenas,0
verbiage,5
verboten,1
verdicts,46
verdures,0
verified,147
verifies,5
verities,0
vermouth,6
verniers,0
veronica,0
verrucae,0
verrucas,0
versions,371
vertebra,7
vertexes,0
vertical,125
vertices,0
vertigos,0
vesicles,0
vestiges,3
vestings,0
vestment,2
vestries,0
veterans,458
vexation,1
viaducts,6
vibrancy,34
vibrated,2
vibrates,3
vibrator,5
vibratos,0
viburnum,0
vicarage,3
viceroys,0
vicinity,130
victuals,0
videoing,3
viewings,8
vigilant,155
vignette,5
vigorous,46
vileness,2
vilified,12
vilifies,0
villager,15
villages,377
villains,122
villainy,9
villeins,0
vincible,0
vinegars,2
vinegary,0
vineyard,25
vintages,5
vintners,2
violable,0
violated,228
violates,68
violator,4
violence,2008
violists,0
viperous,1
viragoes,0
virginal,2
virgules,0
virility,2
virology,1
virtuosi,0
virtuoso,12
virtuous,14
virulent,12
visceral,45
viscoses,0
viscount,1
visioned,0
visitant,0
visiting,817
visitors,1456
visually,116
vitality,51
vitalize,1
vitamins,93
vitiated,0
vitiates,1
vitreous,1
vitrines,2
vitriols,0
vivacity,2
vivarium,1
vividest,0
vivified,0
vivifies,0
vivisect,0
vixenish,0
vocables,0
vocalist,58
vocalize,3
vocation,43
vocative,0
voidable,0
volatile,205
volcanic,70
volcanos,0
volition,5
volleyed,10
voltages,1
vomiting,81
voodooed,0
voracity,0
vortexes,0
vortices,2
votaries,1
vouchers,113
vouching,1
voyagers,2
voyageur,0
voyaging,2
vulgarer,0
vulgarly,0
vultures,12
vuvuzela,2
wackiest,1
waddings,0
waddling,2
wafflers,0
waffling,3
wagerers,0
wagering,35
waggling,0
wagoners,0
wagtails,1
wailings,0
wainscot,0
waitings,0
waitress,33
wakening,0
walkaway,1
walkings,0
walkouts,13
walkover,3
walkways,13
walleyed,0
walleyes,1
walloped,5
wallowed,1
walruses,3
waltzers,0
waltzing,3
wandered,31
wanderer,1
wanglers,0
wangling,0
wannabes,4
wantoned,0
wantonly,4
warblers,7
warbling,4
wardrobe,128
wardroom,0
warfares,1
warheads,23
warhorse,4
wariness,12
warlocks,1
warlords,5
warmness,1
warnings,416
warpaths,0
warplane,7
warrants,182
warranty,81
warriors,65
warships,48
warthogs,0
wartiest,0
wartimes,0
washable,11
washbowl,0
washiest,0
washings,1
washouts,3
washrags,1
washroom,11
washtubs,0
wassails,0
wastages,0
wasteful,42
wastrels,0
watchdog,154
watchers,48
watchful,30
watching,1465
watchman,4
watchmen,2
waterbed,2
waterier,0
watering,81
waterway,40
wattages,1
wattling,0
wavelets,1
wavelike,0
waverers,0
wavering,4
waviness,0
waxiness,0
waxwings,3
waxworks,1
waybills,0
wayfarer,0
waylayer,0
waysides,0
weakened,130
weakener,0
weakfish,0
weakling,0
weakness,182
weaponry,70
wearable,52
weariest,0
wearying,3
weaseled,0
weaselly,2
weathers,6
weavings,2
webbings,0
webcasts,0
webinars,11
webisode,0
websites,260
weddings,95
wedlocks,0
weediest,0
weedless,0
weekdays,44
weekends,222
weeklies,1
weeniest,0
weensier,0
weepiest,0
weighing,224
weighted,68
weirdest,17
weirdies,0
welching,0
welcomed,748
welcomes,137
weldable,0
welfares,0
wellhead,0
wellness,234
welshers,0
welshing,0
weltered,0
werewolf,9
westerly,19
westerns,6
westward,20
wetbacks,0
wetlands,59
whackers,0
whackier,0
whacking,8
whalings,0
whammies,0
whamming,0
whatever,1155
whatnots,0
wheedled,0
wheedler,0
wheedles,0
wheelies,2
wheeling,12
wheezier,0
wheezily,0
wheezing,6
whelming,1
whelping,1
whenever,345
wherever,243
wherries,0
whetting,1
whiffing,1
whimpers,0
whimseys,0
whimsies,1
whiniest,0
whinnied,0
whinnies,0
whipcord,0
whiplash,13
whippers,0
whippets,0
whipping,39
whipsawn,0
whipsaws,0
whirling,3
whirring,6
whiskers,5
whiskery,0
whiskeys,7
whiskies,4
whisking,6
whispers,49
whistled,10
whistler,2
whistles,50
whitecap,0
whitened,1
whitener,0
whiteout,5
whitings,0
whittled,16
whittler,0
whittles,1
whizkids,0
whizzing,10
whodunit,9
whomever,24
whoopers,1
whooping,52
whooshed,0
whooshes,0
whoppers,0
whopping,195
whoreish,0
wickeder,0
wickedly,6
wideners,0
wideness,0
widening,99
widgeons,0
widowers,3
widowing,0
wielders,0
wielding,46
wifeless,0
wigglers,0
wigglier,0
wiggling,5
wildcats,1
wildfire,222
wildfowl,2
wildlife,517
wildness,4
wilfully,9
wiliness,0
williwaw,0
wimpiest,0
wimpling,0
winching,0
windbags,0
windburn,0
windfall,65
windiest,1
windings,0
windlass,0
windless,0
windmill,12
windpipe,3
windrows,0
windsock,1
windsurf,0
windward,31
wineries,18
wingding,0
wingless,0
winglike,0
wingnuts,0
wingspan,5
wingtips,3
winkling,0
winnable,12
winnings,60
winnowed,3
winnower,0
winsomer,0
wintered,0
wintrier,0
wirehair,1
wireless,211
wiretaps,2
wiriness,0
wiseacre,0
wishbone,3
wispiest,0
wistaria,0
wisteria,1
witchery,1
witching,1
withdraw,252
withdrew,138
withered,5
withheld,73
withhold,43
wittiest,1
wizardry,7
wobblier,0
wobbling,9
woefully,30
wolframs,0
womanish,0
womanize,0
wondered,240
wondrous,13
wonkiest,1
woodbine,0
woodcock,0
woodcuts,1
woodener,0
woodenly,0
woodiest,0
woodland,112
woodlots,1
woodpile,0
woodshed,1
woodsier,0
woodsman,1
woodsmen,0
woodwind,4
woodwork,23
wooliest,0
woollens,0
woollier,0
woollies,0
wooziest,0
wordages,0
wordbook,0
wordiest,0
wordings,1
wordless,6
wordplay,6
workable,21
workaday,2
workbook,1
workdays,7
workfare,0
workings,45
workload,93
workouts,96
workroom,1
workshop,306
workweek,10
wormhole,0
wormiest,0
wormwood,0
worriers,0
worrying,221
worsened,113
worships,7
worsteds,0
worsting,0
worthier,0
worthies,1
worthily,2
wounding,84
wrangled,2
wrangler,1
wrangles,1
wrappers,11
wrapping,89
wrathful,0
wreaking,24
wreathed,1
wreathes,1
wreckage,78
wreckers,4
wrecking,27
wrenched,4
wrenches,6
wresting,1
wrestled,32
wrestler,82
wrestles,12
wretched,16
wretches,0
wriggled,0
wriggler,0
wriggles,1
wringers,0
wringing,4
wrinkled,7
wrinkles,48
writhing,6
writings,38
wrongest,0
wrongful,62
wronging,0
wussiest,0
xeroxing,0
yachting,7
yammered,0
yammerer,0
yardages,0
yardarms,0
yarmelke,0
yarmulke,2
yearbook,6
yearlies,0
yearling,4
yearlong,22
yearning,33
yeastier,0
yellowed,1
yellower,0
yeomanry,0
yeshivah,1
yeshivas,2
yielding,39
yodelers,0
yodeling,1
yodelled,0
yodeller,0
yoghourt,0
yoghurts,1
youngest,341
youngish,0
yourself,1448
youthful,87
yttriums,0
yuckiest,0
yuletide,11
yummiest,1
zaniness,1
zealotry,5
zeppelin,0
zestiest,0
zillions,1
zincking,0
zingiest,0
zippered,8
zippiest,0
zodiacal,0
zoophyte,0
zucchini,18
zwieback,0
aardvarks,0
abandoned,441
abasement,0
abashedly,0
abashment,0
abatement,12
abattoirs,2
abdicated,7
abdicates,2
abdominal,98
abductees,9
abducting,17
abduction,49
abductors,17
abeyances,0
abhorrent,36
abhorring,0
abidances,0
abidingly,0
abilities,357
abjection,0
ablations,0
ablatives,0
ablutions,3
abnegated,0
abnegates,0
abolished,51
abolishes,1
abolition,26
abominate,0
aborigine,0
abortions,128
abounding,1
abrasions,8
abrasives,0
abridging,1
abrogated,3
abrogates,0
abrogator,0
abruptest,0
abscessed,0
abscesses,6
abscissae,0
abscissas,0
absconded,7
absconder,0
abseiling,2
absentees,19
absenting,0
absinthes,0
absolutes,3
absolving,4
absorbent,8
absorbing,39
abstained,25
abstainer,0
abstinent,3
abstracts,1
absurdest,0
absurdity,37
abundance,130
abusively,0
abutments,5
abysmally,5
academias,0
academics,106
academies,18
accenting,0
accentual,0
accepting,325
accessing,168
accession,39
accessory,90
accidents,279
acclaimed,175
acclimate,10
acclivity,0
accolades,118
accompany,87
accordant,0
according,7433
accordion,13
accosting,0
accounted,175
accouters,0
accoutred,0
accoutres,0
accredits,1
accretion,4
accustoms,0
acerbated,0
acerbates,0
acetylene,0
achievers,8
achieving,453
acidified,0
acidifies,0
acidities,0
acidulous,0
acoustics,10
acquaints,0
acquiesce,3
acquiring,1817
acquittal,24
acquitted,80
acridness,0
acrobatic,19
acropolis,0
acrostics,0
actiniums,0
activated,140
activates,17
activator,1
activisms,0
activists,412
actresses,41
actuality,10
actualize,3
actuarial,2
actuaries,0
actuating,1
actuation,5
actuators,3
acuteness,0
acyclovir,0
adamantly,7
adaptable,43
addicting,1
addiction,385
addictive,54
additions,181
additives,33
addressed,700
addressee,0
addresses,318
adenoidal,0
adeptness,2
adherence,68
adherents,10
adhesions,0
adhesives,7
adjacency,0
adjective,13
adjoining,64
adjourned,132
adjudging,1
adjusters,6
adjusting,97
adjustors,0
adjutants,0
admirable,49
admirably,16
admiralty,1
admission,310
admitting,216
admixture,0
adoptable,10
adoptions,21
adoration,23
adoringly,2
adornment,6
adrenalin,6
adsorbent,0
adsorbing,0
adulating,0
adulation,12
adulators,0
adulatory,1
adulterer,4
adulthood,71
adumbrate,0
advancing,294
advantage,1272
adventure,489
adverbial,0
adversary,51
adversely,34
adversest,0
adversity,98
adverting,0
advertise,45
advertize,0
advisable,40
advisably,0
advisedly,2
advocated,143
advocates,371
aerations,0
aerialist,1
aerobatic,5
aerodrome,2
aeroplane,20
aerospace,121
aesthetes,1
aesthetic,194
affecting,457
affection,112
affianced,0
affiances,0
affidavit,130
affiliate,88
affirming,37
afflicted,19
affluence,5
affording,10
afforests,0
affronted,1
aforesaid,7
aftercare,9
afterglow,3
afterlife,27
aftermath,340
afternoon,1962
afterward,107
afterword,1
agelessly,0
ageratums,0
aggravate,8
aggregate,80
aggressor,31
aggrieved,47
aggrieves,0
agilities,0
agitating,13
agitation,45
agitators,21
agitprops,0
agnostics,2
agonizing,9
agrarians,0
agreeable,9
agreeably,2
agreement,1482
agronomic,0
aigrettes,0
aimlessly,10
airbusses,0
airfields,9
airlifted,45
airliners,4
airmailed,1
airplanes,43
airspaces,1
airstrike,102
airstrips,4
airworthy,3
alabaster,1
alarmists,1
albacores,0
albatross,17
albinisms,0
alchemies,0
alchemist,0
alcoholic,94
alehouses,0
alertness,14
algebraic,0
algorithm,95
alienable,0
alienated,33
alienates,0
alienists,0
alighting,1
alignment,140
alimented,0
alimonies,0
alinement,0
aliveness,0
alkalized,0
alkalizes,0
alkaloids,0
allegedly,1444
allegoric,0
alleluias,0
allergens,23
allergies,75
allergist,2
alleviate,175
alleyways,5
alliances,102
alligator,24
allocated,342
allocates,14
allotment,38
allotting,4
allowable,14
allowably,0
allowance,159
allspices,0
allusions,8
alluvials,0
alluviums,0
almshouse,1
alongside,2011
aloofness,2
alphabets,1
alterable,0
alternate,174
altimeter,1
altitudes,14
altruisms,0
altruists,0
aluminium,23
aluminums,0
amaranths,0
amarettos,0
amaryllis,0
amazement,15
amazingly,33
amazonian,0
ambergris,0
ambiances,0
ambiences,0
ambiguity,38
ambiguous,40
ambitions,233
ambitious,393
ambrosial,0
ambrosias,0
ambulance,475
ambulated,0
ambulates,0
ambuscade,0
ambushing,0
amendable,0
amendment,285
amenities,217
americium,0
amethysts,0
amidships,0
amnesiacs,0
amnestied,1
amnesties,0
amorality,0
amorously,1
amorphous,6
amortized,2
amortizes,0
amounting,92
amperages,0
ampersand,0
amphibian,4
amplified,68
amplifier,6
amplifies,19
amplitude,1
amputated,23
amputates,0
amusement,50
amusingly,2
anabolism,0
anacondas,0
anaerobes,0
anaerobic,5
analgesia,0
analgesic,1
analogies,9
analogize,0
analogous,10
analogues,2
analysand,0
analysing,47
analyzers,0
analyzing,80
anapaests,0
anapestic,0
anarchies,0
anarchism,2
anarchist,8
anathemas,0
anatomies,0
anatomist,0
anatomize,0
ancestors,111
ancestral,46
anchorage,3
anchoring,13
anchorite,0
anchorman,0
anchormen,0
anchovies,3
ancienter,0
anciently,1
ancillary,28
androgens,0
androgyny,0
anecdotal,21
anecdotes,47
aneurisms,0
aneurysms,3
angelfish,0
angelical,0
angelicas,0
angleworm,0
anglicize,0
angstroms,0
anguished,4
anguishes,0
anhydrous,1
animating,11
animation,132
animators,3
animistic,0
animosity,37
anisettes,0
anklebone,0
annalists,0
annealing,1
annotated,4
annotates,0
annotator,0
announced,4699
announcer,46
announces,114
annoyance,30
annuitant,0
annuities,6
annulling,0
annulment,6
anodizing,0
anointing,7
anomalies,31
anomalous,15
anonymity,196
anonymous,237
anopheles,0
anorectic,0
anorexias,0
anorexics,0
answering,132
antarctic,0
anteaters,0
antedated,0
antedates,0
antelopes,1
antenatal,8
anterooms,0
anthology,44
anthraces,0
anthraxes,0
anticline,0
antidotes,1
antigenic,0
antiknock,0
antilabor,0
antipasti,0
antipasto,2
antipathy,3
antiphons,0
antipodal,0
antipodes,0
antiquary,0
antiquate,0
antiquing,0
antiquity,10
antiserum,0
antitoxin,0
antitrust,79
antivenin,0
antiviral,17
anxieties,38
anxiously,18
anybodies,0
apartheid,78
apartment,716
apathetic,10
aperitifs,2
apertures,1
aphelions,0
aphorisms,1
apiarists,0
apocrypha,1
apologias,0
apologies,65
apologist,9
apologize,100
apostates,4
apostolic,8
apothegms,0
appalling,117
appaloosa,0
apparatus,83
appareled,0
appealing,431
appearing,423
appeasers,1
appeasing,7
appellant,17
appellate,53
appendage,5
appending,0
appertain,0
appetites,13
appetizer,10
applauded,94
applauder,0
applauses,1
applejack,1
appliance,65
applicant,148
appliqued,0
appliques,1
appointed,727
appointee,19
apportion,4
appraisal,29
appraised,12
appraiser,4
appraises,1
apprehend,42
apprising,0
apprizing,0
approvals,119
approving,72
aptitudes,1
aptnesses,0
aqualungs,0
aquanauts,0
aquaplane,0
aquariums,3
aqueducts,2
arabesque,0
arability,0
arachnids,3
arbitrage,6
arbitrary,68
arbitrate,0
arboretum,8
arbutuses,0
archaisms,0
archaists,0
archangel,0
archdukes,0
archenemy,2
archeries,0
archetype,11
archfiend,0
architect,136
archiving,5
archivist,5
arduously,0
arguments,326
aridities,0
armadillo,1
armaments,12
armatures,2
armchairs,10
armistice,8
armouries,2
armouring,1
aromatics,5
arpeggios,2
arraigned,60
arrangers,0
arranging,60
arresting,82
arrogance,40
arrogated,2
arrogates,0
arrowhead,2
arrowroot,0
arsonists,3
artefacts,52
arteriole,0
arthritic,5
arthritis,49
arthropod,0
artichoke,3
articular,0
artifacts,61
artificer,0
artifices,1
artillery,152
artlessly,0
ascendant,10
ascendent,0
ascending,28
ascension,19
ascertain,72
ascribing,1
asexually,0
ashamedly,0
asininely,0
asininity,0
asparagus,20
aspartame,2
aspersion,1
asphalted,1
asphodels,0
asphyxias,0
aspirants,55
aspirated,9
aspirates,0
aspirator,0
assailant,50
assailing,3
assassins,28
assaulted,355
assembled,103
assembler,1
assembles,6
assenting,0
asserting,81
assertion,86
assertive,39
assessing,125
assessors,10
assiduity,0
assiduous,0
assigners,0
assigning,22
assignors,0
assistant,784
assisting,192
associate,329
assonance,0
assonants,0
assorting,0
assuaging,0
assumable,0
assurance,116
assuredly,8
astatines,0
asterisks,3
asteroids,16
asthmatic,3
astounded,24
astraddle,0
astrakhan,0
astrolabe,0
astrology,10
astronaut,62
astronomy,27
asymmetry,9
atavistic,2
atheistic,1
athletics,107
atomizers,0
atomizing,0
atonality,0
atonement,3
atrocious,31
atrophied,3
atrophies,0
atropines,0
attaching,21
attackers,133
attacking,524
attainder,0
attaining,23
attempted,923
attendant,64
attendees,384
attending,709
attention,2036
attentive,52
attenuate,0
attesting,5
attitudes,134
attorneys,286
attracted,353
attribute,58
attrition,31
auctioned,41
audacious,38
audiences,703
audiobook,8
audiology,4
audiotape,0
auditions,30
auditoria,1
augmented,36
augmenter,0
augustest,0
auricular,0
austerely,0
austerest,0
austerity,80
authentic,282
authoress,0
authoring,1
authority,1038
authorize,21
autobahns,0
autoclave,0
autocracy,14
autocrats,9
autograph,23
automaker,62
automated,138
automates,12
automatic,261
automaton,3
autonomic,0
autopilot,13
autopsied,0
autopsies,7
auxiliary,33
available,5092
avalanche,48
averaging,260
aversions,2
aviations,0
avidities,0
avocadoes,0
avocation,0
avoidable,38
avoidably,1
avoidance,36
avouching,0
avuncular,1
awakening,47
awareness,845
awesomely,0
awestruck,8
awfullest,0
awfulness,1
awkwarder,0
awkwardly,30
axiomatic,1
axletrees,0
ayatollah,2
babushkas,0
babyhoods,0
baccarats,0
bacchanal,1
bachelors,7
bacillary,0
backaches,1
backbiter,0
backbites,0
backboard,3
backbones,0
backdated,23
backdates,0
backdrops,7
backfield,41
backfired,38
backfires,6
backhands,3
backpacks,39
backpedal,3
backrests,0
backseats,1
backsides,0
backslash,0
backslide,11
backspace,0
backspins,0
backstage,120
backstair,0
backstops,1
backtalks,0
backtrack,9
backwards,94
backwater,9
backwoods,8
backyards,18
bacterial,46
bacterium,7
badgering,2
badinages,0
badminton,35
badmouths,0
badnesses,0
bagatelle,0
bagginess,0
bagpipers,0
baguettes,4
bailiwick,1
bakeshops,0
baksheesh,0
balaclava,17
balalaika,0
balancing,166
balconies,18
baldfaced,0
balefully,0
balladeer,0
ballasted,0
ballcocks,0
ballerina,15
ballgames,5
ballistic,143
ballooned,28
balloting,7
ballparks,1
ballpoint,1
ballrooms,1
ballsiest,0
ballyhoos,0
balminess,0
balusters,0
bamboozle,2
bandaging,1
bandannas,1
bandboxes,0
bandoleer,0
bandolier,2
bandstand,8
bandwagon,23
banishing,6
banisters,0
banjoists,0
bankbooks,0
bankcards,0
banknotes,23
bankrolls,1
bankrupts,0
bannister,0
banqueted,0
banqueter,0
banquette,1
bantering,1
baptismal,0
baptistry,0
baptizers,0
baptizing,0
barbacoas,0
barbarian,0
barbarism,10
barbarity,5
barbarize,0
barbarous,1
barbecued,3
barbecues,20
barbequed,0
barbeques,2
barbering,3
barbwires,0
barcarole,0
barefaced,3
bargained,13
bargainer,0
barhopped,0
baritones,1
barkeeper,1
barnacled,0
barnacles,2
barnstorm,1
barnyards,0
barometer,11
baronages,0
baronetcy,0
barracked,1
barracuda,0
barraging,0
barreling,9
barrelled,6
barrenest,0
barrettes,0
barricade,39
barrister,111
bartender,36
barterers,0
bartering,1
baseballs,4
baseboard,2
baselines,5
basements,13
bashfully,0
basically,484
basilicas,2
basilisks,0
basinfuls,0
bassinets,1
basswoods,0
bathhouse,5
bathrobes,1
bathrooms,134
battalion,41
battening,0
batterers,0
batteries,274
battering,20
battleaxe,0
bawdiness,0
bayoneted,0
beachhead,2
beachwear,0
beanpoles,0
beanstalk,0
beardless,1
bearishly,0
bearskins,0
beastlier,0
beatified,2
beatifies,0
beatitude,0
beauteous,1
beautiful,1627
beavering,0
becalming,0
beckoning,9
beclouded,0
bedaubing,0
bedazzled,15
bedazzles,0
bedecking,0
bedeviled,3
bedfellow,0
bedimming,0
bedizened,0
bedraggle,0
bedridden,16
bedspread,2
bedsteads,0
beebreads,0
beechnuts,0
beefcakes,1
beefiness,0
beefsteak,0
beekeeper,5
beeswaxes,0
befalling,1
befitting,36
befogging,0
befouling,0
befriends,10
befuddled,7
befuddles,0
begetting,1
beggaries,0
beggaring,0
beginners,48
beginning,1565
begriming,0
begrudged,0
begrudges,0
beguilers,0
beguiling,3
behaviors,108
behaviour,947
beheading,7
behemoths,9
beholders,1
beholding,1
behooving,0
bejeweled,4
belabored,0
belabours,1
belatedly,6
beleaguer,0
believers,46
believing,219
belittled,8
belittles,5
bellicose,5
bellowing,5
bellyache,1
bellyfuls,0
belonging,257
bemoaning,10
bemusedly,0
benchmark,193
benefices,1
benefited,159
benighted,1
benignant,0
benignest,0
benignity,0
bentwoods,0
benumbing,0
bequeaths,0
bereaving,0
beriberis,0
berkelium,0
berrylike,0
beryllium,0
beseeched,4
beseecher,0
beseeches,0
beseeming,0
besetting,0
besiegers,0
besieging,3
besmeared,0
besotting,0
bespangle,0
bespatter,0
bestially,0
bestirred,0
bestowals,0
bestowing,6
bestrewed,0
bestrides,0
bethought,0
betokened,0
betrayals,5
betrayers,0
betraying,21
betrothal,3
betrothed,2
bettering,13
bevelling,0
beverages,145
bewailing,0
bewilders,0
bewitched,2
bewitches,0
biathlons,0
bicameral,6
bickerers,0
bickering,18
biconcave,1
bicuspids,0
bicyclers,0
bicycling,4
bicyclist,7
biennials,3
bienniums,0
bifurcate,1
bigamists,0
bigmouths,0
bignesses,0
bigotries,0
bilabials,0
bilateral,247
bilingual,33
billboard,45
billeting,1
billfolds,0
billiards,5
billionth,0
billowing,37
bimonthly,3
binderies,0
bindweeds,0
binnacles,0
binocular,1
binomials,0
bioethics,2
biography,52
biologies,0
biologist,39
biomasses,0
biopsying,0
biorhythm,0
biosphere,1
bipartite,1
birdbaths,1
birdbrain,0
birdhouse,1
birdieing,0
birdlimes,0
birdseeds,0
birthdays,64
birthmark,3
birthrate,4
bisecting,0
bisection,0
bisectors,0
bisexuals,0
bishopric,2
bitchiest,0
bitterest,0
bizarrely,25
blabbered,0
blackball,1
blackbird,1
blackened,15
blackhead,0
blackings,0
blackjack,23
blacklist,5
blackmail,69
blackness,5
blackouts,38
blacktops,0
blameable,0
blameless,5
blanching,0
blandness,2
blanketed,16
blankness,2
blarneyed,0
blaspheme,1
blasphemy,9
blastoffs,0
blatantly,48
blathered,0
blazoning,0
bleachers,18
bleaching,18
bleakness,2
bleariest,0
bleedings,0
blemished,3
blemishes,13
blenching,0
blessedly,1
blessings,98
blighting,7
blindfold,5
blindness,34
blindside,10
blinkered,2
blistered,1
blizzards,4
blockaded,6
blockader,0
blockades,12
blockages,32
blockhead,0
blondness,0
bloodbath,33
bloodiest,10
bloodless,3
bloodline,13
bloodshed,30
bloodshot,11
bloodying,4
blossomed,32
blotchier,0
blotching,0
blowflies,0
blowhards,1
blowpipes,1
blowsiest,0
blowtorch,4
blowziest,0
blubbered,0
bludgeons,0
bluebells,3
blueberry,19
bluebirds,4
bluegills,0
bluegrass,17
bluejeans,0
bluenoses,0
bluepoint,0
blueprint,97
bluesiest,0
bluffness,0
blundered,1
blunderer,0
bluntness,1
blurriest,0
blustered,0
blusterer,0
boardings,1
boardroom,21
boardwalk,33
boathouse,6
boatswain,0
bobolinks,0
bobsleigh,5
bobwhites,0
bodacious,0
bodyguard,27
bodysuits,2
bodyworks,0
bohemians,2
boldfaced,2
boldfaces,0
bolivares,0
bollixing,0
bolshevik,0
bolstered,73
bombarded,38
bombastic,17
bombproof,0
bombshell,81
bondwoman,0
bondwomen,0
boneheads,1
bonhomies,0
boogeyman,3
boogeymen,1
boogieing,1
boogieman,0
boogiemen,0
boohooing,0
bookcases,4
bookended,3
bookmaker,18
bookmarks,3
bookplate,0
bookshelf,6
bookshops,6
bookstore,27
bookworms,2
boomboxes,1
boomerang,3
boondocks,0
boorishly,0
bootblack,0
bootstrap,1
bordellos,1
bordering,53
borrowers,108
borrowing,208
bossiness,0
botanical,20
botanists,3
bothering,25
bottoming,9
botulisms,0
bouffants,0
bouillons,0
boulevard,5
bounciest,1
boundless,37
bounteous,1
bountiful,12
bourgeois,5
boutiques,25
bouzoukis,0
bowlegged,1
bowsprits,0
bowstring,0
boycotted,34
boyfriend,375
bracelets,34
bracketed,1
braggarts,0
braidings,0
brainiest,0
brainless,1
brainwash,0
bramblier,0
branching,18
brandying,0
brashness,1
brasserie,7
brassiere,0
brassiest,0
brattiest,0
bratwurst,3
bravadoes,0
braveness,0
braveries,0
brawniest,0
brazening,0
breaching,105
breadline,2
breakable,2
breakages,0
breakaway,35
breakdown,260
breakeven,7
breakfast,448
breakneck,11
breakouts,13
breasting,0
breathers,0
breathier,0
breathing,321
breedings,0
breezeway,1
breeziest,0
breveting,0
brevetted,0
brevities,0
breweries,46
briberies,0
brickbats,1
brickwork,12
briefcase,16
briefings,37
briefness,1
brigadier,6
brightens,12
brightest,65
brilliant,720
brimstone,5
brininess,1
briquette,1
briskness,0
bristlier,0
bristling,1
brittlest,0
broaching,0
broadband,159
broadcast,531
broadened,20
broadloom,0
broadness,1
broadside,9
brocading,0
broccolis,0
brochette,0
brochures,5
brokerage,77
brokering,9
bronchial,1
broodiest,0
broodings,0
broodmare,0
brooklets,0
brotherly,10
broughams,0
brouhahas,0
browbeats,0
brownness,0
brownouts,3
bruisings,0
brunching,1
brunettes,1
brushoffs,0
brushwood,1
brushwork,1
brusquely,0
brusquest,0
brutality,58
brutalize,3
brutishly,1
bubblegum,6
bubbliest,0
buccaneer,0
buckaroos,1
buckboard,0
bucketful,0
bucketing,1
buckshots,0
buckskins,0
buckteeth,0
bucktooth,0
buckwheat,4
buckyball,0
budgetary,49
budgeting,51
buffaloed,0
buffaloes,2
buffering,12
buffeting,1
buggering,0
buildings,1108
bulkheads,2
bulkiness,0
bulldozed,9
bulldozer,20
bulldozes,0
bulletins,4
bullfight,0
bullfinch,0
bullfrogs,1
bullheads,0
bullhorns,0
bullishly,0
bullrings,1
bullshits,0
bulrushes,0
bumblebee,4
bumpiness,1
bumptious,0
bunchiest,0
buncombes,0
bungalows,22
bungholes,0
bunkhouse,3
buoyantly,1
burdening,4
burgeoned,1
burlesque,7
burliness,0
burnables,0
burnished,3
burnisher,0
burnishes,0
burnooses,0
burnouses,0
burrowers,0
burrowing,7
bursaries,10
busheling,0
bushelled,0
bushiness,0
bushwhack,0
busyworks,0
butchered,8
buttercup,1
butterfat,2
butterfly,96
butterier,0
butteries,1
buttering,0
butternut,7
buttoning,1
buzzkills,0
buzzwords,7
bypassing,26
byproduct,16
bystander,23
byzantine,2
caballero,0
cabdriver,0
cabinetry,8
cablecast,0
cablegram,0
cabochons,0
caboodles,0
cabriolet,2
cabstands,0
cachepots,0
cacophony,10
caddishly,0
caesarean,6
caesarian,0
cafeteria,39
caffeines,0
cakewalks,0
calaboose,0
calamaris,0
calamines,0
calcified,0
calcifies,0
calcimine,0
calcining,0
calculate,71
calendars,59
calenders,1
calfskins,0
calibrate,6
calipered,0
caliphate,7
callbacks,2
calliopes,0
callipers,0
callosity,0
calloused,2
callouses,1
callously,6
callowest,0
callusing,0
calorific,1
calumnies,0
cambering,0
camcorder,4
camelhair,0
camellias,5
cameraman,14
cameramen,2
camisoles,1
camomiles,0
campaigns,534
campanile,0
campanili,0
campfires,11
campsites,15
camshafts,2
canalized,0
canalizes,0
cancelers,0
canceling,30
cancelled,458
canceller,0
cancerous,26
candidacy,156
candidate,1962
canebrake,0
canisters,12
cankering,0
cankerous,1
canneries,0
cannibals,7
canniness,0
cannonade,0
cannoning,1
canoeists,1
canonical,9
canonized,6
canonizes,0
canopying,0
cantabile,0
cantaloup,0
cantering,2
canticles,0
canvasing,1
canvassed,14
canvasser,2
canvasses,3
capacious,2
capacitor,2
caparison,0
capeskins,0
capillary,0
capitally,0
capsicums,0
capsizing,8
capstones,0
capsuling,0
capsulize,0
captaincy,20
captained,27
captioned,129
captivate,38
captivity,75
capturing,192
carapaces,0
carbonate,19
carbonize,0
carbuncle,0
carcasses,17
carcinoma,11
cardamoms,0
cardboard,66
cardigans,2
cardinals,15
cardsharp,0
careening,2
careering,3
careerist,1
carefully,482
caregiver,32
caressing,2
caretaker,81
carillons,0
carjacked,6
carjacker,1
carnality,1
carnation,0
carnelian,0
carnivals,5
carnivore,6
carollers,0
carolling,1
carotenes,0
carousals,0
carousels,1
carousers,0
carousing,0
carpenter,18
carpentry,9
carpetbag,0
carpeting,10
carpooled,0
carriages,31
carrousel,0
carryalls,0
carryover,4
carthorse,0
cartilage,13
cartloads,0
cartooned,0
cartridge,15
cartwheel,2
caryatids,0
cascading,32
caseloads,6
casements,0
caseworks,0
cashbacks,0
cashbooks,0
cashiered,0
cashmeres,0
casserole,16
cassettes,8
cassowary,0
castanets,0
castaways,6
castigate,6
castrated,1
castrates,0
casuistic,0
casuistry,0
cataclysm,7
catacombs,6
catalepsy,0
cataloged,2
cataloger,0
catalogue,45
catalyses,0
catalysis,0
catalysts,42
catalytic,17
catalyzed,8
catalyzes,0
catamaran,8
catapults,6
cataracts,5
catatonia,0
catatonic,1
catcalled,0
catchalls,0
catchiest,3
catchment,39
catchword,1
catechism,0
catechist,2
catechize,1
caterwaul,0
catfishes,0
catharses,0
catharsis,14
cathartic,18
cathedral,78
catheters,1
catnapped,0
cattiness,2
cattleman,0
cattlemen,2
caucusing,1
caucussed,0
cauldrons,1
caulkings,0
causality,2
causation,11
causative,3
causeless,0
causeries,0
causeways,1
cauterize,0
cautioned,172
cavalcade,9
cavaliers,0
cavalries,0
cavernous,14
cavillers,0
cavilling,0
cavorting,2
ceasefire,489
ceaseless,4
celandine,0
celebrant,9
celebrate,1428
celebrity,400
celestial,40
celibates,1
cellmates,1
cellphone,87
cellulite,11
celluloid,4
cellulose,5
cementers,0
cementing,34
cementums,0
cenobites,0
cenobitic,0
cenotaphs,1
censorial,0
censoring,5
censurers,0
censuring,0
censusing,0
centenary,29
centering,22
centigram,0
centipede,1
centrally,34
centrisms,0
centrists,6
centuries,266
centurion,6
ceramists,1
cerebella,0
cerebrate,0
cerebrums,0
cerements,0
certainly,1616
certainty,124
certified,237
certifies,4
certitude,1
ceruleans,0
cesareans,1
cessation,33
cesspools,3
cetaceans,2
chaffinch,0
chagrined,0
chainsaws,15
chairlift,6
chalkiest,0
challenge,2141
challises,0
chambered,1
chambrays,0
chameleon,7
chamomile,3
champagne,81
champions,529
chanciest,0
chandlers,1
channeled,24
chanteuse,3
chaparral,2
chapbooks,0
chaperone,6
chaperons,0
chaplains,11
charabanc,1
character,2100
charbroil,0
charcoals,1
chariness,0
charismas,0
charities,261
charlatan,4
chartered,52
charterer,2
charwoman,0
charwomen,0
chastened,0
chastised,8
chastiser,0
chastises,1
chasubles,0
chattered,0
chatterer,0
chattiest,0
chauffeur,7
cheapened,1
cheapness,1
checkbook,4
checkered,28
checklist,21
checkmate,4
checkoffs,0
checkouts,12
checkroom,0
cheekbone,5
cheekiest,0
cheeriest,0
cheerless,0
cheesiest,0
chemicals,283
chemistry,211
chenilles,0
cherished,211
cherishes,11
cherubims,0
chestfuls,0
chestiest,0
chestnuts,10
chevalier,0
chewiness,4
chicanery,6
chickadee,0
chickened,1
chickpeas,22
chickweed,0
chicories,0
chidingly,0
chiefdoms,0
chieftain,28
chihuahua,8
chilblain,0
childcare,206
childhood,583
childless,26
childlike,14
chilliest,2
chillness,0
chimaeras,0
chinaware,1
chinstrap,0
chintzier,0
chipmunks,1
chiropody,1
chirpiest,0
chirruped,0
chiselers,0
chiseling,0
chiselled,3
chiseller,0
chitchats,0
chitinous,0
chitlings,0
chlamydia,8
chlordane,0
chlorides,0
chlorines,0
chocolate,488
chocolaty,0
choirboys,1
choosiest,0
chophouse,0
choppered,0
choppiest,0
chopstick,1
chordates,0
chorister,0
chortlers,0
chortling,0
chorusing,2
chorussed,0
christens,0
chromatic,2
chromatin,1
chromiums,0
chronicle,11
chrysalis,2
chubbiest,0
chuckhole,0
chuckling,7
chummiest,0
chunkiest,0
churchman,1
churchmen,1
chutzpahs,0
ciabattas,0
cicatrice,0
cicerones,0
cigarette,76
cigarillo,0
cilantros,0
cinchonas,0
cinctures,0
cindering,0
cinematic,127
cinnabars,0
cinnamons,0
ciphering,0
circadian,15
circuital,0
circuited,0
circuitry,5
circulars,5
circulate,36
cirrhoses,0
cirrhosis,7
cirrhotic,0
citations,37
citizenry,21
civically,6
civilians,611
civilised,15
civilises,0
civilized,19
civilizes,0
claddings,1
claimable,0
claimants,83
clambakes,0
clambered,2
clamberer,0
clammiest,0
clamoring,16
clamorous,0
clamoured,0
clampdown,17
clangours,0
clapboard,2
clappings,0
claptraps,0
clarified,228
clarifies,30
clarinets,2
clarities,0
classical,137
classiest,1
classless,3
classmate,36
classroom,282
classwork,0
clattered,5
clavicles,0
cleanable,0
cleanings,7
cleanlier,0
cleanness,0
cleansers,7
cleansing,78
clearance,158
clearings,1
clearness,1
cleavages,1
clemently,0
clenching,4
clergyman,4
clergymen,3
clerkship,3
cleverest,2
clientele,43
climactic,17
climaxing,1
climbable,1
climbings,0
clinchers,0
clinching,53
clingiest,0
clinician,19
clipboard,9
clippings,12
cliquiest,0
cloakroom,16
clobbered,11
clockwise,30
clockwork,9
cloisonne,0
cloisters,2
cloistral,0
closeness,33
closeouts,2
closeting,0
clothiers,1
clothings,1
cloudiest,0
cloudless,5
clubhouse,76
clumpiest,0
clumsiest,0
clunkiest,1
clustered,13
clutching,44
cluttered,15
cnidarian,0
coadjutor,0
coagulant,0
coagulate,1
coalesced,3
coalesces,0
coalfaces,0
coalition,558
coarsened,0
coastline,109
coattails,8
coauthors,1
coaxingly,0
cochineal,1
cockatoos,4
cockcrows,0
cockerels,0
cockfight,1
cockiness,3
cockroach,10
cockscomb,0
cocktails,184
cocoanuts,0
cocooning,2
codfishes,0
codifiers,0
codifying,5
codpieces,0
coequally,0
coercions,0
coexisted,1
coffeepot,0
cofferdam,1
coffining,0
cogencies,0
cogitated,1
cogitates,0
cogitator,0
cognition,13
cognitive,184
cognizant,16
cognomens,0
cognomina,0
cogwheels,0
cohabited,1
coherence,15
coherency,1
cohesions,0
coiffured,0
coiffures,0
coincided,59
coincides,53
colanders,0
coleslaws,0
coliseums,0
colitises,0
collapsed,330
collapses,43
collaring,0
collating,6
collation,12
collators,0
colleague,316
collected,594
collector,64
collegian,0
colliding,37
collision,683
collocate,0
colloidal,3
colloquia,0
colluding,6
collusion,18
collusive,1
colonelcy,0
colonials,0
colonists,7
colonized,14
colonizer,3
colonizes,1
colonnade,2
colophons,0
colorants,0
colorfast,0
colorings,0
colorized,1
colorizes,0
colorless,4
colostomy,1
colostrum,7
colouring,19
columbine,0
columnist,99
combatant,13
combating,95
combative,27
combatted,2
combiners,0
combining,141
comebacks,27
comedians,62
comedowns,0
comeliest,0
comforted,23
comforter,11
comically,22
commanded,53
commander,249
commandos,11
commenced,162
commences,29
commended,272
commented,780
commerces,0
commingle,0
commissar,2
committal,32
committed,1870
committee,1625
commodity,105
commodore,2
commoners,1
commonest,2
commotion,36
communing,2
communion,22
communism,22
communist,70
community,8955
commuters,118
commuting,47
compacted,6
compacter,0
compactly,2
compactor,1
companies,3393
companion,142
comparing,139
compassed,0
compasses,1
compelled,105
compendia,0
competent,113
competing,559
compilers,1
compiling,18
complains,17
complaint,720
completed,1540
completer,0
completes,56
complexes,31
complexly,3
compliant,70
complicit,59
complying,45
component,243
comported,3
composers,24
composing,17
composite,80
composted,3
composure,62
compounds,86
comprised,122
comprises,151
computers,187
computing,172
comradely,0
concavely,0
concavity,0
concealed,90
concealer,6
conceding,83
conceited,3
conceived,66
conceives,1
concerned,1383
concerted,61
concertos,0
concierge,15
concisely,3
concisest,0
concision,0
conclaves,1
concluded,855
concludes,135
concocted,16
concordat,0
concourse,21
concreted,0
concretes,1
concubine,1
concurred,24
concussed,4
concusses,0
condemned,346
condemner,0
condensed,16
condenser,5
condenses,3
condiment,6
condition,1638
condoling,0
condoning,5
conducing,0
conducive,65
conducted,1030
conductor,63
confabbed,0
conferees,1
conferral,2
conferred,35
conferrer,0
confessed,205
confesses,19
confessor,2
confidant,11
confident,898
confiders,0
confiding,3
configure,11
confining,6
confirmed,2745
conflated,4
conflates,2
conflicts,332
confluent,0
conformed,3
conformer,0
confounds,1
confreres,0
confronts,37
confusing,126
confusion,271
confuting,0
congealed,1
congenial,6
congeries,1
congested,46
congruent,2
congruity,0
congruous,0
conically,0
conjoined,7
conjoiner,0
conjugate,1
conjuncts,0
conjurers,1
conjuring,10
conjurors,0
connected,809
connecter,0
connector,42
connexion,0
connivers,0
conniving,6
connoting,0
connubial,0
conquered,41
conqueror,5
conquests,9
conscious,158
conscript,4
consensus,1952
consented,21
conserved,6
conserves,6
considers,192
consigned,16
consignee,0
consignor,0
consisted,77
consoling,10
consommes,0
consonant,0
consorted,0
consortia,1
conspired,34
conspires,2
constable,75
constancy,0
constants,6
constrain,9
constrict,5
construct,142
construed,11
construes,0
consulate,46
consulted,118
consumers,844
consuming,164
contacted,647
contagion,8
contained,411
container,212
contemned,0
contempts,0
contended,49
contender,164
contented,6
contently,0
contested,239
continent,219
continual,31
continued,3393
continues,2386
continuum,17
contorted,6
contoured,4
contracts,594
contrails,5
contralto,0
contrasts,32
contrived,17
contriver,1
contrives,0
contumacy,0
contumely,0
contusing,0
contusion,6
conundrum,32
conveners,0
convening,15
converged,18
converges,3
conversed,1
converses,2
converted,348
converter,12
convertor,1
convexity,0
conveyers,0
conveying,21
conveyors,2
convicted,792
convinced,378
convinces,11
convivial,5
convoking,0
convoying,0
convulsed,4
convulses,0
cookbooks,19
cookeries,0
cookwares,0
coonskins,0
cooperage,0
cooperate,138
coopering,0
copacetic,1
copiously,1
copulated,0
copulates,0
copybooks,0
copyright,61
coquetted,0
coquettes,0
cordially,2
cordoning,1
cordovans,0
corduroys,1
coriander,23
corkscrew,6
cormorant,0
cornballs,0
cornbread,6
cornering,6
corniness,0
cornmeals,0
cornrowed,0
cornstalk,0
corollary,4
corporals,1
corporate,748
corporeal,4
corpulent,0
corpuscle,0
corralled,3
corrected,84
correcter,0
correctly,223
correlate,16
corridors,90
corroding,3
corrosion,14
corrosive,22
corrugate,1
corrupted,24
corrupter,0
corruptly,3
corseting,0
cortisone,2
corundums,0
coruscate,0
corvettes,1
cosigners,0
cosigning,0
cosmetics,58
cosmogony,0
cosmology,2
cosmonaut,7
cosponsor,1
cosseting,0
costarred,2
costliest,8
costumers,1
costuming,4
cotangent,0
cotillion,0
cottagers,1
cottoning,1
cotyledon,0
councilor,12
counseled,5
counselor,61
countable,0
countdown,81
countered,97
countless,371
countries,2934
couplings,1
couriered,0
courteous,9
courtesan,3
courtiers,4
courtlier,0
courtroom,225
courtship,17
courtyard,91
couturier,2
covenants,8
coverages,12
coveralls,1
coverings,13
coverlets,0
cowardice,14
coworkers,48
coxswains,0
coynesses,0
cozenages,0
crabbiest,0
crabgrass,2
crackdown,162
crackhead,0
crackling,18
crackpots,0
craftiest,0
craftsman,8
craftsmen,11
craggiest,0
crampings,0
cranberry,16
crankcase,0
crankiest,0
crappiest,0
crassness,0
cratering,2
crawliest,0
crayoning,0
craziness,19
creakiest,0
creamiest,0
creations,97
creatives,71
creatures,191
credences,0
credenzas,0
crediting,10
creditors,73
credulity,2
credulous,1
creepiest,5
cremating,0
cremation,73
crematory,0
crenelate,0
creosoted,0
creosotes,0
crescendi,0
crescendo,17
crescents,1
crestless,0
cretinism,0
cretinous,0
cretonnes,0
crevasses,0
cribbages,0
cricketer,55
criminals,366
crimsoned,0
crinklier,0
crinkling,0
crinoline,0
cripplers,0
crippling,53
crispiest,3
crispness,1
criterion,10
criticism,691
criticize,62
critiqued,16
critiques,30
croakiest,0
crocheted,9
crocheter,0
crocodile,31
croissant,15
cronyisms,0
crookeder,0
crookedly,0
crookneck,0
croplands,0
croquette,3
crossbars,0
crossbeam,0
crossbows,4
crossbred,2
crosscuts,0
crossfire,12
crossings,154
crossness,0
crossover,96
crossroad,5
crosstown,8
crosswalk,16
crossways,0
crosswind,1
crosswise,0
crossword,18
crotchets,0
crotchety,1
crouching,6
croupiers,0
croupiest,0
crowdfund,3
crowfoots,0
crucially,43
crucibles,1
crucified,8
crucifies,0
cruciform,0
cruddiest,0
crudeness,1
crudities,0
cruellest,4
cruelness,0
cruelties,0
crumbiest,0
crumblier,0
crumbling,63
crummiest,0
crumpling,1
crunchier,2
crunching,16
crusaders,2
crusading,3
crustiest,0
crybabies,1
cryogenic,2
cubbyhole,2
cuckolded,1
cuckoldry,0
cucumbers,26
cuddliest,0
cudgeling,0
cudgelled,0
cufflinks,1
cullender,0
culminate,24
cultivate,72
culturing,0
cumbering,0
cuneiform,0
cunninger,0
cunningly,2
cupboards,27
curatives,0
curbstone,0
curettage,2
curiosity,135
curiously,9
curlicued,0
curlicues,0
curliness,0
curlycues,0
currently,4530
curricula,13
currycomb,0
cursively,0
cursorily,1
curtailed,29
curtained,0
curtseyed,0
curtsying,0
curvature,5
cushioned,22
cuspidors,0
custodial,84
custodian,27
custodies,1
customary,62
customers,2751
customize,65
cutaneous,0
cutesiest,0
cutlasses,5
cutleries,0
cutthroat,18
cuttingly,0
cyberpunk,4
cyclamens,0
cyclotron,0
cylinders,47
cymbalist,0
cynically,11
cynicisms,0
cynosures,0
cyphering,0
cypresses,0
cytoplasm,0
cytosines,0
dachshund,9
dactylics,0
daffiness,0
daffodils,12
dailiness,0
daintiest,0
daiquiris,2
dairyings,0
dairymaid,1
dalliance,2
dalmatian,0
damasking,0
damnation,3
damnedest,1
dampeners,0
dampening,14
damselfly,0
dandelion,7
dandified,0
dandifies,0
dandruffs,0
dangerous,1392
danseuses,0
dapperest,0
daredevil,10
darkeners,0
darkening,14
darkrooms,0
darnedest,1
dartboard,2
dashboard,57
dashingly,1
dastardly,17
databanks,0
databases,52
datelined,0
datelines,0
daughters,356
dauntless,0
davenport,0
daybreaks,0
daydreams,2
daydreamt,0
daylights,0
deaconess,0
deadbeats,0
deadbolts,1
deadening,1
deadliest,87
deadlines,89
deadlocks,2
deadwoods,0
deafening,16
deaneries,0
deanships,0
deathbeds,1
deathblow,0
deathless,0
deathlike,0
deathtrap,2
debarking,0
debarment,1
debarring,0
debatable,17
debatings,0
debauched,1
debauchee,0
debauches,0
debenture,0
debonaire,0
debouched,0
debouches,0
debriefed,3
debugging,5
debunking,12
debutante,2
decadence,7
decadency,0
decadents,0
decamping,1
decanters,2
decanting,1
decathlon,6
deceasing,0
decedents,2
deceitful,11
deceivers,2
deceiving,18
decencies,0
decennial,0
deception,68
deceptive,56
decidable,0
decidedly,38
deciduous,7
deciliter,3
decimated,37
decimates,1
decimeter,0
deciphers,1
decisions,1487
deckhands,1
declaimed,0
declaimer,0
declarers,0
declaring,198
decliners,5
declining,230
declivity,0
decollete,0
decompose,6
decontrol,0
decorated,208
decorates,8
decorator,7
decoupage,3
decreased,601
decreases,75
decreeing,0
dedicated,1228
dedicates,10
dedicator,0
deducible,0
deducting,7
deduction,67
deductive,1
deepening,112
deerskins,0
defalcate,0
defaulted,13
defaulter,1
defeaters,0
defeating,207
defeatism,4
defeatist,2
defecated,1
defecates,0
defecting,11
defection,20
defective,32
defectors,10
defendant,551
defenders,222
defending,540
defensing,0
defensive,892
deference,17
deferment,6
deferrals,3
deferring,14
defiances,0
defiantly,14
deficient,23
definable,0
deflating,9
deflation,15
deflected,65
deflector,0
deflowers,0
defoggers,0
defogging,1
defoliant,0
defoliate,1
deforests,0
deforming,0
deformity,2
defrauded,27
defrauder,0
defrayals,0
defraying,0
defrocked,0
defrosted,1
defroster,0
degassing,0
degrading,29
dehydrate,6
dejecting,0
dejection,1
delegated,22
delegates,228
deletions,2
delftware,0
delicious,377
delighted,680
delimited,0
delineate,4
delirious,8
deliriums,0
delivered,1185
deliverer,1
delousing,0
delphinia,0
delusions,17
demagogic,2
demagogue,4
demanding,538
demarcate,3
demeaning,16
demeanors,1
demeanour,17
dementias,2
demijohns,0
demimonde,0
demitasse,0
democracy,979
democrats,10
demotions,1
demulcent,0
demurrals,0
demurrers,0
demurring,0
demystify,3
denatured,1
denatures,0
dendrites,0
denigrate,9
denounced,96
denounces,6
denseness,1
densities,7
dentistry,25
dentition,1
deodorant,17
deodorize,2
departing,92
departure,466
dependant,3
dependent,222
depending,540
depicting,79
depiction,63
deplaning,1
depleting,9
depletion,15
deploring,1
deploying,98
deponents,0
deportees,3
deporting,22
deposited,68
depositor,2
depraving,0
depravity,8
deprecate,0
depressed,76
depresses,0
depressor,0
depriving,27
deprogram,0
deputized,2
deputizes,0
derailing,13
deranging,0
derelicts,0
derisions,0
derogated,0
derogates,0
derrieres,0
derringer,0
dervishes,0
desalting,0
descanted,0
descended,106
described,2516
describer,0
describes,389
descrying,0
desecrate,4
deserters,7
deserting,7
desertion,3
deserving,86
desiccant,1
desiccate,0
designate,36
designers,140
designing,101
desirable,76
desirably,0
desisting,0
desolated,0
desolates,0
despaired,3
desperado,1
desperate,483
despising,2
despoiled,0
despoiler,0
despotism,0
destinies,7
destining,0
destitute,8
destroyed,743
destroyer,26
destructs,0
desuetude,0
desultory,1
detaching,3
detailing,139
detainees,74
detaining,22
detecting,60
detection,244
detective,185
detectors,42
detention,273
detergent,32
determent,0
determine,786
deterrent,112
deterring,31
detesting,0
dethroned,15
dethrones,0
detonated,25
detonates,0
detonator,4
detouring,2
detracted,2
detractor,1
detriment,42
deuterium,0
devaluing,1
devastate,14
developed,1107
developer,381
deviances,0
deviating,5
deviation,21
devilling,0
devilment,0
devilries,0
deviously,1
devolving,5
devotedly,1
devotions,3
devouring,6
devoutest,0
dexterity,11
dexterous,4
dextroses,0
diabetics,4
diacritic,0
diaereses,0
diaeresis,0
diagnosed,598
diagnoses,33
diagnosis,501
diagonals,1
diagramed,0
dialectal,0
dialectic,3
dialogues,23
diameters,1
diametric,0
diapasons,0
diapering,0
diaphragm,5
diarrheas,0
diarrhoea,41
diasporas,3
diastases,0
diastoles,0
diastolic,1
diathermy,0
diatribes,3
dichotomy,17
dickering,0
dictating,11
dictation,1
dictators,39
dieseling,0
dietaries,0
dietetics,0
dietician,9
dietitian,18
different,6890
differing,57
difficult,2928
diffident,0
diffusely,0
diffusing,2
diffusion,6
diffusive,0
digesting,10
digestion,57
digestive,50
digitalis,0
digitally,60
digitized,8
digitizes,0
dignified,39
dignifies,0
dignitary,2
dignities,1
digressed,1
digresses,0
dilations,0
diligence,106
dilutions,1
dimension,81
dimnesses,0
dimwitted,0
dingdongs,0
dinginess,0
dinnering,0
dinosaurs,47
diocesans,0
diphthong,0
diplomacy,109
diplomata,0
diplomats,106
dipsticks,0
dipterous,0
directest,0
directing,178
direction,1092
directive,135
directors,390
directory,22
dirigible,2
dirtiness,2
disabling,13
disabused,0
disabuses,0
disaffect,0
disagreed,88
disagrees,44
disallows,0
disappear,125
disarming,6
disarrays,0
disasters,190
disavowal,1
disavowed,8
disbanded,19
disbarred,4
disbelief,114
disbursal,1
disbursed,29
disburses,1
discarded,106
discerned,3
discharge,140
disciples,34
disclaims,5
disclosed,1000
discloses,8
discolors,0
discolour,0
discomfit,0
discorded,0
discounts,245
discourse,153
discovers,72
discovery,420
discredit,38
discussed,849
discusses,119
disdained,2
disembark,11
disembody,0
disengage,12
disesteem,0
disfavors,1
disfavour,0
disfigure,3
disgorged,1
disgorges,0
disgraced,49
disgraces,1
disguised,48
disguises,6
disgusted,63
dishcloth,0
dishevels,0
dishonest,35
dishonors,0
dishtowel,0
dishwares,0
dishwater,1
disinfect,6
disinters,0
disjoints,0
diskettes,0
disliking,2
dislocate,0
dislodged,13
dislodges,1
dismantle,93
dismaying,2
dismember,1
dismissal,162
dismissed,570
dismisses,20
dismounts,0
disobeyed,6
disoblige,0
disorders,149
disorient,0
disowning,1
disparage,12
disparate,31
disparity,76
dispelled,16
dispensed,21
dispenser,5
dispenses,4
dispersal,26
dispersed,47
disperses,1
dispirits,0
displaced,374
displaces,3
displayed,394
displease,1
disported,0
disposals,34
disposers,0
disposing,31
dispraise,0
disproofs,0
disproved,4
disproven,1
disproves,1
disputant,0
disputers,0
disputing,15
disquiets,0
disregard,130
disrepair,41
disrepute,11
disrobing,0
disrupted,197
dissected,13
dissector,0
dissemble,0
dissented,5
dissenter,2
dissevers,0
dissident,16
dissipate,20
dissolute,0
dissolved,76
dissolves,8
dissonant,4
dissuaded,8
dissuades,1
distanced,40
distances,74
distantly,3
distastes,0
distemper,1
distended,1
distilled,22
distiller,3
distorted,43
distracts,7
districts,484
distrusts,3
disturbed,71
disturber,0
disunions,0
disunited,1
disunites,0
ditherers,0
dithering,8
diuretics,2
diurnally,0
divergent,11
diverging,10
diversely,0
diversify,86
diversion,123
diversity,495
diverting,46
divesting,6
dividable,0
dividends,175
divisible,1
divisions,183
divorcees,2
divorcing,15
divulging,7
dixieland,0
dizziness,30
djellabah,0
djellabas,0
dobermans,0
docketing,0
dockyards,0
doctorate,37
doctoring,3
doctrinal,10
doctrines,11
docudrama,4
documents,1132
doddering,1
dogearing,0
dogfights,2
dogfishes,0
doggerels,0
doggonest,0
doggoning,0
doghouses,0
doglegged,0
dogmatism,0
dogmatist,0
dolefully,1
dollhouse,5
dolloping,0
dolomites,0
doltishly,0
domestics,1
domiciled,6
domiciles,2
dominance,264
dominants,0
dominated,389
dominates,50
domineers,0
dominions,1
donations,831
doodlebug,0
doohickey,1
doomsayer,0
doomsdays,0
doorbells,7
doorknobs,1
doorplate,0
doorsteps,15
doorstops,1
dooryards,0
dormitory,21
dosimeter,0
doubloons,0
doubtless,13
doughiest,0
doughnuts,34
doughtier,0
dovecotes,0
dovetails,4
dowdiness,0
dowelling,0
downbeats,0
downdraft,1
downfalls,2
downgrade,27
downhills,0
downloads,42
downplays,4
downpours,40
downrange,0
downright,38
downriver,3
downscale,0
downshift,0
downsides,26
downsized,9
downsizes,0
downspout,0
downstage,0
downstate,4
downswing,2
downtimes,1
downtowns,4
downtrend,8
downturns,12
downwards,22
draconian,27
draftiest,0
draftings,0
draftsman,3
draftsmen,0
draggiest,0
dragonfly,1
dragooned,0
drainages,5
drainpipe,2
dramatics,2
dramatist,2
dramatize,5
draperies,3
draughted,0
drawbacks,35
dreamboat,1
dreamiest,1
dreamland,3
dreamless,0
dreamlike,7
dreariest,0
drenching,7
dressages,0
dressiest,0
dressings,13
dribblers,0
dribbling,13
driftwood,5
drinkable,8
drippiest,0
drippings,1
drivelers,0
driveling,0
drivelled,0
driveways,19
drizzlier,0
drizzling,6
drollness,0
dromedary,0
droopiest,0
dropkicks,15
droppings,15
dropsical,0
drownings,8
drowsiest,0
drubbings,0
druggists,0
drugstore,10
druidisms,0
drumbeats,0
drumstick,1
drunkards,1
drunkenly,7
drynesses,0
dualities,3
dubieties,0
dubiously,2
duchesses,0
duckbills,0
ducklings,9
duckweeds,0
ductility,1
duellists,0
dulcimers,0
dulnesses,0
dumbbells,7
dumbfound,0
dumfounds,0
dumpiness,0
dumplings,27
dumpsters,5
dungarees,3
dunghills,0
duodenums,0
duplicate,29
duplicity,4
durations,7
duskiness,0
dustiness,0
duteously,0
dutifully,9
dwarfisms,0
dwellings,66
dwindling,62
dyestuffs,0
dynamical,3
dynamisms,0
dynamited,0
dynamiter,0
dynamites,2
dynasties,18
dysentery,2
dyslectic,0
dyslexias,0
dyslexics,0
dyspepsia,0
dyspeptic,0
eagerness,16
earliness,0
earmarked,109
earnestly,12
earphones,24
earthiest,0
earthlier,0
earthling,0
earthward,1
earthwork,0
earthworm,0
easements,12
eastbound,87
easterner,0
eastwards,12
easygoing,12
eavesdrop,1
ebullient,3
eccentric,46
eclectics,0
eclipsing,7
ecliptics,0
ecologies,0
ecologist,18
economics,172
economies,263
economist,220
economize,1
ecosystem,340
ecstasies,1
ecumenism,2
edelweiss,1
edibility,0
editorial,134
educating,88
education,2742
educators,157
effecting,7
effective,1419
effectual,2
efficient,627
effluence,0
effluents,1
effluvium,0
effulgent,1
effusions,1
eggbeater,0
eggplants,3
eggshells,10
eglantine,0
egomaniac,1
egomanias,0
egotistic,0
egregious,67
eiderdown,0
eighteens,0
eightieth,2
ejaculate,1
ejections,7
elaborate,147
elbowroom,0
eldercare,1
electable,1
elections,2017
electives,3
electoral,522
electrify,12
electrode,6
electrons,17
elegances,0
elegantly,15
elegiacal,0
elemental,14
elephants,56
elevating,59
elevation,92
elevators,21
elevenths,0
eliciting,7
eliminate,321
ellipsoid,0
elocution,2
elongated,12
elongates,0
elopement,0
eloquence,4
elsewhere,532
elucidate,3
elusively,0
emaciated,10
emaciates,0
emanating,36
emanation,0
embalmers,0
embalming,4
embanking,0
embargoed,2
embargoes,7
embarking,69
embarrass,24
embassies,30
embattled,59
embedding,21
embellish,7
embezzled,5
embezzler,1
embezzles,0
embitters,0
emblazons,0
embodying,41
emboldens,6
embolisms,0
embossers,0
embossing,2
embowered,0
embracing,231
embrasure,0
embroider,2
embroiled,64
embryonic,4
emergence,100
emergency,2104
emigrants,8
emigrated,16
emigrates,0
eminences,0
eminently,15
emissions,592
emollient,1
emolument,1
emoticons,2
emotional,1222
empaneled,1
empathies,0
empathize,19
emphasize,118
emphysema,3
empirical,21
employees,1730
employers,433
employing,93
emporiums,0
empowered,148
empresses,1
emptiness,13
empyreans,0
emulating,10
emulation,11
emulative,0
emulators,4
emulsions,0
enactment,20
enamelers,0
enameling,1
enamelled,2
enamoring,0
enamoured,9
encamping,0
enchained,1
enchanted,18
enchanter,1
enchilada,0
enciphers,0
encircled,9
encircles,1
enclosing,3
enclosure,50
encomiums,1
encompass,50
encounter,513
encourage,989
encrusted,7
encumbers,0
encysting,0
endangers,14
endearing,50
endeavors,95
endeavour,55
endlessly,41
endocrine,6
endorphin,1
endorsers,4
endorsing,93
endoscope,2
endoscopy,8
endowment,33
endpoints,10
endurable,1
endurance,73
energetic,122
energized,40
energizer,0
energizes,6
enervated,1
enervates,1
enfeebled,2
enfeebles,0
enfiladed,0
enfilades,0
enfolding,0
enforcers,28
enforcing,89
engenders,1
engineers,256
engorging,0
engravers,2
engraving,15
engrossed,8
engrosses,1
engulfing,22
enhancing,425
enigmatic,43
enjoining,3
enjoyable,225
enjoyably,2
enjoyment,89
enlargers,0
enlarging,4
enlighten,10
enlistees,1
enlisting,16
enlivened,6
enmeshing,0
ennobling,0
enplaning,0
enquiries,308
enquiring,6
enrapture,2
enriching,54
enrolling,35
enrolment,26
ensconced,4
ensconces,0
ensembles,28
enshrined,38
enshrines,3
enshrouds,0
ensilages,0
enslaving,3
ensnaring,1
entailing,1
entangled,47
entangles,1
enteritis,0
entertain,126
enthralls,1
enthroned,2
enthrones,0
enthusing,4
entitling,3
entombing,0
entourage,29
entranced,5
entrances,46
entrapped,4
entreated,3
entropies,0
entrusted,69
entryways,2
entwining,0
enumerate,5
enunciate,1
enveloped,25
enveloper,0
envelopes,23
envenomed,0
enviously,0
envisaged,33
envisages,3
envisions,39
envyingly,0
enzymatic,1
epaulette,0
ephedrine,0
ephemeral,14
epicenter,31
epicentre,14
epicurean,1
epidemics,4
epidermal,0
epidermic,0
epidermis,1
epigraphs,0
epigraphy,0
epileptic,6
epilogues,0
episcopal,8
epithelia,0
epitomize,4
equalized,8
equalizer,27
equalizes,0
equalling,9
equatable,0
equations,8
equerries,0
equinoxes,2
equipages,0
equipment,1365
equipoise,0
equipping,51
equitable,176
equitably,17
equivocal,1
eradicate,62
erections,3
erectness,0
ergonomic,15
erogenous,0
eroticism,1
erroneous,26
erstwhile,33
eruditely,0
erudition,2
eruptions,28
escalated,155
escalates,24
escalator,14
escallops,0
escapades,18
escapisms,0
escapists,0
escargots,1
escaroles,0
eschewing,8
escorting,14
esophagus,6
espaliers,0
espionage,62
esplanade,6
espousals,0
espousing,3
espressos,6
essayists,0
essential,1466
establish,718
esteeming,0
esthetics,0
estimable,0
estimated,1117
estimates,1140
estimator,2
estranged,98
estranges,1
estrogens,1
estuaries,9
eternally,20
ethically,40
ethnicity,63
ethnology,0
ethylenes,0
etiologic,0
etiquette,23
etymology,5
eucalypti,0
euclidean,0
eulogists,0
eulogized,3
eulogizer,0
eulogizes,0
euphemism,8
euphonies,0
euphorias,0
europiums,0
euthanize,2
euthenics,0
evacuated,229
evacuates,2
evaluated,70
evaluates,18
evangelic,0
evaporate,12
evasively,0
evensongs,0
eventides,0
eventuate,1
everglade,0
evergreen,23
everybody,762
evictions,36
evidenced,74
evidences,8
evidently,37
evildoers,3
evildoing,0
evocation,1
evocative,21
evolution,245
exactions,0
exactness,0
examiners,11
examining,131
exampling,0
excavated,22
excavates,2
excavator,10
exceeding,152
excellent,1048
excelling,23
excelsior,0
excepting,4
exception,289
excerpted,4
excessive,265
exchanged,140
exchanges,326
exchequer,7
excisions,0
excitable,9
excitably,0
excitedly,23
exclaimed,44
excluding,118
exclusion,84
exclusive,550
excoriate,2
excrement,12
excreting,1
excretion,1
excretory,0
exculpate,0
excursion,24
excursive,0
excusable,3
excusably,0
execrable,1
execrably,0
execrated,0
execrates,0
executing,86
execution,306
executive,2469
executors,7
executrix,0
exemplars,1
exemplary,78
exemplify,29
exempting,5
exemption,123
exercised,53
exerciser,0
exercises,218
exertions,4
exhausted,140
exhibited,88
exhibitor,7
exhorting,7
exigences,0
existence,335
exogenous,0
exonerate,8
exoplanet,10
exorcised,0
exorcises,0
exorcisms,2
exorcists,0
exorcized,0
exorcizes,0
exosphere,0
exoticism,0
expanding,598
expansion,799
expansive,122
expatiate,0
expectant,24
expecting,542
expedient,10
expedited,37
expediter,0
expedites,1
expeditor,0
expelling,11
expending,5
expensive,1103
expertise,572
expiating,0
expiation,0
expiatory,0
explained,2468
expletive,25
explicate,1
exploding,47
exploited,93
exploiter,1
explorers,28
exploring,480
explosion,295
explosive,252
exponents,2
exporters,44
exporting,43
expositor,0
exposures,36
expounded,3
expounder,0
expressed,1873
expresses,75
expressly,25
expulsion,38
expunging,1
expurgate,0
exquisite,64
extempore,0
extenders,4
extending,265
extension,610
extensive,716
extenuate,0
exteriors,5
externals,0
extincted,0
extirpate,1
extolling,4
extorting,7
extortion,59
extracted,51
extractor,11
extradite,10
extravert,0
extremely,1266
extremest,0
extremism,65
extremist,86
extremity,5
extricate,8
extrinsic,1
extrovert,5
extruding,0
extrusion,1
extrusive,0
exuberant,16
exudation,0
eyeballed,4
eyelashes,14
eyeliners,0
eyeopener,1
eyepieces,0
eyesights,0
eyestrain,0
eyewashes,0
fabricate,10
facecloth,0
facelifts,3
facetious,1
facetting,0
facsimile,4
factional,18
factorial,1
factories,117
factoring,21
factotums,0
factually,18
faculties,16
faggoting,0
fagotings,0
faintness,0
fairyland,0
faithfuls,8
faithless,4
falconers,2
fallacies,2
fallowing,0
falsehood,18
falseness,0
falsettos,0
falsified,29
falsifier,0
falsifies,0
falsities,0
faltering,27
familiars,1
famishing,0
fanatical,11
fanciness,0
fancywork,0
fandangos,0
fanlights,0
fantasias,0
fantasied,1
fantasies,51
fantasize,5
fantastic,943
farewells,9
farmhands,0
farmhouse,55
farmlands,24
farmstead,3
farmyards,1
farragoes,0
farrowing,2
farseeing,0
farthings,0
fascicles,0
fascinate,4
fascistic,6
fashioned,31
fashioner,0
fastbacks,0
fastballs,11
fasteners,6
fastening,12
fatalisms,0
fatalists,0
fatefully,2
fatheaded,0
fathering,0
fathoming,0
fatiguing,2
fatnesses,0
fattening,2
fattiness,1
fatuities,0
fatuously,0
faultiest,0
faultless,9
favorable,165
favorably,27
favorites,209
favouring,18
fearfully,0
feathered,19
featuring,870
fecundate,0
fecundity,1
federally,35
federated,3
federates,0
feedbacks,0
feelingly,0
feistiest,0
feldspars,0
fellatios,0
fellowman,0
fellowmen,1
felonious,1
feminines,0
feminisms,0
feminists,14
fermented,33
ferocious,41
ferreting,0
ferryboat,0
fertility,116
fertilize,6
fervently,17
festering,9
festivals,201
festively,5
festivity,4
festooned,5
fetidness,0
fetishism,1
fetishist,0
fettering,0
feudalism,2
fewnesses,0
fiberfill,0
fictional,129
fidgeting,0
fiduciary,18
fieldwork,12
fieriness,0
fifteenth,6
fiftieths,0
fightings,0
figurines,13
filaments,4
filigreed,1
filigrees,0
filleting,1
filliping,0
filminess,0
filmmaker,197
filmstrip,0
filterers,0
filtering,30
filthiest,0
filtrable,0
filtrated,0
filtrates,0
finaglers,0
finagling,0
finalists,123
finalized,114
finalizes,1
financial,4461
financier,23
financing,339
finessing,5
fingering,3
fingertip,10
finickier,0
finishers,27
finishing,516
fireballs,4
firebombs,2
fireboxes,0
firebrand,21
firebreak,0
firebrick,0
firedamps,0
firefight,10
fireflies,12
firehouse,5
firelight,0
fireplace,87
fireplugs,0
firepower,48
fireproof,3
firesides,0
firestorm,17
firetraps,0
firetruck,4
firewalls,16
firewater,0
firewoods,0
fireworks,254
firmament,3
firmwares,0
firstborn,13
firsthand,112
fishbowls,0
fishcakes,0
fisheries,65
fisherman,59
fishermen,116
fishhooks,0
fishiness,0
fishponds,0
fishtails,0
fishwives,0
fistfight,3
fistulous,0
fitnesses,0
fittingly,20
fixations,1
fixatives,0
flabbiest,0
flaccidly,0
flagellum,0
flagpoles,1
flagrance,0
flagrancy,0
flagships,6
flagstaff,0
flagstone,3
flakiness,1
flambeing,0
flamencos,0
flamingos,3
flammable,14
flanneled,0
flannelet,0
flapjacks,3
flashback,30
flashbulb,0
flashcard,0
flashcube,0
flashguns,0
flashiest,2
flashings,0
flatboats,0
flatfoots,0
flatirons,0
flatlands,1
flattened,32
flattered,20
flatterer,0
flatulent,0
flatwares,0
flatworms,0
flaunting,19
flautists,0
flavorful,24
flavoring,4
flavoured,23
fledgling,24
fleeciest,0
fleetness,0
fleshiest,0
fleshlier,0
fleshpots,0
flexitime,1
flextimes,0
flickered,4
flightier,0
flimflams,0
flimsiest,1
flinching,1
flintiest,0
flintlock,2
flippancy,0
flockings,0
floggings,0
floodgate,4
floorings,0
flophouse,0
floppiest,0
floridest,0
flossiest,0
flotation,10
flotillas,1
flouncier,0
flouncing,1
flounders,2
flowchart,1
flowerbed,1
flowerier,0
flowering,41
flowerpot,3
fluctuate,28
fluencies,0
fluffiest,0
flummoxed,2
flummoxes,0
fluoresce,0
fluorides,0
fluorines,0
fluorites,0
flurrying,0
flustered,10
fluttered,3
flyleaves,0
flypapers,0
flyspecks,0
flyweight,11
flywheels,0
foaminess,0
focussing,22
fogginess,1
folklores,1
folkloric,2
folksiest,0
folktales,1
follicles,16
followers,555
following,6087
fomenting,10
fontanels,0
foodstuff,7
fooleries,0
foolhardy,6
foolishly,13
foolproof,13
foolscaps,0
footballs,11
footfalls,4
foothills,23
footholds,3
footlings,0
footloose,0
footnoted,1
footnotes,7
footpaths,49
footprint,207
footraces,0
footrests,2
footsteps,142
footstool,1
footwears,0
footworks,0
fopperies,0
forbidden,52
forearmed,0
forebears,8
foreboded,0
forebodes,0
forecasts,248
foreclose,7
forecourt,11
foredooms,0
forefront,231
foregoing,20
forehands,3
foreheads,1
foreigner,18
foreknown,0
foreknows,0
forelimbs,0
forelocks,0
foremasts,0
forenamed,0
forenames,0
forenoons,0
forensics,33
foreparts,0
foreplays,0
foresails,0
foreseers,0
foresight,34
foreskins,0
forestall,9
foresters,5
foresting,0
foreswear,0
foreswore,0
foresworn,0
foretaste,0
foretells,2
forewarns,1
forewoman,0
forewomen,0
forewords,1
forfeited,31
forgather,0
forgeries,2
forgetful,10
forgivers,0
forgiving,36
forgotten,334
forklifts,4
forlornly,1
formalism,0
formalist,0
formality,20
formalize,7
formating,0
formation,274
formative,36
formatted,6
formulaic,5
formulate,30
fornicate,0
forsaking,2
forswears,0
forsythia,0
forthwith,11
fortieths,0
fortified,43
fortifier,0
fortifies,2
fortitude,33
fortnight,99
fortunate,250
forwarded,43
forwarder,1
forwardly,1
fossilize,0
fostering,449
foundered,4
foundling,0
foundries,3
fountains,29
fourscore,0
foursomes,2
fourteens,0
foxgloves,1
foxhounds,1
frackings,0
fractions,7
fractious,14
fractured,111
fractures,44
fragility,35
fragments,65
fragrance,70
frailness,0
frailties,3
framework,420
franchise,797
franciums,0
frangible,0
frankness,2
fraternal,19
frazzling,0
freakiest,2
freakouts,0
frecklier,0
freckling,0
freebased,0
freebases,0
freeholds,0
freelance,62
freeloads,0
freestone,0
freestyle,98
freewares,0
freewheel,1
freezable,1
freezings,0
freighted,1
freighter,6
frequency,168
frequents,5
freshened,2
freshener,4
freshness,28
fretfully,0
fretworks,0
fricassee,0
fricative,0
frictions,8
friedcake,0
friending,0
frightens,1
frightful,7
frighting,0
frigidity,0
frilliest,0
friskiest,0
frittered,0
frivolity,6
frivolous,32
frizziest,0
frizzlier,0
frizzling,0
frolicked,1
frolicker,0
frontages,6
frontally,1
frontiers,8
frontward,0
frostbite,12
frostiest,0
frostings,0
frothiest,0
froufrous,0
frowsiest,0
frowziest,0
fructoses,0
frugality,3
fruitcake,4
fruitiest,0
fruitions,0
fruitless,14
frumpiest,0
frustrate,29
fugitives,14
fulfilled,111
fullbacks,3
fulminate,0
fulnesses,0
fulsomely,0
fumigants,0
fumigated,0
fumigates,0
fumigator,0
functions,315
fungibles,0
fungicide,2
funicular,5
funkiness,0
funneling,7
funnelled,4
funniness,0
furbelows,0
furbished,0
furbishes,0
furiously,26
furloughs,7
furnished,36
furnishes,3
furniture,291
furriness,0
furrowing,0
furthered,14
furtively,2
fuselages,3
fusileers,0
fusiliers,1
fusillade,1
fussiness,1
fustiness,0
futurisms,0
futurists,2
fuzziness,2
gabardine,1
gabbiness,0
gaberdine,0
gadabouts,0
gainfully,4
gainsayer,0
gallanter,0
gallantly,3
gallantry,4
gallerias,0
galleries,82
gallivant,0
galloping,13
gallowses,0
gallstone,0
galumphed,0
galvanise,10
galvanism,0
galvanize,18
gamblings,0
gamboling,0
gambolled,0
gamecocks,0
gamesters,0
ganglands,0
gangliest,0
ganglions,0
gangplank,0
gangrened,0
gangrenes,0
gangsters,23
garbanzos,0
gardeners,41
gardenias,0
gardening,161
garfishes,0
gargoyles,1
garlanded,0
garnering,38
garnished,9
garnishee,0
garnishes,4
garotting,0
garrisons,0
garroters,0
garroting,0
garrotted,1
garrottes,0
garrulity,0
garrulous,2
gaslights,1
gasolenes,0
gasolines,0
gastritis,1
gastropod,0
gatecrash,0
gatehouse,8
gateposts,0
gatherers,3
gathering,594
gaucherie,0
gaudiness,0
gauntlets,2
gauntness,0
gauziness,0
gawkiness,0
gaynesses,0
gazetteer,0
gazetting,0
gazpachos,0
gearboxes,4
gearshift,1
gearwheel,0
gelatines,0
gelignite,0
gemmology,0
gemstones,13
gendarmes,3
genealogy,16
generally,788
generated,430
generates,86
generator,85
geniality,0
genitalia,15
genitally,0
genitives,0
genocidal,57
genocides,6
genteelly,0
gentility,1
gentleman,70
gentlemen,32
genuflect,0
genuinely,304
geocached,0
geocaches,1
geodesics,0
geodesies,0
geography,55
geologies,0
geologist,13
geometric,20
geraniums,1
geriatric,4
germanium,2
germicide,0
germinate,6
gestating,1
gestation,19
gesturing,11
geysering,0
ghastlier,0
ghettoize,1
ghostlier,0
gibbering,1
gibberish,11
gibbeting,0
giddiness,2
gigabytes,8
gigahertz,0
giggliest,0
gimcracks,0
gimleting,0
gimmickry,3
girlhoods,0
girlishly,0
giveaways,39
givebacks,0
glacially,1
glaciated,1
glaciates,0
gladdened,0
gladiator,10
gladiolas,0
gladiolus,1
glamorize,0
glamorous,109
glandular,3
glaringly,5
glasnosts,0
glassfuls,0
glassiest,0
glassware,10
glaucomas,0
gleanings,0
gleefully,27
glimmered,0
glimpsing,1
glissandi,0
glissando,2
glistened,1
glistered,0
glittered,1
glitziest,2
gloamings,0
globalism,4
globalist,8
globalize,3
globulins,0
gloomiest,1
gloppiest,0
glorified,24
glorifies,5
glossiest,0
glottides,0
glottises,0
glowering,3
glowingly,3
glowworms,0
glutenous,0
glutinous,2
glycerine,1
glycerins,0
glycerols,0
glycogens,0
goalposts,9
goatherds,0
goatskins,0
goddammit,0
goddamned,2
goddesses,4
godfather,20
godliness,1
godmother,10
godparent,0
goldbrick,0
goldenest,0
goldenrod,1
goldfinch,0
goldmines,0
goldsmith,1
gondolier,0
gonorrhea,5
goodliest,0
goodwills,0
goofballs,2
goofiness,3
gossamers,1
gossipers,2
gossiping,6
gossipped,0
goulashes,0
gourmands,1
governess,3
governing,313
governors,202
grabbiest,0
graceless,0
gradating,0
gradation,2
gradients,3
gradually,287
graduated,308
graduates,217
grainiest,0
grampuses,0
granaries,2
grandaunt,0
granddads,0
grandeurs,0
grandiose,19
grandness,0
grandsons,20
granulate,0
grapeshot,0
grapevine,6
graphical,12
graphites,0
grappling,153
graspable,0
grassiest,0
grassland,27
gratified,1
gratifies,0
gratingly,1
gratitude,420
gravamens,0
gravamina,0
graveling,0
gravelled,3
graveness,0
graveside,13
graveyard,32
gravitate,28
gravities,0
graybeard,0
greasiest,1
greatcoat,0
greatness,82
greediest,0
greenback,22
greenbelt,5
greengage,0
greenhorn,1
greenmail,0
greenness,3
greenroom,1
greenwood,0
greetings,32
grenadier,0
grenadine,2
greyhound,18
gridirons,0
gridlocks,2
grievance,49
grimacing,1
griminess,1
grisliest,0
gristlier,0
gristmill,0
grittiest,0
grizzlier,0
grizzlies,1
groceries,113
groggiest,0
groomings,0
groomsman,3
groomsmen,4
grooviest,0
grosbeaks,1
grosgrain,0
grossness,0
grotesque,39
grouchier,0
grouchily,1
grouching,0
grounders,2
groundhog,6
grounding,47
groundnut,10
groupings,13
groupware,0
grovelers,0
groveling,1
grovelled,0
groveller,0
grubbiest,0
grubstake,0
gruelling,53
gruesomer,0
gruffness,0
grumblers,0
grumbling,11
grumpiest,0
grungiest,0
guacamole,11
guaranies,0
guarantee,425
guarantor,13
guardedly,0
guardians,68
guardrail,14
guardroom,1
guardsman,0
guardsmen,1
guerillas,1
guerrilla,14
guesswork,11
guffawing,1
guidances,0
guidebook,8
guideline,25
guidepost,2
guildhall,1
guileless,0
guiltiest,0
guiltless,0
guitarist,88
gumptions,0
gunfights,4
gunmetals,0
gunneries,1
gunnysack,0
gunpoints,0
gunpowder,11
gunrunner,1
gunsmiths,0
gusseting,0
gustatory,1
guttering,4
gutturals,0
gymkhanas,0
gymnasium,19
gymnastic,3
gyrations,2
gyrfalcon,0
gyroscope,2
habitable,26
habituate,0
haciendas,1
hackneyed,6
hackworks,0
haggardly,0
hailstone,0
hailstorm,6
hairballs,0
hairbrush,1
haircloth,0
hairdryer,8
hairiness,1
hairlines,0
hairpiece,2
hairstyle,24
halfbacks,0
halfpence,0
halfpenny,0
halftimes,0
halftones,0
halitoses,0
halitosis,1
halliards,0
hallmarks,32
hallooing,0
hallowing,0
haltering,0
haltingly,2
hamburger,20
hammerers,0
hammering,38
hammertoe,0
hampering,18
hamstring,177
hamstrung,10
handballs,7
handbills,0
handbooks,4
handcarts,0
handclasp,0
handcraft,3
handcuffs,53
handhelds,5
handholds,1
handicaps,7
handiness,0
handiwork,15
handlebar,6
handmaids,0
handpicks,0
handrails,4
handshake,34
handsomer,0
handstand,5
handworks,1
handwoven,1
hangnails,1
hangovers,3
hankering,5
haphazard,8
haplessly,1
happening,1181
happiness,288
harangued,2
harangues,2
harassers,1
harassing,54
harbinger,9
harboring,11
harboured,3
hardbacks,0
hardballs,0
hardboard,0
hardbound,1
hardcover,6
hardeners,0
hardening,15
hardihood,0
hardiness,2
hardliner,5
hardships,96
hardstand,0
hardtacks,0
hardwares,0
hardwoods,4
harebells,0
harkening,2
harlequin,1
harmfully,2
harmonica,12
harmonics,1
harmonies,28
harmonium,4
harmonize,16
harnessed,19
harnesses,21
harpooned,1
harpooner,0
harridans,0
harrowing,109
harshness,4
harvested,59
harvester,7
hashishes,0
hastening,1
hastiness,0
hatchback,22
hatchecks,0
hatchings,0
hatchways,0
hatefully,0
haughtier,1
haughtily,1
haversack,0
hawthorns,0
haystacks,0
hazarding,1
hazardous,108
hazelnuts,3
headaches,99
headbands,3
headboard,5
headdress,10
headfirst,9
headgears,1
headhunts,0
headiness,0
headlamps,4
headlands,3
headlight,6
headlined,60
headliner,31
headlines,377
headlocks,1
headphone,31
headpiece,3
headrests,4
headrooms,0
headships,0
headstall,0
headstand,1
headstone,16
headwinds,57
headwords,0
healthful,7
healthier,208
healthily,7
hearkened,2
heartache,35
heartbeat,63
heartburn,13
heartened,10
heartfelt,296
heartiest,0
heartland,20
heartless,19
heartsick,1
heartwood,0
heatproof,2
heaviness,9
hecklings,0
hectogram,0
hectoring,0
hedgehogs,23
hedgehops,0
hedgerows,10
hedonisms,0
hedonists,0
heedfully,0
heehawing,0
heftiness,0
heightens,10
heinously,0
heiresses,0
heirlooms,9
heliports,0
hellebore,0
hellholes,0
hellishly,0
helpfully,5
helplines,3
helpmates,0
helpmeets,0
hematites,0
hemostats,0
hemstitch,0
henpecked,0
hepatitis,29
heptagons,0
heralding,17
herbalist,5
herbicide,16
herbivore,2
herculean,7
hereabout,0
hereafter,4
heretical,2
heritable,3
heritages,3
hermitage,1
herniated,6
herniates,0
hesitance,5
hesitancy,9
hesitated,24
hesitates,5
heterodox,0
heuristic,0
hexagonal,5
hexagrams,0
hexameter,0
hibernate,2
hiccoughs,0
hiccuping,0
hiccupped,0
hickories,0
hideaways,0
hidebound,3
hideously,1
hierarchy,78
highballs,1
highbrows,0
highchair,1
highjacks,0
highlands,15
highlight,672
highrises,2
highroads,0
hightails,0
hijackers,9
hijacking,23
hilarious,217
hillbilly,3
hilliness,0
hillsides,7
hindering,42
hindrance,20
hindsight,64
hipnesses,0
hirelings,0
histamine,0
histogram,0
histology,1
historian,121
histories,66
hitchhike,3
hoardings,10
hoarfrost,0
hoariness,0
hobbyists,13
hobgoblin,0
hobnailed,1
hobnobbed,0
hockshops,0
hoggishly,0
hogsheads,0
hogtieing,0
hogwashes,0
holdovers,2
holidayed,7
hollering,8
hollowest,0
hollowing,4
hollyhock,0
holocaust,6
holograms,2
holograph,0
holstered,3
homegrown,60
homelands,8
homeliest,0
homemaker,19
homeopath,0
homeowner,91
homepages,1
homerooms,0
homespuns,0
homestead,19
hometowns,14
homewards,0
homeworks,0
homeyness,1
homicidal,6
homicides,32
homiletic,0
homograph,0
homophone,0
honestest,0
honesties,0
honeybees,5
honeycomb,6
honeydews,0
honeymoon,61
honorable,54
honorably,12
honoraria,1
honorific,1
honouring,49
hoodooing,0
hoodwinks,0
hookworms,0
hooligans,9
hooraying,0
hoosegows,0
hopefully,607
hopscotch,3
horehound,1
hornpipes,0
horologic,0
horoscope,13
horridest,0
horrified,93
horrifies,0
horseback,31
horsehair,1
horsehide,0
horseless,1
horseplay,1
horseshoe,12
horsetail,1
horsewhip,0
hortatory,0
hosieries,0
hospitals,629
hostelers,0
hosteling,0
hostelled,0
hostessed,0
hostesses,1
hostilely,0
hostility,81
hotdogged,0
hoteliers,5
hotfooted,0
hotheaded,1
hothouses,0
hotnesses,0
hotplates,0
houmouses,0
hourglass,9
houseboat,9
houseboys,0
housecoat,0
housefuls,0
household,599
housemaid,1
housetops,0
housewife,18
housework,11
howitzers,6
howsoever,0
hoydenish,0
huaraches,0
hucksters,1
huffiness,0
humanisms,0
humanists,0
humanized,1
humanizer,0
humanizes,1
humankind,14
humanness,1
humanoids,5
humbugged,0
humdinger,0
humiliate,17
humongous,6
humorists,0
humorless,3
humouring,0
humpbacks,2
humungous,0
hunchback,1
hundredth,6
hungering,1
hungriest,2
hunkering,6
hurdlings,0
hurrahing,0
hurraying,0
hurricane,199
hurriedly,9
hurtfully,0
husbanded,0
husbandry,4
huskiness,0
huzzahing,0
hyacinths,1
hybridism,0
hybridize,0
hydrangea,3
hydrating,33
hydration,47
hydraulic,25
hydrofoil,1
hydrogens,0
hydrology,5
hydrolyze,0
hydroxide,6
hygienist,1
hymnbooks,0
hyperbola,0
hyperbole,18
hyperlink,4
hypertext,0
hyphenate,0
hyphening,0
hypnotics,0
hypnotism,0
hypnotist,3
hypnotize,2
hypocrisy,54
hypocrite,9
hysterias,1
hysterics,10
ibuprofen,9
icinesses,0
idealisms,1
idealists,4
idealized,7
idealizes,1
identical,138
ideograms,1
ideograph,0
ideologue,7
idiomatic,0
idolaters,1
idolizing,2
ignitable,0
ignitible,0
ignitions,2
ignoblest,0
ignoramus,0
ignorance,54
ileitides,0
illegally,296
illegible,3
illegibly,0
illiberal,6
illicitly,8
illnesses,154
illogical,3
illumined,0
illumines,0
illusions,25
imageries,0
imaginary,43
imagining,33
imbalance,49
imbeciles,1
imbecilic,1
imbedding,0
imbroglio,3
imitating,14
imitation,26
imitative,2
imitators,6
immanence,0
immanency,0
immediacy,8
immediate,1167
immensely,129
immensity,0
immersing,20
immersion,36
immigrant,156
immigrate,10
imminence,0
immodesty,0
immolated,0
immolates,0
immorally,0
immortals,1
immovable,10
immovably,1
immunized,6
immunizes,0
immutable,11
immutably,1
impacting,205
impairing,2
impaneled,0
impartial,48
imparting,7
impassive,4
impatiens,0
impatient,26
impeached,40
impeacher,0
impeaches,0
impedance,0
impellers,0
impelling,1
impending,121
imperfect,24
imperials,0
imperiled,8
imperious,6
impetigos,0
impetuous,3
impetuses,0
impieties,0
impinging,2
impiously,0
implanted,22
implement,504
implicate,10
imploding,3
imploring,9
implosion,16
implosive,0
impolitic,0
important,5603
importers,30
importing,60
importune,1
imposters,6
impostors,2
imposture,0
impotence,3
impotency,0
impounded,21
imprecate,0
imprecise,4
impressed,460
impresses,18
imprinted,9
imprinter,0
imprisons,0
impromptu,42
improving,794
improvise,7
imprudent,1
impudence,0
impugners,0
impugning,1
impulsing,0
impulsion,0
impulsive,33
imputable,0
inability,163
inactions,2
inamorata,0
inanimate,3
inanities,1
inaptness,0
inaudible,5
inaudibly,0
inaugural,265
inbounded,3
incapable,61
incapably,0
incarnate,4
incensing,0
incentive,160
inception,141
incessant,33
inchworms,0
incidence,50
incidents,931
incipient,6
incisions,7
inclement,46
inclining,0
inclosing,0
inclosure,0
including,12051
inclusion,369
inclusive,389
incognito,6
incommode,0
incorrect,128
increased,4074
increases,756
increment,12
incrusted,0
incubated,5
incubates,0
incubator,24
incubuses,0
inculcate,8
inculpate,0
incumbent,237
incumbers,0
incurable,33
incurably,0
incurious,0
incurring,15
incursion,59
indecency,7
indelible,64
indelibly,2
indemnify,1
indemnity,7
indenting,0
indention,0
indenture,1
indicated,523
indicates,333
indicator,128
indicting,2
indigence,2
indigents,0
indignant,4
indignity,7
indirects,0
indolence,0
indorsing,0
inductees,15
inducting,2
induction,57
inductive,2
indulgent,30
indulging,48
indwelled,0
inebriate,0
ineffable,1
ineffably,2
inelastic,1
inelegant,1
ineptness,1
inertness,0
inexactly,0
infancies,0
infantile,3
infatuate,0
infecting,12
infection,347
inference,27
inferiors,0
inferring,3
infertile,10
infesting,4
infielder,34
infighter,0
infinites,0
infirmary,5
infirmity,1
inflaming,3
inflating,16
inflation,1707
inflected,1
inflexion,0
inflicted,103
influence,1202
influenza,64
infolding,0
informant,29
informers,3
informing,67
infrareds,0
infringed,21
infringes,4
infuriate,3
infusions,13
ingenious,24
ingenuity,42
ingenuous,0
ingesting,14
ingestion,13
inglenook,1
ingrained,33
ingresses,0
ingrowing,0
inhabited,41
inhalants,0
inhalator,0
inherited,153
inheritor,3
inhibited,1
inhibitor,8
inhumanly,0
initialed,1
initially,1095
initiated,355
initiates,11
initiator,1
injecting,42
injection,129
injectors,3
injurious,3
injustice,132
inkstands,0
innermost,3
innersole,0
innervate,0
innkeeper,1
innocence,119
innocents,17
innocuous,24
innovated,5
innovates,2
innovator,20
innuendos,6
inoculate,2
inorganic,4
inpatient,29
inputting,5
inquirers,0
inquiries,182
inquiring,10
inscribed,24
inscriber,0
inscribes,0
insensate,0
inserting,12
insertion,15
insetting,0
insidious,32
insignias,0
insincere,3
insinuate,5
insipidly,1
insistent,27
insisting,154
insolence,1
insoluble,3
insolubly,0
insolvent,6
insomniac,0
insomnias,0
inspected,103
inspector,173
inspiring,356
inspirits,0
installed,589
installer,11
instanced,0
instances,272
instanter,0
instantly,246
instating,0
instigate,11
instilled,34
instincts,74
institute,108
instructs,20
insulated,31
insulates,3
insulator,3
insulting,84
insurable,1
insurance,1421
insurgent,26
intaglios,1
integrals,0
integrate,150
integrity,524
intellect,32
intendeds,0
intending,57
intensely,49
intensest,0
intensify,79
intensity,256
intensive,194
intention,463
interacts,35
interbred,0
intercede,3
intercept,44
intercoms,0
interdict,8
interests,901
interface,135
interfere,113
interfile,0
interiors,61
interject,7
interlace,0
interlard,0
interline,0
interlink,2
interlock,4
interlope,0
interlude,9
interment,56
internees,1
interning,3
internist,3
interplay,39
interpose,1
interpret,73
interring,0
interrupt,36
intersect,20
intervals,64
intervene,182
interview,2269
interwove,0
intestacy,1
intestate,3
intestine,11
intimated,12
intimates,2
intranets,0
intricacy,3
intricate,148
intrigued,64
intriguer,0
intrigues,11
intrinsic,38
introduce,474
introvert,9
intruders,16
intruding,7
intrusion,44
intrusive,38
intrusted,0
intuiting,0
intuition,31
intuitive,93
inundated,82
inundates,0
invalided,1
invalidly,0
invasions,23
invective,4
inveighed,0
inveigled,0
inveigler,0
inveigles,0
inventing,22
invention,49
inventive,39
inventors,6
inventory,207
inversely,0
inversion,14
inverting,5
investing,574
investors,1987
invidious,1
inviolate,0
invisible,106
invisibly,1
invoicing,4
involving,993
irascible,5
irascibly,0
irateness,0
irksomely,1
ironclads,0
ironstone,0
ironwares,0
ironwoods,0
ironworks,2
irradiate,0
irregular,60
irrigable,0
irrigated,10
irrigates,0
irritable,14
irritably,0
irritants,6
irritated,30
irritates,2
irrupting,0
irruption,0
irruptive,1
isinglass,0
islanders,18
isolating,45
isolation,191
isomerism,0
isometric,4
isosceles,1
isotherms,0
issuances,10
isthmuses,0
italicize,0
itchiness,1
itemizing,3
iterating,6
iteration,101
iterative,8
itinerant,3
itinerary,32
jabberers,0
jabbering,0
jacaranda,0
jackasses,0
jackboots,1
jackknife,2
jackstraw,0
jacquards,0
jadedness,0
jaggedest,0
jailbirds,0
jailbreak,7
jailbroke,0
jalapenos,9
jalousies,0
jambalaya,2
jamborees,2
japanning,0
jarringly,0
jaundiced,2
jaundices,0
jauntiest,0
jawboning,3
jaywalked,0
jaywalker,0
jealously,5
jeeringly,0
jellybean,0
jellyfish,25
jellylike,0
jellyroll,0
jeremiads,1
jerkiness,0
jerkwater,0
jessamine,0
jestingly,1
jetliners,4
jettisons,1
jewellers,6
jewellery,145
jewelling,0
jewelries,1
jiggering,0
jiggliest,0
jigsawing,0
jihadists,13
jingliest,0
jingoisms,0
jingoists,0
jinriksha,0
jitterbug,2
jitterier,0
jiujitsus,0
jobholder,0
jockeying,8
jockstrap,1
jocularly,0
jocundity,0
joineries,0
jolliness,0
jollities,0
jounciest,0
journeyed,9
journeyer,0
joustings,0
joviality,0
joyfuller,0
joylessly,0
joyridden,0
joyriders,1
joyriding,0
joysticks,4
judgement,126
judgeship,0
judgments,47
judiciary,165
judicious,9
juiciness,3
jukeboxes,0
julienned,0
juliennes,0
jumpiness,0
jumpsuits,5
junctions,70
junctures,2
junketeer,0
junketers,0
junketing,0
junkyards,0
juridical,2
jurywoman,0
jurywomen,0
justified,131
justifies,26
juveniles,38
juxtapose,3
kaddishes,0
kamikazes,0
kangaroos,9
kayakings,0
keelhauls,0
keepsakes,2
kenneling,0
kennelled,0
kerchiefs,1
kerosenes,0
kerosines,0
keyboards,26
keynoters,0
keynoting,0
keystones,0
keystroke,1
kibbutzim,9
kibitzers,0
kibitzing,0
kickbacks,10
kickballs,0
kickstand,4
kidnapers,0
kidnaping,0
kidnapped,196
kidnapper,6
kielbasas,0
killdeers,0
kilobytes,0
kilocycle,0
kilograms,84
kilohertz,1
kiloliter,0
kilometer,13
kilometre,36
kilowatts,3
kindliest,0
kindlings,0
kinematic,0
kingliest,0
kingships,0
kinkiness,0
kinsfolks,0
kinswoman,0
kinswomen,0
kippering,0
kitschier,0
kittenish,0
kiwifruit,0
klutziest,0
knapsacks,1
knaveries,0
knavishly,0
knighting,0
knittings,0
knitwears,0
knobbiest,0
knockdown,9
knockoffs,1
knockouts,19
knotholes,0
knottiest,0
knowingly,52
knowledge,1205
knuckling,2
kookiness,0
koshering,0
kowtowing,6
kvetchers,0
kvetching,1
labelling,48
laborious,8
labouring,5
laburnums,0
labyrinth,39
lacerated,4
lacerates,0
lacewings,0
laceworks,0
lachrymal,0
lacquered,0
lacrosses,0
lactating,4
lactation,11
laddering,0
ladybirds,2
ladyloves,0
ladyships,0
laetriles,0
laggardly,0
lagnappes,0
lagniappe,0
lakefront,16
lallygags,0
lambasted,30
lambastes,0
lambently,0
lambskins,0
lamebrain,0
lamenting,27
laminated,4
laminates,0
lampblack,1
lamplight,1
lampooned,8
lampposts,12
lampshade,0
landfalls,2
landfills,25
landlines,7
landlords,176
landmarks,86
landowner,30
landscape,899
landslide,178
landwards,0
languages,237
languidly,0
lankiness,0
lanthanum,0
lapboards,0
larboards,0
larcenies,3
larcenist,1
larcenous,0
largeness,0
largesses,0
larkspurs,0
laryngeal,0
lassitude,0
lastingly,0
latchkeys,0
latecomer,1
latencies,0
lateraled,1
laterally,3
lathering,1
latitudes,6
laudanums,0
laudatory,1
laughable,24
laughably,7
laughings,0
laughters,0
launchers,30
launching,445
launchpad,9
laundered,13
launderer,0
laundress,0
laundries,2
laureates,1
lavaliere,0
lavaliers,0
lavenders,2
lavishest,0
lavishing,5
lawgivers,0
lawlessly,0
lawmakers,714
lawmaking,7
lawnmower,8
laxatives,3
laxnesses,0
layerings,0
laypeople,3
layperson,1
lazybones,0
leafleted,0
leafstalk,0
leakiness,0
leapfrogs,0
learnedly,0
learnings,20
leaseback,1
leasehold,23
leastways,0
leastwise,0
leavening,0
lecheries,0
lecherous,0
lecithins,0
lecturers,30
lecturing,7
leeriness,0
leftovers,39
leftwards,1
legaleses,0
legalisms,0
legalized,40
legalizes,1
legations,0
legendary,400
legginess,0
legionary,1
legislate,24
leisurely,27
leitmotif,2
leitmotiv,0
lemonades,2
lengthens,3
lengthier,6
lengthily,2
leniences,0
leniently,3
leprosies,0
lessening,5
lethargic,10
letterers,1
lettering,11
leukaemia,25
leukemias,1
leukemics,0
leukocyte,0
levellers,0
levelling,34
levelness,0
leveraged,51
leverages,38
leviathan,2
levitated,1
levitates,0
liability,166
libations,5
libellers,0
libelling,0
libellous,2
liberally,9
liberated,40
liberates,3
liberator,0
liberties,47
libertine,0
libidinal,0
librarian,20
libraries,154
librettos,0
licencing,10
licensees,13
licensing,197
licorices,0
lifeblood,27
lifeboats,13
lifebuoys,0
lifeguard,27
lifelines,3
lifesaver,24
lifestyle,489
lifetimes,13
lifeworks,0
ligaments,12
ligations,1
ligatured,0
ligatures,0
lightened,7
lightener,0
lightface,0
lightings,1
lightness,8
lightning,169
lightship,0
likeliest,8
limbering,0
limelight,63
limericks,1
limestone,25
limitless,26
limousine,10
limpidity,0
linchpins,1
lineament,0
linearity,0
lingerers,0
lingeries,0
lingering,116
linguines,0
linguinis,0
linguists,3
liniments,0
linoleums,0
lionesses,0
lionizing,2
lipreader,0
lipsticks,4
liquefied,31
liquefies,0
liquidate,6
liquidity,133
liquidize,0
liquified,10
liquifies,0
liquorice,2
liquoring,0
listeners,165
listening,533
literally,550
literates,0
litheness,0
lithesome,0
litigants,13
litigated,9
litigates,0
litigator,6
litigious,7
litterbug,0
litterers,0
littering,25
littorals,0
liturgies,4
liturgist,0
liveliest,2
liverwort,0
liveryman,0
liverymen,0
livestock,222
loadstars,0
loadstone,0
loanwords,0
loathings,0
loathsome,6
lobbyists,38
localized,29
localizes,0
locations,1060
locavores,0
locksmith,4
locksteps,0
locoweeds,0
locutions,0
lodestars,0
lodestone,0
loftiness,1
logarithm,0
logically,16
logicians,0
logistics,225
logotypes,0
loincloth,1
loiterers,1
loitering,20
lollipops,5
lollygags,0
lollypops,0
loneliest,5
longboats,0
longevity,124
longhairs,0
longhands,0
longhorns,0
longingly,1
longitude,3
longueurs,0
lookalike,17
loopholes,34
looseness,1
loosening,28
loquacity,0
lordliest,0
lordships,0
lorgnette,0
lotteries,10
loudmouth,4
lousiness,0
loutishly,0
lovebirds,14
lovechild,1
loveliest,6
loveseats,0
lowercase,3
lowermost,2
lowlander,0
lowliness,1
lownesses,0
loyalisms,0
loyalists,45
loyallest,0
loyalties,18
lubricant,10
lubricate,2
lubricity,0
lucidness,0
luckiness,0
lucrative,162
lucubrate,0
ludicrous,30
lullabies,0
lumberers,0
lumbering,3
lumberman,0
lumbermen,1
lumpiness,0
luncheons,3
lunchroom,4
lunchtime,97
lunkheads,0
luridness,0
lustfully,0
lustiness,0
lutanists,0
lutenists,0
lutetiums,0
luxuriant,0
luxuriate,2
luxurious,180
lymphatic,7
lymphomas,1
lynchings,4
lynchpins,0
lyrebirds,0
lyrically,7
lyricisms,0
lyricists,3
macadamia,7
macaronis,0
macaroons,1
macerated,1
macerates,0
machinate,0
machinery,148
machining,3
machinist,5
machismos,0
macintosh,0
mackerels,0
mackinaws,0
macrocosm,0
maddening,4
madhouses,0
madnesses,0
madrasahs,0
madrassas,2
madrigals,2
maelstrom,6
magazines,91
magically,33
magicians,9
magnesias,0
magnesium,52
magnetise,0
magnetism,7
magnetite,2
magnetize,1
magnified,17
magnifier,0
magnifies,6
magnitude,145
magnolias,4
maharajah,0
maharajas,1
maharanee,0
maharanis,0
maharishi,0
mailboxes,14
mainframe,6
mainlands,0
mainlined,1
mainlines,0
mainmasts,0
mainsails,0
mainstays,9
maintains,199
maiolicas,0
majesties,0
majolicas,0
majordomo,1
majorette,1
makeovers,4
makeshift,106
malachite,1
maladroit,1
malamutes,0
malarkeys,0
malathion,2
malformed,1
malicious,129
malignant,14
maligning,4
malignity,0
malingers,0
malleable,9
maltreats,0
mammalian,5
mammogram,20
manacling,0
mandarins,2
mandating,27
mandatory,259
mandibles,2
mandolins,0
mandrakes,0
mandrills,0
maneuvers,49
manganese,21
manginess,0
mangroves,21
manhandle,1
manically,2
manicured,11
manicures,2
manifesto,188
manifests,20
manifolds,2
manliness,0
mannequin,9
mannerism,0
mannikins,0
mannishly,0
manoeuvre,30
manometer,0
manpowers,0
mantillas,0
mantissas,0
mapmakers,0
marabouts,0
marathons,36
marauders,4
marauding,9
marbleize,0
marblings,0
margarine,4
margarita,16
mariachis,0
marigolds,3
marihuana,0
marijuana,217
marinaded,0
marinades,2
marinaras,0
marinated,17
marinates,0
maritally,0
marjorams,0
markdowns,6
marketeer,1
marketers,73
marketing,737
marmalade,6
marmoreal,0
marmosets,2
marooning,0
marquetry,1
marquises,0
marriages,88
marshaled,3
marshiest,0
marshland,3
marsupial,2
martially,0
martinets,0
martyrdom,36
martyring,0
marveling,4
marvelled,4
marvelous,10
marzipans,0
mascaraed,0
masculine,30
masochism,0
masochist,0
masonries,0
massacred,14
massacres,41
massaging,14
masseuses,2
massively,120
masterful,28
masteries,0
mastering,25
mastheads,2
masticate,0
mastodons,0
matchbook,2
matchless,1
matchlock,0
matchwood,0
materials,1031
materiels,0
maternity,103
matriarch,26
matricide,0
matrimony,2
mattering,4
maturated,0
maturates,0
maundered,0
mausoleum,7
mavericks,5
mawkishly,0
maxillary,0
maximally,3
maximized,4
maximizes,6
mayflower,0
mayoralty,4
mazourkas,0
meagerest,0
mealiness,0
mealtimes,10
mealybugs,0
meandered,2
meantimes,0
meanwhile,442
measliest,0
measuring,118
meatballs,16
meatiness,1
mechanics,118
mechanism,191
mechanize,0
medalists,8
medallion,10
medallist,78
mediaeval,4
mediating,10
mediation,65
mediators,54
medicaids,0
medically,75
medicares,0
medicated,8
medicates,0
medicinal,32
medicines,154
meditated,1
meditates,1
megabucks,0
megabytes,3
megacycle,0
megadeath,0
megahertz,1
megaliths,1
megaphone,15
megawatts,72
melamines,0
melanomas,0
meliorate,0
mellowest,0
mellowing,1
melodious,6
melodrama,14
meltdowns,10
membranes,10
mementoes,2
memorable,387
memorably,15
memoranda,11
memorials,31
memorized,2
memorizes,1
menagerie,3
mendacity,4
mendicant,1
menhadens,0
meningeal,0
menopause,82
menstrual,47
menswears,0
mentalist,2
mentality,152
mentioned,1047
mentoring,69
mercenary,24
mercerize,0
merchants,66
merciless,13
mercurial,10
mercuries,0
merganser,0
meridians,0
meringues,1
merriment,6
merriness,0
mescaline,1
mesmerism,0
mesmerize,2
mesomorph,0
mesquites,0
messaging,262
messenger,32
messianic,6
messieurs,0
messiness,4
messmates,0
mestizoes,0
metabolic,42
metacarpi,0
metalwork,3
metaphors,8
metatarsi,0
meteorite,14
meteoroid,0
methadone,17
methadons,0
methanols,0
methought,0
metricate,0
metricize,0
metronome,0
mezzanine,16
microbial,17
microchip,30
microcosm,16
microdots,0
microfilm,0
microloan,0
microwave,51
middleman,12
middlemen,16
midnights,0
midpoints,0
midstream,9
midsummer,5
midwifery,11
midwifing,0
midwinter,1
midwiving,0
mightiest,1
migraines,15
migrating,23
migration,344
migratory,28
mildewing,0
mileposts,1
milestone,470
militancy,13
militants,231
militated,0
militates,0
milkiness,0
milkmaids,0
milkshake,23
milkweeds,0
millennia,29
millepede,0
milliards,0
millibars,1
milligram,1
milliners,0
millinery,1
millionth,6
millipede,0
millponds,0
millraces,0
millstone,1
mimickers,1
mimicking,39
mimicries,0
mincemeat,0
mindfully,6
minefield,10
miniature,62
minibikes,0
minibuses,4
minimally,19
minimized,16
minimizes,24
miniscule,14
miniskirt,9
ministers,584
minoxidil,3
minstrels,1
minuscule,11
minuteman,0
minutemen,0
mirroring,32
mirthless,0
misbehave,5
miscalled,0
mischance,0
mischiefs,1
miscounts,1
miscreant,3
misdirect,2
misdoings,0
miserable,104
miserably,14
misfiling,0
misfiring,11
misfitted,0
misgiving,0
misgovern,0
misguided,59
misguides,0
mishandle,1
misinform,3
misjudged,11
misjudges,1
mislabels,0
mislaying,0
mismanage,2
misnaming,0
misnomers,0
misplaced,39
misplaces,0
misplayed,0
misprints,0
misquoted,4
misquotes,0
misreport,0
misruling,0
misshaped,0
misshapen,7
misshapes,0
missilery,0
missioner,0
misspeaks,0
misspells,0
misspends,0
misspoken,0
misstated,18
misstates,0
mistaking,9
mistiming,0
mistiness,0
mistletoe,4
mistreats,0
mistrials,0
mistrusts,0
mitigated,23
mitigates,7
mnemonics,1
mobilized,40
mobilizer,0
mobilizes,2
moccasins,3
mockeries,0
mockingly,7
modelings,0
modelling,78
moderated,45
moderates,20
moderator,20
modernism,4
modernist,12
modernity,21
modernize,43
modesties,0
modifiers,4
modifying,19
modulated,5
modulates,2
modulator,1
moistened,2
moistener,0
moistness,0
moistures,0
moldboard,1
moldering,0
moldiness,0
molecular,38
molecules,45
molehills,2
moleskins,0
molesters,2
molesting,9
mollified,0
mollifies,0
molluscan,1
molluskan,0
momentary,18
momentous,54
momentums,0
monarchic,0
monastery,26
monastics,0
monetized,5
monetizes,0
moneybags,1
mongering,5
mongolism,0
mongoloid,0
mongooses,0
monickers,0
monitions,0
monitored,175
monkeying,0
monkshood,0
monocular,0
monodists,0
monograms,1
monograph,1
monoliths,1
monologue,38
monomania,0
monoplane,0
monorails,0
monotones,1
monoxides,0
monsignor,0
monsoonal,3
monstrous,49
monthlies,0
monuments,47
moodiness,1
moonbeams,0
moonlight,6
moonscape,2
moonshine,3
moonshots,1
moonstone,0
moonwalks,1
moorlands,2
moralists,0
moralized,0
moralizer,0
moralizes,0
moratoria,0
morbidity,4
mordantly,0
morphemes,0
morphemic,0
morphines,0
morphings,0
mortality,140
mortaring,0
mortgaged,6
mortgagee,1
mortgager,0
mortgages,102
mortgagor,0
mortician,0
morticing,0
mortified,18
mortifies,0
mortising,0
mosquitos,9
mossbacks,0
mothballs,2
mothering,2
motioning,3
motivated,339
motivates,27
motivator,13
motocross,12
motorbike,82
motorboat,6
motorcade,20
motorcars,1
motorists,337
motorized,15
motorizes,0
mouldered,0
mouldiest,0
mouldings,2
mountable,0
mountains,299
mountings,0
mournings,0
mousetrap,1
mousiness,0
moustache,22
mouthfuls,3
mouthiest,0
mouthwash,7
moveables,0
movements,346
moviegoer,2
mucilages,0
muckraked,0
muckraker,0
muckrakes,0
muddiness,0
mudguards,0
mudslides,11
muensters,0
mugginess,0
mujahedin,0
mulattoes,0
muleteers,0
mulligans,0
mullioned,0
multiform,0
multiples,21
multiplex,7
multitude,79
mummeries,0
mummified,6
mummifies,0
munchkins,0
mundanely,1
municipal,261
munitions,78
muralists,1
murderers,37
murderess,0
murdering,106
murderous,41
murkiness,1
murmurers,0
murmuring,2
murmurous,0
muscatels,0
mushiness,0
mushrooms,103
musicales,0
musically,20
musicians,310
musketeer,0
muskiness,0
muskmelon,0
mustached,0
mustaches,1
mustachio,0
mustering,7
mustiness,0
mutations,36
mutilated,23
mutilates,0
mutilator,0
mutineers,1
mutinying,0
mutterers,0
muttering,9
mutuality,2
myrmidons,1
mysteries,77
mysticism,3
mystified,4
mystifies,0
mystiques,0
mythology,60
nailbrush,0
naiveties,0
nakedness,1
namedrops,1
nameplate,6
namesakes,1
napalming,0
napoleons,0
narcissus,0
narcotics,72
narcotize,0
narrating,19
narration,18
narrative,621
narrators,8
narrowest,10
narrowing,34
nasalized,0
nasalizes,0
nascences,0
nastiness,7
nationals,204
nattering,0
nattiness,0
naturally,339
naughtier,0
naughtily,0
nauseated,0
nauseates,0
navigable,5
navigated,39
navigates,51
navigator,7
naysayers,25
neatening,0
necessary,1630
necessity,156
necklaces,19
necklines,1
necrology,0
necropoli,0
nectarine,0
needfully,0
neediness,0
nefarious,60
negations,0
negatived,0
negatives,30
neglected,123
negligees,0
negligent,50
negotiate,205
negritude,0
neighbors,345
neighbour,194
nematodes,3
neodymium,5
neolithic,0
neologism,0
neophytes,2
neoplasms,0
neoprenes,0
nepenthes,0
nephrites,0
nephritic,0
nephritis,0
nepotisms,0
nepotists,0
neptunium,0
nerveless,2
nerviness,0
nervously,14
nestlings,2
networked,4
neuralgia,2
neuralgic,0
neuritics,0
neurology,8
neurotics,0
neutering,6
neutrally,5
neutrinos,4
nevermore,0
newcomers,127
newlyweds,21
newnesses,0
newscasts,5
newsgirls,0
newsgroup,0
newspaper,484
newsprint,4
newsreels,0
newsrooms,16
newsstand,3
newswoman,0
newswomen,0
nickering,0
nicknacks,0
nicknamed,65
nicknames,18
nicotines,0
niggardly,0
nightcaps,1
nightclub,119
nightfall,7
nightgown,0
nighthawk,1
nightlife,57
nightlong,0
nightmare,236
nightspot,3
nighttime,60
nightwear,1
nihilisms,0
nihilists,1
nineteens,0
ninetieth,0
nippiness,0
nitpicked,0
nitpicker,0
nitrating,0
nitration,0
nitrogens,0
nobeliums,0
nobleness,0
nocturnal,27
nocturnes,0
noiseless,2
noisiness,0
nominally,7
nominated,388
nominates,1
nominator,1
nonactive,0
noncombat,1
noncredit,0
nondrying,0
nonentity,1
nonevents,0
nonexempt,0
nonfading,0
nonflying,0
nonlethal,2
nonlinear,6
nonliving,0
nonmember,0
nonmetals,0
nonnative,1
nonpareil,0
nonpaying,0
nonperson,0
nonplused,0
nonpluses,0
nonporous,0
nonprofit,388
nonpublic,1
nonracial,1
nonrandom,0
nonsenses,0
nonsexist,0
nonsexual,0
nonsmoker,0
nonsocial,0
nonverbal,4
nonviable,2
nonvoters,0
nonvoting,1
nonwhites,1
noontides,0
noontimes,0
normality,25
normalize,30
normative,6
northeast,167
northerly,18
northward,12
northwest,228
nosebleed,1
nosecones,0
nosedived,4
nosedives,1
nostalgia,142
nostalgic,102
notarized,5
notarizes,0
notations,3
notebooks,24
notepaper,0
notifiers,0
notifying,31
notoriety,36
notorious,162
nourished,4
nourishes,6
novelette,0
novelists,3
novelized,0
novelizes,0
novelties,2
novitiate,0
nucleated,0
nucleates,0
nucleolus,0
nucleuses,0
nuisances,7
nullified,16
nullifies,1
nullities,0
numbering,10
numbskull,0
numerable,0
numerated,0
numerates,0
numerator,0
numerical,11
numskulls,0
nunneries,0
nurseling,0
nursemaid,1
nurseries,41
nurslings,0
nurturers,0
nurturing,156
nutrients,126
nutriment,0
nutrition,198
nutritive,1
nutshells,0
nuttiness,1
oarswoman,0
oarswomen,0
obbligati,0
obbligato,0
obedience,27
obeisance,5
obesities,0
obfuscate,6
objectify,2
objecting,26
objection,90
objective,1853
objectors,11
objurgate,0
oblations,0
obligated,53
obligates,1
obliquely,4
obliquity,0
oblivions,0
oblivious,33
obloquies,0
obnoxious,24
obscenely,2
obscenest,0
obscenity,11
obscurely,0
obscurest,0
obscuring,14
obscurity,13
obsequies,0
observant,21
observers,165
observing,104
obsessing,6
obsession,110
obsessive,28
obsidians,0
obsolesce,0
obsoleted,1
obsoletes,0
obstacles,221
obstetric,3
obstinacy,0
obstinate,2
obstructs,5
obtaining,156
obtruding,0
obtrusion,0
obtrusive,1
obviating,1
obviation,0
obviously,914
occasions,436
occluding,0
occlusion,1
occlusive,0
occultism,2
occultist,1
occupancy,71
occupants,159
occupiers,29
occupying,70
occurring,152
octagonal,2
octopuses,4
odalisque,0
oddnesses,0
odometers,0
oenophile,1
oesophagi,0
offenders,284
offending,149
offensive,1152
offerings,335
offertory,1
offhanded,1
officials,3727
officiant,6
officiate,11
officious,1
offloaded,24
offprints,0
offshoots,3
offspring,47
ohmmeters,0
oilcloths,0
ointments,3
oldnesses,0
oleanders,1
olfactory,6
oligarchs,19
oligarchy,11
oligopoly,1
ombudsman,29
ombudsmen,0
omelettes,2
ominously,12
omissions,11
omnibuses,0
omnivores,0
oncogenes,0
onenesses,0
onerously,0
onionskin,0
onlookers,57
onlooking,5
onrushing,10
onslaught,101
opacities,0
openworks,0
operating,1252
operation,1460
operative,44
operators,422
operettas,0
opponents,570
opportune,7
opposites,8
oppressed,42
oppresses,3
oppressor,11
optically,5
opticians,7
optimally,10
optimisms,0
optimists,7
optimized,45
optimizes,15
optioning,0
optometry,5
opulences,0
opulently,0
orangeade,0
orangutan,3
oratories,0
oratorios,0
orbicular,0
orchestra,70
ordaining,2
orderlies,3
ordinance,156
ordinates,0
ordnances,1
organdies,0
organelle,1
organisms,51
organists,1
organized,450
organizer,75
organizes,21
orgiastic,1
orientals,0
orientate,0
orienting,4
originals,35
originate,23
ornaments,43
orneriest,0
orphanage,22
orphaning,1
orthodoxy,13
oscillate,8
osculated,0
osculates,0
ossifying,0
osteopath,3
ostracism,4
ostracize,0
ostriches,2
otherwise,738
oubliette,1
ourselves,813
outargued,0
outargues,0
outboards,0
outboasts,0
outboxing,0
outbreaks,95
outbursts,21
outdoorsy,8
outermost,4
outerwear,10
outfacing,0
outfields,0
outfights,0
outfitted,26
outfitter,4
outflanks,0
outfought,2
outfoxing,1
outgrowth,1
outgunned,15
outhouses,0
outlasted,11
outlawing,8
outlaying,0
outlining,89
outliving,2
outnumber,9
outplaced,0
outplaces,0
outplayed,20
outpoints,0
outputted,0
outracing,0
outraging,8
outranked,4
outriders,1
outrigger,0
outscored,58
outscores,1
outshined,4
outshines,4
outshouts,0
outsiders,62
outskirts,115
outsmarts,0
outsource,14
outspends,0
outspoken,91
outspread,0
outstayed,1
outstrips,4
outstript,0
outvoting,1
outwardly,9
outweighs,24
outwitted,2
outworked,5
ovenbirds,0
overacted,0
overarmed,0
overawing,0
overbears,0
overbites,0
overblown,18
overboard,33
overbooks,0
overborne,0
overbuild,0
overbuilt,1
overcasts,0
overcloud,0
overcoats,3
overcomes,9
overcooks,1
overcrowd,1
overdoing,9
overdosed,9
overdoses,46
overdraft,19
overdrawn,3
overdraws,1
overdress,0
overdrive,17
overeager,2
overeaten,0
overexert,1
overfeeds,0
overfills,0
overflies,0
overflown,1
overflows,27
overgraze,0
overgrown,28
overgrows,0
overhands,0
overhangs,4
overhasty,0
overhauls,7
overheads,12
overheard,28
overhears,2
overheats,3
overjoyed,33
overkills,0
overladen,1
overlarge,0
overloads,2
overlooks,48
overlords,7
overlying,3
overnight,749
overplays,1
overpower,16
overprice,0
overprint,0
overrated,18
overrates,0
overreach,32
overreact,3
overrides,6
overruled,15
overrules,1
overseers,2
oversells,0
oversexed,0
overshare,0
overshoes,2
overshoot,7
oversight,245
oversized,82
oversleep,0
overslept,1
overspend,17
overspent,2
overspill,4
overspilt,0
overstate,13
overstays,3
oversteps,1
overstock,0
overtaken,46
overtakes,9
overtaxed,3
overtaxes,0
overthink,9
overthrew,12
overthrow,53
overtimes,1
overtired,1
overtires,0
overtones,6
overtures,7
overturns,4
overusing,0
overvalue,1
overviews,5
overwhelm,41
overworks,0
oviparous,0
ovulating,3
ovulation,10
ownership,612
oxidation,8
oxidizers,0
oxidizing,1
oxygenate,1
oxymorons,1
pacemaker,8
pachyderm,0
pacifiers,0
pacifisms,0
pacifists,1
pacifying,0
packagers,0
packaging,226
paddocked,0
padlocked,5
paganisms,0
pageantry,12
paginated,0
paginates,0
painfully,39
paintings,177
palanquin,1
palatable,26
palatines,0
palavered,0
palefaces,0
palisades,0
palladium,14
palliated,0
palliates,0
pallidest,0
palmettos,0
palmistry,0
palominos,0
palpating,1
palpation,0
palpitate,0
paltriest,0
pampering,10
pamphlets,11
pancaking,0
pandemics,19
panderers,0
pandering,15
panegyric,1
panelings,0
panelists,35
panelling,16
panhandle,10
panicking,36
panoplies,0
panoramas,1
panoramic,48
pantheism,1
pantheist,0
pantheons,0
pantomime,37
pantsuits,1
pantyhose,0
paparazzi,38
paperback,20
paperboys,0
papergirl,0
paperwork,137
papillary,1
papyruses,0
parabolas,0
parabolic,3
parachute,34
paradigms,8
paradises,4
paradoxes,2
paraffins,1
paragraph,29
parakeets,6
paralegal,3
parallels,65
paralysed,35
paralyses,0
paralysis,43
paralytic,2
paralyzed,27
paralyzes,0
paramecia,0
paramedic,75
parameter,8
paramount,116
paramours,0
paranoiac,1
paranoias,0
paranoids,0
paraquats,0
parasites,17
parasitic,15
parathion,0
parboiled,5
parceling,0
parcelled,0
parchment,17
pardoners,0
pardoning,7
paregoric,0
parentage,6
parenting,126
parlances,0
parlaying,1
parleying,0
parochial,12
parodists,0
parodying,3
paroxysms,0
parqueted,0
parquetry,0
parrakeet,0
parricide,1
parroting,8
parsimony,2
parsonage,1
partakers,0
partaking,11
parterres,1
partially,277
particles,128
partisans,13
partition,10
partitive,0
partizans,0
partnered,183
partridge,2
passbooks,3
passenger,591
passersby,18
passingly,0
passively,10
passivity,5
passports,106
passwords,75
pastiches,0
pastilles,0
pastiness,0
pastorals,1
pastorate,2
pastramis,0
pasturage,0
pasturing,0
patchiest,0
patchwork,27
patenting,0
paternity,30
pathogens,29
pathology,21
patiences,0
patienter,0
patiently,47
patriarch,30
patrician,0
patricide,0
patrimony,6
patriotic,65
patrolled,18
patrolman,2
patrolmen,0
patronage,39
patroness,1
patronize,9
pattering,0
patterned,24
paucities,0
paunchier,0
pauperism,1
pauperize,0
pavements,54
pavilions,9
pawnshops,1
paychecks,24
paymaster,2
peaceable,4
peaceably,0
peacetime,10
peachiest,0
pearliest,0
peasantry,2
pebbliest,0
peccaries,0
pectorals,0
peculated,0
peculates,0
peculator,0
pecuniary,3
pedagogic,0
pedagogue,0
pedalling,5
pederasts,0
pederasty,0
pedestals,3
pediatric,40
pedicured,0
pedicures,3
pedigreed,1
pedigrees,3
pediments,0
pedometer,1
peduncles,0
peekaboos,0
peepholes,0
peepshows,0
peeresses,0
peevishly,0
pegboards,0
peignoirs,0
pekingese,0
pellagras,0
pelleting,0
pemmicans,0
penalized,18
penalizes,2
penalties,439
penchants,0
penciling,2
pencilled,10
pendulous,1
pendulums,2
penetrate,40
peninsula,61
penitence,2
penitents,0
penknives,0
penlights,0
penniless,7
pensioned,1
pensioner,39
pensively,0
pentacles,0
pentagons,0
pentagram,2
penthouse,26
penumbrae,0
penumbras,0
penurious,0
peppering,3
pepperoni,8
peppiness,0
perceived,236
perceives,17
perchance,1
percolate,3
perdition,0
peregrine,9
perennial,80
perfectas,0
perfected,26
perfecter,0
perfectly,524
perfidies,0
perforate,0
performed,782
performer,210
perfumers,1
perfumery,1
perfuming,0
perihelia,0
perilling,0
perimeter,98
periphery,21
periscope,11
perishing,3
peristyle,0
peritonea,0
perjurers,0
perjuries,0
perjuring,1
perkiness,0
permanent,759
permeable,7
permeated,10
permeates,10
permitted,232
permuting,0
peroxided,0
peroxides,0
perpetual,49
perplexed,24
perplexes,0
persecute,4
persevere,22
persimmon,6
persisted,70
personage,0
personals,1
personify,4
personnel,867
perspired,0
perspires,0
persuaded,80
persuader,0
persuades,1
pertained,7
pertinent,52
perturbed,7
pertussis,9
pervading,5
pervasive,51
perverted,11
peskiness,0
pessimism,18
pessimist,3
pestering,3
pesticide,33
pestilent,0
petitions,64
petrified,21
petrifies,0
petroleum,130
petrology,0
petticoat,0
pettifogs,0
pettiness,3
pettishly,0
petulance,4
phagocyte,0
phalanger,0
phalanges,0
phalanxes,0
phalluses,1
phantasms,0
pharisaic,0
pharisees,0
pharynges,0
pharynxes,0
phaseouts,0
pheasants,5
phenomena,36
pheromone,2
philander,0
philately,0
philippic,0
philology,1
phishings,0
phlebitis,0
phoenixes,0
phonetics,0
phoneying,0
phoniness,0
phonology,1
phosphate,17
phosphori,0
phosphors,0
photocell,0
photocopy,4
photostat,0
phrasings,0
phrenetic,0
phylogeny,2
physicals,4
physician,154
physicist,16
physicked,0
physiques,4
pickaback,0
pickaxing,0
pickerels,0
picketing,11
picnicked,0
picnicker,0
pictorial,2
picturing,5
piecemeal,18
piecework,0
piercings,11
piggishly,0
piggyback,1
pigheaded,1
pikestaff,0
pilasters,0
pilchards,0
pilferage,0
pilferers,0
pilfering,3
pillagers,0
pillaging,2
pillboxes,0
pilloried,7
pillories,0
pillowing,0
pimientos,1
pimpernel,0
pimpliest,0
pinafores,1
pineapple,35
pinioning,0
pinnacles,1
pinochles,0
pinpoints,2
pinpricks,1
pinsetter,1
pinstripe,6
pinwheels,3
pioneered,31
piousness,0
pipelines,64
pipsqueak,0
piquantly,1
piratical,0
pirouette,1
pistachio,7
pitchfork,1
piteously,0
pithiness,0
pitifully,0
pittances,0
pituitary,2
pizzazzes,0
pizzerias,1
pizzicati,0
pizzicato,1
placarded,0
placating,2
placation,0
placatory,0
placeboes,0
placekick,0
placement,163
placentae,0
placental,0
placentas,1
placidity,0
plainness,1
plainsman,0
plainsmen,0
plainsong,0
plaintiff,63
plaintive,1
planeload,1
planetary,45
plangency,0
plankings,0
planktons,0
plantains,8
plantings,8
plantlike,0
plastered,18
plasterer,2
plastique,0
plateaued,6
platefuls,0
platelets,4
platforms,970
platinums,0
platitude,0
platooned,1
plausible,53
plausibly,8
playacted,0
playbacks,0
playbills,0
playbooks,1
playfully,25
playgirls,0
playgoers,0
playhouse,3
playlists,30
playmates,2
playrooms,0
plaything,1
playtimes,1
pleadings,5
pleasured,0
pleasures,31
plebeians,2
plectrums,1
plenaries,0
plenitude,1
plenteous,1
plentiful,31
pleonasms,0
plethoras,0
pliancies,0
plighting,0
ploughing,16
plowshare,0
pluckiest,0
plumbings,0
plummeted,59
plumpness,1
plundered,12
plunderer,0
pluralism,6
pluralist,0
plurality,24
pluralize,0
plushiest,0
plushness,3
plutocrat,0
plutonium,8
pneumatic,5
pneumonia,62
poachings,0
pocketful,0
pocketing,10
pockmarks,0
poetaster,0
poetesses,0
poignancy,4
poinciana,0
pointedly,19
pointiest,0
pointless,28
poisoners,0
poisoning,95
poisonous,42
polarized,39
polarizes,0
polemical,0
polestars,0
policeman,40
policemen,47
polishers,0
polishing,17
politburo,3
politesse,0
political,4879
politicos,2
pollinate,5
polliwogs,0
pollsters,30
pollutant,9
polluters,24
polluting,49
pollution,433
pollywogs,0
polonaise,0
poloniums,0
poltroons,0
polyamory,5
polyandry,0
polyester,29
polyglots,0
polygonal,0
polygraph,10
polyhedra,0
polymaths,0
polymeric,0
polyphony,2
polyvinyl,0
pomanders,0
pommeling,0
pommelled,0
pompadour,1
pomposity,2
pompously,0
ponderers,0
pondering,21
ponderous,1
ponytails,2
poolrooms,0
poorhouse,0
popinjays,0
poppycock,1
populaces,0
popularly,72
populated,124
populates,2
populisms,0
populists,8
porcelain,14
porcupine,1
porpoised,0
porpoises,8
porridges,0
porringer,0
portables,2
portaging,0
portended,1
portfolio,646
portholes,2
porticoes,0
portieres,0
portioned,0
portliest,0
portraits,64
portrayal,130
portrayed,182
portulaca,0
positions,1057
positives,91
positrons,1
possessed,61
possesses,62
possessor,1
possibles,0
postcards,18
postdated,1
postdates,0
posterior,6
posterity,10
posthaste,1
postilion,0
postludes,0
postmarks,0
postnasal,0
postnatal,6
postponed,206
postpones,2
postulate,2
posturing,21
potassium,35
potboiler,4
potencies,1
potentate,1
potential,4469
pothering,0
potholder,0
potholing,1
potpourri,0
potsherds,0
potteries,0
pottering,4
poulterer,0
poulticed,0
poultices,0
poultries,0
poundages,0
poundings,0
poverties,0
powdering,0
powerboat,1
powerless,39
powwowing,0
practical,481
practiced,79
practices,995
practicum,3
practised,25
practises,7
pragmatic,75
prankster,6
pratfalls,2
prattlers,0
prattling,0
prayerful,1
preachers,10
preachier,0
preaching,34
preambles,1
precancel,0
precedent,128
preceding,51
preceptor,1
precincts,33
precipice,19
precisely,175
precisest,0
precising,0
precision,167
precluded,4
precludes,6
precocity,0
precooked,0
precursor,37
predating,7
predators,81
predatory,46
predicate,4
predicted,464
predictor,6
predigest,0
preempted,3
preexists,0
prefabbed,0
prefacing,0
prefatory,1
preferred,408
prefigure,0
prefixing,0
preformed,1
pregnancy,380
preheated,3
prejudged,0
prejudges,0
prejudice,80
prelacies,0
premature,84
premiered,115
premieres,57
premising,0
premisses,0
premixing,0
premolars,0
preoccupy,0
preordain,0
preparing,677
prepaying,2
preppiest,0
prerecord,0
presaging,0
presbyter,0
preschool,45
prescient,14
prescribe,37
prescript,0
preseason,218
presences,2
presented,1198
presenter,327
presently,380
preserved,109
preserver,1
preserves,33
preshrank,0
preshrink,0
preshrunk,0
president,4808
presiding,62
presidium,0
presorted,0
pressings,3
pressured,97
pressures,384
prestiges,0
presuming,5
pretences,8
pretended,33
pretender,2
pretenses,5
preterite,0
preterits,0
pretested,0
prettiest,9
prettying,1
prevailed,78
prevalent,126
prevented,239
previewed,17
prevision,0
priceless,46
pricklier,0
prickling,0
priestess,3
primacies,0
primaeval,0
primaries,103
primarily,571
primitive,28
primroses,1
princedom,0
principal,408
principle,292
printable,2
printings,0
printouts,3
prismatic,1
prisoners,300
prissiest,0
privacies,0
privateer,1
privately,209
privatest,0
privation,0
privatize,3
privilege,319
proactive,274
probables,0
probating,0
probation,184
probities,0
proboscis,2
procaines,0
procedure,373
proceeded,140
processed,254
processes,614
processor,112
proclaims,16
proconsul,0
procreate,5
proctored,0
procurers,0
procuring,18
prodigals,0
prodigies,1
producers,430
producing,465
profanely,0
profaning,1
profanity,11
professed,12
professes,2
professor,650
proffered,9
profiling,22
profiteer,0
profiting,14
profusely,8
profusest,0
profusion,5
progenies,0
prognoses,0
prognosis,35
programed,0
programer,0
programme,1320
prohibits,78
projected,414
projector,23
prolapsed,0
prolapses,0
prolixity,0
prologues,1
prolonged,194
promenade,31
prominent,566
promising,519
promoters,37
promoting,627
promotion,515
prompters,0
promptest,0
prompting,309
proneness,0
pronghorn,1
pronounce,24
proofread,2
propagate,10
propelled,94
propeller,9
properest,0
prophetic,12
proponent,32
proposals,557
proposers,0
proposing,155
propounds,0
propriety,10
prorating,0
prorogued,1
prorogues,0
proscenia,0
proscribe,1
prosecute,131
proselyte,0
prosodies,0
prospects,387
prospered,10
prostates,2
prostrate,2
protected,525
protector,56
protested,97
protester,57
protestor,11
protocols,147
prototype,63
protozoan,1
protozoic,0
protozoon,0
protracts,0
protruded,2
protrudes,1
provender,0
provident,0
providers,571
providing,2084
provinces,182
provision,412
provisoes,0
provokers,0
provoking,31
provolone,1
prowesses,0
proximate,3
proximity,171
prudences,0
prudently,6
pruderies,0
prudishly,0
prurience,0
psalmists,1
pseudonym,25
psoriases,0
psoriasis,9
psychical,1
psychoses,1
psychosis,26
psychotic,23
ptarmigan,3
ptomaines,0
puberties,0
pubescent,2
publicans,7
publicist,32
publicity,104
publicize,9
published,1355
publisher,111
publishes,23
puckering,1
puckishly,0
puddlings,0
pudginess,0
puerility,0
puerperal,0
puffballs,2
puffiness,4
pugilisms,0
pugilists,1
pugnacity,0
pullbacks,1
pullovers,1
pulmonary,26
pulpiness,0
pulpwoods,0
pulsating,18
pulsation,1
pulverize,2
pummeling,3
pummelled,9
puncheons,0
punchiest,0
punctilio,0
punctuate,6
punctured,22
punctures,4
pungently,0
punishing,63
puppeteer,3
purchased,1888
purchaser,15
purchases,314
purebreds,0
purgative,0
purgatory,14
purifiers,10
purifying,9
purloined,0
purported,84
purposely,24
purposing,0
pursuance,1
purulence,0
purveying,0
purveyors,4
pushcarts,0
pushiness,0
pushovers,0
pussycats,0
pussyfoot,1
putrefied,0
putrefies,0
putterers,0
puttering,1
pyorrheas,0
pyorrhoea,0
pyramidal,1
pyramided,0
pyromania,0
quadrants,2
quadratic,1
quadrille,1
quadrivia,0
quadruped,0
quadruple,22
quagmires,0
quaintest,0
qualified,444
qualifier,60
qualifies,46
qualities,194
quarreled,2
quarreler,0
quarrying,7
quartered,2
quarterly,563
quartette,1
quatrains,0
quavering,0
queasiest,0
queenlier,0
queerness,11
quenchers,0
quenching,2
querulous,0
questions,2343
quibblers,0
quibbling,0
quickened,7
quicklime,1
quickness,16
quicksand,8
quickstep,2
quiescent,3
quietness,6
quietudes,0
quietuses,0
quiltings,0
quintette,0
quintuple,2
quipsters,0
quirkiest,3
quislings,0
quitclaim,0
quittance,0
quivering,4
quizzical,3
quotation,14
quotidian,2
quotients,0
rabbeting,0
rabbinate,1
rabidness,0
racehorse,3
racetrack,19
racialism,0
racialist,0
racketeer,0
racketing,0
raconteur,3
radiances,0
radiantly,3
radiating,5
radiation,111
radiators,31
radically,55
radicchio,0
radiogram,0
radiology,6
raffishly,0
raggedest,0
raggedier,0
railroads,17
raincoats,8
raindrops,2
rainfalls,2
rainmaker,2
rainproof,0
rainstorm,11
rainwater,55
ramequins,0
ramifying,0
rampaging,12
rampantly,0
ramrodded,0
ranchings,0
rancidity,1
rancorous,2
randiness,0
randomize,0
ranginess,0
ransacked,22
ransomers,0
ransoming,0
rapacious,4
rapeseeds,0
rapidness,0
rappelled,1
rapturous,12
rarefying,0
raspberry,20
ratcheted,8
ratifiers,0
ratifying,4
rationale,61
rationals,0
rationing,11
raucously,2
raunchier,1
raunchily,1
ravelling,0
ravishers,0
ravishing,5
rawnesses,0
razorback,0
reabsorbs,0
reachable,10
reacquire,8
reactants,0
reactions,286
readdress,0
readiness,182
readjusts,1
readopted,0
reaffirms,29
realigned,5
realistic,244
realities,153
realizing,103
reanalyze,0
reanimate,1
reappears,7
reapplied,1
reapplies,0
reappoint,4
rearguard,10
rearrange,12
rearrests,0
rearwards,1
reascends,0
reasoners,0
reasoning,100
reasserts,1
reassigns,0
reassured,89
reassures,10
reattains,0
reattempt,0
reawakens,1
rebelling,10
rebellion,70
rebidding,1
rebinding,0
reboiling,0
rebooting,7
rebounded,53
rebuffing,2
reburials,1
reburying,0
rebuttals,1
rebutting,1
recalling,97
recanting,1
recapping,7
recapture,38
recasting,11
receipted,0
receivers,131
receiving,1204
recentest,0
reception,400
receptive,28
receptors,15
recessing,0
recession,191
recessive,0
recharged,11
recharges,5
recharter,0
rechecked,0
recherche,0
recipient,158
reckoning,54
reclaimed,40
recliners,4
reclining,9
reclusive,17
recognize,481
recoiling,2
recollect,3
recolored,0
recombine,0
recommend,483
recommits,0
recompose,0
recompute,0
reconcile,57
recondite,0
reconfirm,1
reconnect,52
reconquer,0
reconsign,0
recontact,0
reconvene,12
reconvert,0
recooking,0
recopying,0
recorders,7
recording,481
recounted,143
recouping,6
recourses,1
recovered,683
recreants,0
recreated,31
recreates,9
recrossed,0
recrosses,0
recruited,142
recruiter,14
rectangle,8
rectified,18
rectifier,0
rectifies,1
rectitude,3
rectories,0
recumbent,0
recurrent,31
recurring,133
recycling,280
redacting,1
redaction,1
redactors,0
redbreast,0
reddening,0
redeemers,0
redeeming,11
redefined,33
redefines,6
redeliver,0
redeploys,0
redeposit,0
redesigns,4
redevelop,28
redheaded,4
redialing,0
redialled,0
redirects,5
redivided,0
redivides,0
redlining,4
rednesses,0
redolence,0
redoubled,3
redoubles,0
redounded,0
redrafted,0
redrawing,3
redressed,2
redresses,0
reducible,0
reduction,529
reductive,7
redundant,71
reechoing,0
reediness,0
reediting,0
reeducate,3
reelected,42
reembarks,0
reemerged,3
reemerges,0
reemploys,0
reenacted,3
reenforce,0
reengaged,0
reengages,0
reenlists,0
reentered,2
reentries,1
reexamine,2
reexplain,0
reexports,0
refashion,1
refastens,0
refection,0
refectory,1
referable,0
reference,568
referenda,2
referents,0
referrals,56
referrers,0
referring,466
refilling,9
refinance,18
refitting,2
reflected,427
reflector,2
reflexion,0
reflexive,2
refocused,11
refocuses,0
refolding,0
reforests,0
reforging,0
reformers,7
reforming,50
refortify,0
refracted,2
refrained,30
refreezes,0
refreshed,59
refresher,18
refreshes,8
refueling,23
refuelled,1
refulgent,0
refunding,8
refurbish,31
refurnish,0
refutable,0
regaining,28
regarding,1323
regathers,0
regencies,1
regicides,0
regiments,7
registers,28
registrar,37
regrading,0
regressed,7
regresses,0
regretful,5
regretted,50
regrouped,13
regrowing,1
regrowths,0
regularly,872
regulated,148
regulates,25
regulator,204
rehabbing,7
rehanging,0
rehashing,2
rehearing,1
rehearsal,91
rehearsed,12
rehearses,4
reheating,3
rehousing,2
reignited,26
reignites,3
reimburse,31
reimposed,7
reimposes,0
reindeers,2
reinfects,0
reinforce,97
reinserts,0
reinspect,1
reinstate,36
reinvents,2
reinvests,0
reissuing,1
reiterate,49
rejecting,91
rejection,132
rejoicing,10
rejoinder,2
rejoining,20
rejudging,0
rekindled,24
rekindles,1
relabeled,0
relapsing,2
relations,663
relatives,348
relaxants,1
relearned,0
releasing,281
relegated,70
relegates,2
relenting,5
relevance,107
relevancy,7
reliances,0
relievers,18
relieving,20
relighted,0
religions,45
religious,794
reliquary,0
relishing,21
relivable,0
reloading,4
relocated,129
relocates,3
reluctant,154
remainder,184
remaining,1246
remanding,2
remapping,4
remarking,23
remarried,22
remarries,0
rematches,2
remeasure,0
remedying,2
remelting,0
remembers,182
remigrate,0
reminders,52
reminding,162
reminisce,21
remission,26
remitting,2
remodeled,11
remolding,0
remounted,1
removable,28
renascent,0
rendering,95
rendition,87
renegades,2
renewable,385
renounced,10
renounces,0
renovated,111
renovates,2
renovator,1
renumbers,0
reopening,133
reordered,2
reorients,0
repackage,0
repacking,3
repainted,4
repairers,3
repairing,70
repairman,6
repairmen,1
reparable,0
repartees,0
repayable,2
repayment,75
repealing,21
repeaters,1
repeating,110
repellant,2
repellent,25
repelling,9
repentant,2
repenting,2
repertory,3
rephrased,2
rephrases,0
replacing,348
replanted,7
replaying,1
replenish,30
repletion,0
replicate,107
reportage,9
reporters,898
reporting,1167
reposeful,0
repossess,4
reprehend,0
represent,841
repressed,13
represses,1
repricing,3
reprieved,0
reprieves,3
reprimand,11
reprinted,5
reprisals,18
reprising,36
reprobate,1
reprocess,2
reproduce,27
reprogram,3
reproving,0
reptilian,3
republics,7
republish,1
repudiate,3
repugnant,7
repulsing,1
repulsion,3
repulsive,8
reputable,77
reputably,1
reputedly,1
requested,581
requiring,334
requisite,40
requitals,0
requiters,0
requiting,0
rereading,6
rerecords,0
rerouting,8
rerunning,0
resalable,0
rescinded,32
resealing,2
resection,1
reseeding,0
reselling,16
resembled,29
resembles,56
resentful,11
resenting,3
reserpine,0
reserving,15
reservist,21
reservoir,90
resetting,14
resettled,13
resettles,0
reshaping,64
resharpen,0
reshipped,0
reshuffle,32
residence,565
residency,110
residents,4019
residuals,4
resigning,44
resilient,273
resistant,86
resisters,2
resisting,67
resistors,3
resolving,86
resonance,32
resonated,100
resonates,91
resonator,0
resorting,46
resounded,2
resourced,11
resources,1948
respected,296
respecter,1
respelled,0
respiring,0
responded,1374
responses,331
resprayed,1
restaffed,0
restarted,25
restating,4
restfully,0
restively,0
restocked,7
restorers,2
restoring,168
restrains,1
restraint,89
restricts,26
restrings,0
restrooms,33
restudied,0
restudies,0
restyling,2
resubmits,0
resultant,18
resulting,670
resurface,19
resurgent,16
resurrect,23
resurveys,0
retailers,368
retailing,15
retainers,2
retaining,148
retaliate,65
retardant,6
retarders,0
retarding,0
reteaches,0
retelling,22
retention,172
retentive,0
retesting,4
rethought,3
reticence,8
retooling,5
retorting,0
retouched,1
retouches,0
retracing,6
retracted,17
retrained,2
retreaded,0
retreated,41
retrieval,23
retrieved,63
retriever,13
retrieves,2
retrodden,0
retrofire,0
retrofits,1
returnees,14
returners,5
returning,1062
retweeted,6
reunified,4
reunifies,0
reuniting,39
revaluing,2
revamping,14
revealing,367
reveilles,0
revellers,25
revelling,3
revelries,1
revenging,0
revenuers,0
reverence,34
reverends,1
reversals,14
reversely,0
reversing,73
reversion,5
reverting,8
revetment,1
reviewers,58
reviewing,218
revisions,45
revisited,38
revocable,1
revokable,0
revolting,9
revolvers,3
revolving,43
revulsion,5
rewarding,205
rewarming,0
rewashing,0
reweaving,0
rewedding,0
reweighed,0
rewinding,5
rewording,0
reworking,6
rewriting,17
rewritten,14
rhapsodic,0
rheostats,0
rhetorics,0
rheumatic,1
rheumiest,0
rhinoceri,0
rhomboids,0
rhombuses,0
rhymester,0
ricketier,0
rickracks,0
rickshaws,3
ricochets,3
riddances,0
riderless,3
ridership,20
ridgepole,0
ridiculed,32
ridicules,0
righteous,31
rightisms,0
rightists,0
rightmost,0
rightness,3
rightsize,0
rightward,4
rigidness,0
rigmarole,1
ringsides,0
ringtones,1
ringworms,0
riotously,0
riposting,0
riskiness,0
ritualism,1
rivalling,9
rivalries,28
riverbank,14
riverbeds,1
riverboat,1
riverside,30
rivetting,0
roadblock,25
roadhouse,0
roadkills,0
roadshows,7
roadsides,7
roadsters,1
roadworks,72
roastings,0
robberies,60
robocalls,5
robotized,0
robotizes,0
robustest,0
rockbound,0
rocketing,12
rockfalls,2
rockiness,0
roentgens,0
rogueries,0
roguishly,0
roistered,0
roisterer,0
rollbacks,3
rollicked,0
rollovers,3
romancers,0
romancing,2
romantics,5
rookeries,0
roomettes,0
roominess,0
roommates,33
rosewater,0
rosewoods,0
rotations,19
rottenest,0
rotundity,0
roughages,0
roughened,0
roughneck,0
roughness,5
roughshod,7
roulettes,0
roundelay,0
roundness,1
roundworm,0
routinely,147
routinize,0
rowdiness,2
rowdyisms,0
rowelling,0
royalists,1
royalties,47
rubberier,0
rubberize,0
rubbishes,0
rubidiums,0
rucksacks,1
ruddiness,0
rudiments,3
ruffianly,0
ruggedest,0
ruination,1
ruinously,0
rumblings,16
ruminants,2
ruminated,1
ruminates,0
rummaging,7
rumouring,0
runabouts,2
runaround,2
rupturing,4
rusticate,0
rusticity,0
rustiness,2
rustproof,0
rutabagas,0
ruthenium,0
sabotaged,10
sabotages,3
saboteurs,9
saccharin,0
sackcloth,0
sacrament,7
sacrifice,291
sacrilege,6
sacristan,0
saddening,4
saddlebag,0
sadnesses,1
safariing,0
safeguard,206
safflower,0
sagacious,1
sagebrush,5
sailboard,0
sailboats,1
sailcloth,0
sailplane,0
sainthood,7
saintlier,0
saintlike,0
salaaming,0
salacious,16
salesgirl,0
saleslady,0
saliences,0
saliently,0
salivated,0
salivates,0
sallowest,0
saltboxes,0
saltiness,6
saltpeter,0
saltpetre,0
saltwater,15
salvaging,10
salvation,38
samariums,0
samplings,2
sanatoria,0
sanctions,387
sanctuary,122
sandbanks,1
sandblast,1
sandboxes,3
sandiness,0
sandpaper,4
sandpiper,0
sandstone,29
sandstorm,0
sangfroid,0
sanitaria,0
sanitized,12
sanitizes,0
sapiences,0
sapphires,4
sappiness,1
sapsucker,0
sarcastic,38
sarcomata,0
sartorial,15
sashaying,1
sassafras,1
satanical,0
satanisms,0
satanists,1
satellite,316
satiating,1
satiation,2
satieties,0
satinwood,0
satirical,41
satirists,1
satirized,0
satirizes,1
satisfied,252
satisfies,15
saturated,67
saturates,1
saturnine,0
saucepans,2
sauciness,0
sauntered,4
sauropods,0
sauternes,0
savannahs,3
savoriest,0
savourier,0
savouries,2
savouring,7
sawhorses,0
saxifrage,1
saxophone,20
scabbards,0
scabbiest,0
scaffolds,0
scalawags,0
scaleless,1
scaliness,0
scallions,12
scalloped,4
scampered,7
scandiums,0
scansions,0
scantiest,0
scantness,0
scapegoat,19
scapulars,0
scarecrow,4
scaredest,0
scarified,1
scarifies,0
scariness,1
scatology,1
scattered,202
scavenged,1
scavenger,12
scavenges,0
scenarios,216
scenarist,0
sceneries,0
scentless,0
sceptical,40
scheduled,1322
schedules,136
schematic,3
schilling,0
schizoids,0
schlemiel,0
schlepped,0
schmaltzy,0
schmalzes,0
schmoozed,0
schmoozes,0
schnauzer,2
schnitzel,1
schnozzle,0
scholarly,18
schoolbag,0
schoolboy,35
schooling,55
schooners,2
schussing,0
sciaticas,0
scientist,211
scimitars,1
scintilla,3
scissored,0
scleroses,0
sclerosis,23
sclerotic,3
scofflaws,3
scoldings,0
scolioses,0
scoliosis,8
scolloped,0
scoopfuls,0
scorbutic,0
scorchers,0
scorching,51
scorecard,18
scoreless,98
scorpions,5
scotching,0
scoundrel,5
scourging,1
scoutings,0
scrabbled,0
scrabbler,0
scrabbles,0
scraggier,0
scrambled,74
scrambler,6
scrambles,19
scramming,0
scrapbook,5
scrapheap,0
scrappers,0
scrappier,0
scrapping,51
scrapyard,3
scratched,46
scratches,38
scrawling,0
scrawnier,0
screamers,0
screaming,186
screeched,5
screeches,4
screening,340
screwball,4
screwiest,0
screwworm,4
scribbled,15
scribbler,0
scribbles,1
scrimmage,58
scrimping,2
scrimshaw,1
scripting,6
scripture,28
scrivener,0
scrofulas,0
scrolling,92
scrounged,1
scrounger,0
scrounges,0
scrubbers,2
scrubbier,0
scrubbing,28
scruffier,0
scruffily,0
scrunched,2
scrunches,0
scrunchie,2
scrupling,0
scuffling,3
scullions,0
sculpting,8
sculptors,7
sculpture,126
scummiest,0
scuppered,7
scurfiest,0
scurrying,8
scurviest,0
scutcheon,0
scuttling,4
scuzziest,0
seaboards,1
seacoasts,0
seafarers,19
seafaring,12
seafloors,0
seafronts,0
seahorses,0
sealskins,0
seaplanes,1
searchers,11
searching,451
seascapes,1
seashells,5
seashores,1
seasoning,40
seatmates,2
seawaters,0
seaworthy,5
sebaceous,3
seborrhea,0
secession,18
secluding,0
seclusion,12
seclusive,0
secondary,458
seconders,0
seconding,0
secrecies,0
secretary,839
secreting,0
secretion,4
secretive,43
secretory,0
sectarian,18
sectaries,0
sectional,27
sectioned,7
sedations,0
sedatives,3
sedentary,14
sediments,16
seditions,0
seditious,6
seduction,6
seductive,22
seedcases,0
seediness,0
seedlings,24
seemingly,613
seemliest,0
seesawing,2
segmented,5
segregate,7
seigneurs,0
seigniors,0
selecting,148
selection,836
selective,79
selectman,2
selectmen,1
selectors,13
seleniums,0
selfishly,11
selvedges,0
semantics,6
semaphore,0
semblance,24
semesters,11
semicolon,0
semifinal,148
semigloss,0
semiotics,0
semisolid,1
semisweet,0
semitones,0
semivowel,0
semolinas,0
senescent,1
seniority,11
senoritas,0
sensation,177
senseless,62
sensitive,471
sensitize,2
sensually,0
sentenced,852
sentences,221
sentience,1
sentiment,399
sentinels,3
separable,0
separably,0
separated,233
separates,52
separator,1
septettes,0
sepulcher,0
sepulchre,0
sequenced,8
sequences,75
sequester,7
sequinned,3
seraglios,0
serenaded,9
serenades,3
sergeants,7
serialize,0
serigraph,0
seriously,848
sermonize,0
serration,0
servicing,62
serviette,0
servility,0
servitors,0
servitude,5
setscrews,0
seventeen,19
seventies,17
severally,8
severance,29
sewerages,0
sextettes,0
sextuplet,0
sexuality,116
shabbiest,0
shackling,1
shadiness,1
shadowbox,0
shadowier,0
shadowing,9
shaggiest,0
shakedown,2
shakeouts,0
shakiness,0
shallower,4
shallowly,0
shambling,0
shameless,25
shampooed,0
shampooer,0
shamrocks,4
shanghais,0
shantungs,0
shapeless,3
shapelier,0
sharecrop,0
shareware,0
sharkskin,0
sharpened,16
sharpener,3
sharpness,19
shattered,138
sheathing,0
sheeniest,0
sheepdogs,0
sheepfold,0
sheepskin,6
sheerness,0
sheetings,0
sheetlike,0
sheikdoms,0
sheikhdom,0
shellacks,0
shellfire,2
shellfish,21
sheltered,54
shelvings,0
shepherds,11
sherberts,0
shielding,34
shiftiest,0
shiftless,0
shiitakes,0
shillalah,0
shillings,5
shimmered,1
shimmying,1
shinbones,0
shingling,0
shinguard,0
shininess,0
shinnying,0
shipboard,1
shiploads,0
shipmates,2
shipments,98
shipowner,0
shippings,0
shipshape,0
shipwreck,25
shipyards,9
shirrings,0
shirtings,0
shirtless,29
shirttail,0
shittiest,0
shivering,11
shlemiels,0
shlepping,0
shmaltzes,0
shoddiest,1
shoehorns,0
shoelaces,5
shoemaker,1
shoeshine,2
shoetrees,0
shogunate,2
shootings,132
shootouts,11
shoplifts,0
shoppings,0
shoptalks,0
shorebird,2
shoreline,73
shortages,222
shortcake,4
shortcuts,19
shortened,67
shortfall,99
shorthand,22
shorthorn,0
shortness,21
shortstop,47
shortwave,4
shoulders,257
shovelful,0
shoveling,6
shovelled,4
showboats,0
showcased,231
showcases,183
showdowns,8
showering,22
showgirls,4
showiness,0
showpiece,20
showplace,0
showrooms,12
shrapnels,0
shredders,1
shredding,17
shrewdest,2
shrieking,6
shrillest,0
shrilling,0
shrimping,0
shrinkage,7
shrinking,80
shriveled,3
shrouding,0
shrubbery,11
shrubbier,1
shrugging,11
shuddered,3
shufflers,0
shuffling,13
shutdowns,23
shuttered,57
shuttling,4
shynesses,0
sibilants,0
sibylline,0
sickening,39
sickliest,0
sickrooms,0
sideboard,1
sideburns,8
sidekicks,6
sidelight,1
sidelined,132
sidelines,214
sidepiece,0
sideshows,4
sidesteps,5
sideswipe,1
sidetrack,1
sidewalks,80
sidewalls,2
sightings,123
sightless,2
sightlier,0
sightread,0
sightseer,0
signalers,0
signaling,109
signalize,0
signalled,47
signalman,1
signalmen,0
signatory,16
signature,416
signboard,1
signified,9
signifies,72
signorina,0
signorine,0
signposts,1
silencers,1
silencing,19
silentest,0
silicates,0
siliceous,0
silicious,0
silicones,2
silicoses,0
silicosis,1
silkiness,0
silkworms,0
silliness,13
silvering,1
similarly,227
simmering,29
simonized,0
simonizes,0
simpatico,0
simpering,1
simpleton,1
simulated,43
simulates,4
simulator,31
simulcast,8
sincerely,81
sincerest,13
sincerity,30
sinecures,1
singleton,2
singsongs,0
singulars,0
sinkholes,6
sinuosity,0
sinusitis,2
siphoning,10
sissified,0
sitarists,0
situating,1
situation,3035
sixpences,0
sixteenth,4
sixtieths,0
skedaddle,0
skeletons,22
skeptical,119
sketchers,0
sketchier,0
sketchily,1
sketching,6
skewering,2
skimpiest,0
skincares,0
skinflick,0
skinflint,0
skinheads,2
skinniest,0
skintight,6
skippered,4
skittered,0
skivvying,0
skullcaps,0
skydivers,5
skydiving,8
skyjacked,0
skyjacker,0
skylarked,0
skylights,2
skyrocket,30
skywriter,0
slackened,1
slackness,0
slaloming,0
slandered,1
slanderer,0
slangiest,0
slantwise,0
slaphappy,0
slapstick,13
slathered,4
slatterns,0
slaughter,58
slaveries,0
slavering,1
slavishly,1
sleaziest,0
sleekness,0
sleepiest,1
sleepless,22
sleepover,6
sleepwalk,1
sleepwear,3
sleetiest,0
sleighing,0
slenderer,0
slickness,2
slideshow,14
slightest,52
slighting,0
sliminess,0
slimmings,0
slingshot,9
slinkiest,0
slipcases,0
slipcover,1
slipknots,0
slippages,3
slithered,2
slivering,0
slobbered,0
sloppiest,1
slouchers,0
slouchier,0
slouching,2
sloughing,1
slowdowns,8
slowpokes,0
sludgiest,0
sluggards,0
slumbered,0
slumbrous,0
slumlords,0
slummiest,0
slushiest,0
sluttiest,0
slynesses,0
smallness,3
smarmiest,0
smartened,2
smartness,0
smeariest,0
smelliest,0
smidgeons,0
smilingly,0
smirching,0
smockings,0
smoggiest,1
smokeless,6
smokiness,3
smoldered,0
smooching,2
smoothest,4
smoothies,30
smoothing,19
smothered,20
smoulders,1
smudgiest,0
smugglers,37
smuggling,113
smuttiest,0
snaffling,1
snakebite,7
snakelike,0
snappiest,1
snapshots,21
snarkiest,0
snarliest,0
snatchers,3
snatching,34
snazziest,0
sneakiest,0
snickered,0
sniffling,1
sniggered,0
snippiest,0
snitching,2
snivelers,0
sniveling,1
snivelled,0
snobbiest,0
snookered,0
snoopiest,0
snootiest,0
snorkeled,1
snorkeler,3
snottiest,0
snowballs,5
snowbanks,0
snowbirds,3
snowboard,4
snowbound,2
snowdrift,0
snowdrops,6
snowfalls,3
snowfield,0
snowflake,8
snowiness,0
snowplows,3
snowshoed,0
snowshoes,2
snowstorm,35
snowsuits,1
snuffling,0
snuggling,9
soapboxes,0
soapiness,0
soapstone,2
sobbingly,0
soberness,0
sobriquet,2
sociables,1
socialism,25
socialist,65
socialite,32
socialize,21
societies,128
sociology,23
sociopath,9
sodomites,0
sodomized,0
sodomizes,0
softballs,0
softbound,0
softeners,2
softening,34
softwares,3
softwoods,0
sogginess,0
sojourned,0
sojourner,0
solariums,0
solderers,0
soldering,3
soldiered,4
soldierly,0
solecisms,0
solemness,0
solemnest,0
solemnify,0
solemnity,3
solemnize,1
solenoids,1
solicited,23
solicitor,125
solidness,0
soliloquy,2
solipsism,0
solitaire,3
solitudes,0
solstices,2
solutions,1182
somberest,0
sombreros,0
someplace,13
somersets,0
something,7209
sometimes,1658
somewhere,557
somnolent,0
sonatinas,0
songbirds,5
songbooks,1
songfests,0
songsters,0
sonograms,1
sophistic,0
sophistry,1
sophomore,280
soporific,1
sorcerers,9
sorceress,2
sorceries,0
soreheads,0
sorriness,0
sorrowful,3
sorrowing,1
sortieing,0
soulfully,0
soulmates,5
soundings,0
soundless,2
soundness,10
sourdough,26
southeast,207
southerly,23
southerns,0
southpaws,1
southward,12
southwest,182
souvenirs,22
sovereign,123
spaceport,4
spaceship,21
spacesuit,3
spacewalk,11
spaciness,0
spadefuls,0
spadework,2
spaghetti,44
spandexes,0
spangling,0
spankings,0
spareness,0
spareribs,0
sparingly,23
sparkiest,0
sparklers,3
sparkling,90
spasmodic,0
spatially,5
spattered,3
speakeasy,6
spearfish,0
spearhead,28
spearmint,2
specially,109
specialty,237
specifics,88
specified,108
specifies,8
specimens,28
speckling,0
spectacle,159
spectator,36
spectrums,1
speculate,78
speedboat,6
speediest,1
speedings,0
speedster,20
speedways,0
speedwell,0
spellbind,0
spelldown,0
spellings,6
spelunker,0
spendable,0
spendings,0
sphagnums,0
spherical,11
spheroids,0
sphincter,5
spiciness,5
spiderweb,0
spiffiest,0
spikiness,0
spillages,4
spillover,19
spillways,0
spinaches,0
spindlier,0
spindling,0
spineless,5
spinnaker,0
spinneret,0
spinnings,0
spinsters,0
spiracles,0
spiraling,30
spiralled,18
spiriting,1
spiritual,299
spitballs,0
spitfires,0
spittoons,0
splashier,0
splashily,0
splashing,33
splatters,5
splatting,0
splayfeet,0
splayfoot,0
splendors,0
splendour,13
splenetic,1
splinters,2
splintery,0
splinting,0
splitting,83
splotched,0
splotches,1
splurging,7
splutters,0
spoilages,0
spokesman,777
spokesmen,5
spongiest,0
sponsored,270
spookiest,4
spoonbill,1
spoonfuls,0
spoonsful,0
sportiest,2
sportsman,14
sportsmen,10
spotlight,377
spottiest,0
spraining,2
sprawling,124
spreaders,1
spreading,334
sprightly,6
springbok,0
springier,0
springily,0
springing,17
sprinkled,37
sprinkler,11
sprinkles,14
sprinters,6
sprinting,36
spritzers,4
spritzing,0
sprockets,0
sprouting,9
spunkiest,0
sputtered,4
squabbled,0
squabbler,0
squabbles,8
squadrons,7
squalider,0
squalidly,0
squallier,0
squalling,0
squanders,1
squashier,0
squashing,3
squatness,0
squatters,28
squattest,0
squatting,15
squawkers,0
squawking,2
squeakers,0
squeakier,0
squeakily,0
squeaking,7
squealers,0
squealing,4
squeamish,4
squeegeed,0
squeegees,0
squeezers,1
squeezing,36
squelched,2
squelches,0
squiggled,0
squiggles,0
squintest,0
squinting,4
squirmier,0
squirming,3
squirrels,34
squirting,2
squishier,0
squishing,7
srirachas,0
stabbings,33
stability,637
stabilize,93
stableman,0
stablemen,0
staccatos,0
staffings,0
stagehand,0
staggered,31
stagnancy,0
stagnated,11
stagnates,0
staidness,0
stainless,48
staircase,84
stairways,2
stairwell,17
stakeouts,0
stalemate,47
staleness,1
stalkings,0
stallions,3
stalwarts,22
stammered,2
stammerer,0
stampeded,3
stampedes,7
stanchest,0
stanching,1
stanchion,1
standards,1092
standings,151
standoffs,4
standouts,18
standpipe,1
starboard,9
starchier,0
starchily,0
starching,0
stardusts,0
stargazed,0
stargazer,2
stargazes,0
starkness,0
starlight,8
starlings,6
starriest,3
startling,62
statehood,57
stateless,11
statelier,0
statement,5180
stateroom,0
stateside,21
statesman,29
statesmen,10
stationed,153
stationer,1
statistic,67
statuette,1
statutory,138
staunched,0
stauncher,0
staunches,0
staunchly,23
steadfast,121
steadiest,2
steadying,3
steamboat,1
steamiest,1
steamroll,6
steamship,3
steeliest,0
steelyard,0
steepened,0
steepness,0
steerable,0
steerages,0
steerings,0
steersman,0
steersmen,0
stemwares,0
stenciled,0
stepchild,1
sterility,1
sterilize,3
sterlings,0
sternness,0
steroidal,2
stevedore,0
stewarded,3
stickiest,0
sticklers,0
stickpins,0
stiffened,4
stiffener,0
stiffness,25
stigmatic,0
stilettos,11
stillborn,11
stillness,14
stimulant,13
stimulate,87
stingiest,2
stingrays,1
stinkbugs,0
stinkiest,1
stippling,1
stipulate,15
stirrings,2
stitchery,0
stitching,17
stockaded,0
stockades,1
stockiest,0
stockinet,0
stockings,14
stockpile,23
stockpots,0
stockroom,1
stockyard,0
stodgiest,0
stoically,8
stoicisms,0
stolidest,0
stolidity,0
stomached,1
stomacher,0
stonewall,3
stoneware,2
stonework,12
stoniness,0
stopcocks,0
stoplight,2
stopovers,3
stoppages,16
stoppered,0
stoppling,0
stopwatch,3
storeroom,9
stormiest,2
storybook,12
stoutness,0
stovepipe,1
stowaways,2
straddled,5
straddler,0
straddles,12
straggled,0
straggler,2
straggles,0
straights,2
strainers,1
straining,32
straitens,0
stranding,10
strangely,44
strangers,132
strangest,10
strangled,45
strangler,0
strangles,0
strapless,16
strapping,7
stratagem,3
strategic,1130
streakers,0
streakier,0
streaking,7
streamers,45
streaming,1078
streetcar,8
strengths,179
strenuous,23
stressful,149
stressing,128
stretched,165
stretcher,34
stretches,167
striation,0
strictest,12
stricture,1
stridency,1
strikeout,66
stringent,83
stringers,1
stringier,0
stringing,11
stripiest,0
stripling,0
strippers,2
stripping,46
strollers,10
strolling,24
strongbox,0
strongest,291
strongman,31
strongmen,6
strontium,1
stropping,0
structure,875
struggled,754
struggles,600
strumming,4
strumpets,0
strutting,11
stubbiest,0
stubblier,0
stuccoing,0
studbooks,0
studdings,0
studiedly,0
stuffiest,0
stuffings,0
stumblers,0
stumbling,47
stumpiest,0
stupefied,3
stupefies,0
stupidest,4
stupidity,22
sturdiest,0
sturgeons,0
stuttered,6
stutterer,1
stylishly,7
stylistic,8
stylizing,0
stymieing,0
suaveness,0
suavities,0
subaltern,0
subarctic,0
subatomic,3
subbranch,1
subdivide,4
subfamily,0
subgroups,3
subhumans,1
subjected,197
subjoined,0
subjugate,5
subleased,1
subleases,0
sublimate,1
sublimely,2
sublimest,0
subliming,0
sublimity,0
submarine,101
submerged,70
submerges,0
submersed,0
submerses,0
submitted,789
subnormal,0
suborders,0
suborning,0
subpenaed,0
subpoenas,21
subscribe,77
subscript,0
subsidies,186
subsiding,9
subsidize,25
subsisted,3
substance,382
substrata,0
substrate,13
subsuming,1
subsystem,2
subtenant,0
subtitled,4
subtitles,24
subtopics,2
subtotals,0
subtracts,1
subtropic,0
suburbans,0
suburbias,0
subverted,10
succeeded,156
successes,180
successor,200
succoring,0
succotash,0
succoured,0
succulent,13
succumbed,78
suckering,0
sucklings,0
suctioned,1
sufferers,28
suffering,936
sufficing,0
suffixing,0
suffocate,8
suffragan,0
suffrages,1
suffusing,1
suffusion,0
sugarcane,14
sugarcoat,8
sugariest,0
sugarless,1
sugarplum,0
suggested,1270
suitcases,35
sukiyakis,0
sulfurous,0
sulkiness,0
sullenest,0
sulphured,0
sultanate,1
sultriest,0
summaries,24
summarily,10
summarize,19
summation,12
summering,0
summoners,0
summoning,20
summonsed,3
summonses,6
sumptuous,27
sunbathed,0
sunbather,0
sunbathes,0
sunblocks,0
sunbonnet,0
sunburned,2
sunbursts,0
sundering,0
sunfishes,0
sunflower,23
sunlights,0
sunniness,0
sunscreen,68
sunshades,1
sunshines,0
sunstroke,3
suntanned,1
superbest,0
supercity,2
superegos,0
superfine,0
superhero,150
superiors,12
supermoms,0
supernova,14
superpose,0
supersede,9
supersize,0
superstar,248
supervene,0
supervise,32
supplants,0
suppliant,0
suppliers,202
supplying,140
supported,1445
supporter,278
supposing,1
suppurate,0
supremacy,64
supremely,22
surceased,0
surceases,0
surcharge,136
surcingle,0
surfacing,19
surfboard,7
surfeited,0
surgeries,175
surliness,0
surmising,0
surmounts,0
surpassed,121
surpasses,21
surplices,0
surplused,0
surpluses,16
surprised,787
surprises,177
surrender,152
surrogacy,33
surrogate,29
surrounds,55
surtaxing,0
surveying,28
surveyors,7
survivals,1
surviving,183
survivors,348
suspected,684
suspended,798
suspender,0
suspenses,0
suspicion,429
sustained,654
suzerains,0
swaddling,0
swaggered,2
swallowed,46
swampiest,0
swampland,0
swankiest,1
swansdown,0
swarthier,0
swastikas,3
swaybacks,0
swearword,0
sweatband,0
sweatiest,2
sweatshop,2
sweepings,1
sweetened,15
sweetener,9
sweetmeat,0
sweetness,49
swellhead,0
swellings,3
sweltered,1
sweptback,0
swiftness,2
swimmings,0
swimsuits,8
swindlers,0
swindling,4
swineherd,0
swirliest,0
switchers,3
switching,210
swiveling,1
swivelled,2
swooshing,1
swordfish,4
swordplay,0
swordsman,1
swordsmen,0
sybarites,0
sybaritic,0
sycamores,1
sycophant,2
syllabify,0
syllables,4
syllogism,0
sylphlike,0
symbioses,0
symbiosis,5
symbiotic,16
symbolism,38
symbolize,16
symmetric,1
symphonic,4
symposium,30
synagogal,0
synagogue,68
syncopate,0
syndicate,44
syndromes,5
synergies,20
synergism,1
syntactic,1
syntheses,0
synthesis,26
synthetic,125
syphoning,2
syringing,0
systemics,0
tabbouleh,3
tableland,0
tabletops,1
tableware,1
tabulated,3
tabulates,0
tabulator,3
tacitness,0
tackiness,1
tactfully,1
tactician,20
tactility,0
taffrails,0
tailbacks,18
tailcoats,0
tailgated,0
tailgater,1
tailgates,2
taillight,2
tailoring,39
tailpipes,1
tailspins,2
tailwinds,17
takeovers,23
talismans,4
talkative,9
tallyhoed,0
tamaracks,0
tamarinds,0
tamperers,0
tampering,74
tandooris,0
tangerine,7
tangibles,0
tanneries,2
tantalise,2
tantalize,5
tantalums,0
tapelines,0
tapeworms,1
tarantula,2
tardiness,2
targeting,650
tarmacked,2
tarnished,42
tarnishes,2
tarpaulin,6
tarragons,0
tasseling,0
tasselled,0
tasteless,9
tastiness,1
tattering,0
tattooers,0
tattooing,6
tattooist,1
tautening,0
tautology,1
tawdriest,0
taxations,0
taxidermy,5
taximeter,0
taxonomic,2
taxpayers,263
taxpaying,4
teachable,3
teachings,58
teacupful,0
teakettle,0
tealights,0
teammates,441
teamsters,0
teamworks,0
teardrops,0
tearfully,13
teargases,0
teaspoons,13
technical,856
technique,218
tectonics,0
tediously,0
teenagers,249
teensiest,0
teetering,13
teethings,0
telecasts,7
telegenic,0
telegrams,4
telegraph,11
telemeter,0
telemetry,9
telepathy,4
telephone,140
telephony,1
telephoto,28
teleplays,0
telescope,45
teletexts,0
telethons,0
televised,120
televises,1
tellingly,6
telltales,0
tellurium,0
temperate,19
tempering,2
templates,25
temporary,836
temporize,0
temptress,0
tenacious,20
tenancies,14
tenanting,0
tenderest,1
tendering,14
tenderize,1
tenements,6
tenseness,0
tensities,0
tentacled,2
tentacles,14
tentative,55
tenuities,0
tenuously,1
tepidness,0
terabytes,8
termagant,0
terminals,55
terminate,65
ternaries,0
terracing,0
terrapins,1
terrarium,1
terrazzos,0
terrified,163
terrifies,2
territory,760
terrorism,289
terrorist,515
terrorize,10
terseness,0
testament,406
testators,0
testatrix,0
testicles,8
testified,234
testifier,0
testifies,14
testimony,363
testiness,0
tetanuses,0
tetchiest,0
tethering,4
textbooks,34
textually,0
texturing,0
thalliums,0
thankless,8
thatchers,0
thatching,0
theatrics,11
theocracy,6
theoretic,0
theorists,37
theorized,10
theorizes,1
theosophy,0
therapies,76
therapist,132
therefore,830
thereunto,0
thereupon,0
therewith,1
thermally,3
thermoses,1
thesaurus,1
thespians,2
thiamines,0
thickened,4
thickener,2
thickness,30
thievings,0
thighbone,2
thinkable,0
thinkings,0
thirstier,0
thirstily,0
thirsting,3
thirteens,0
thirtieth,0
thorniest,1
thousands,1932
thraldoms,0
thralldom,0
thralling,0
thrashers,0
thrashing,36
threaders,0
threadier,0
threading,5
threatens,160
threefold,12
threesome,11
threshers,0
threshing,0
threshold,241
thriftier,1
thriftily,0
thrillers,28
thrilling,243
throatier,0
throatily,0
throbbing,3
thronging,1
throttled,3
throttler,0
throttles,0
throwaway,13
throwback,49
thrumming,3
thrusting,7
thumbnail,5
thumbtack,1
thumpings,1
thundered,6
thunderer,0
thwackers,0
thwacking,0
thwarting,18
thyroidal,0
ticketing,32
ticktocks,0
tidelands,0
tidewater,0
tightened,50
tightener,0
tightness,19
tightrope,23
tightwads,0
tigresses,0
timbering,0
timeliest,1
timepiece,7
timetable,91
timidness,1
timothies,0
timpanist,0
tinctured,0
tinctures,4
tinderbox,2
tingliest,0
tinglings,0
tinkerers,1
tinkering,28
tinniness,0
tinplates,0
tinseling,0
tinselled,0
tinsmiths,0
tipsiness,0
tiptoeing,1
tiredness,24
titaniums,0
titillate,1
titivated,0
titivates,0
tittering,2
tittivate,0
toadstool,1
toadyisms,0
toastiest,0
tobaccoes,0
toboggans,1
toileting,3
toilettes,0
tokenisms,0
tolerable,10
tolerably,1
tolerance,108
tolerated,90
tolerates,5
tollbooth,0
tollgates,0
tomahawks,2
tomboyish,0
tombstone,11
tomorrows,0
tonsorial,0
tonsuring,0
toolboxes,1
toolmaker,3
toothache,3
toothiest,0
toothless,12
toothpick,2
toothsome,2
topflight,6
topiaries,0
topically,3
toreadors,0
tormented,16
tormenter,1
tormentor,3
tornadoes,78
torpedoed,9
torpedoes,7
torpidity,0
torridity,0
torsional,0
tortillas,25
tortoises,8
torturers,2
torturing,19
torturous,11
totalling,157
totterers,0
tottering,3
touchable,1
touchdown,604
touchiest,0
toughened,4
toughener,0
toughness,39
towelette,0
towelings,0
towelling,1
towheaded,0
townhouse,32
townsfolk,5
townships,12
traceable,9
traceries,0
trackball,0
trackless,2
tractable,1
tractably,0
tractions,1
trademark,112
tradeoffs,5
tradesman,4
tradesmen,6
tradition,649
traducers,0
traducing,0
tragedian,0
tragedies,58
trainable,2
trainings,24
trainload,0
traipsing,2
trammeled,1
tramplers,0
trampling,7
transacts,1
transcend,36
transects,0
transepts,0
transfers,178
transfixt,0
transform,389
transfuse,0
transient,24
transited,3
translate,148
transmits,8
transmute,1
transpire,13
transport,943
transpose,2
transship,0
trapdoors,0
trapezium,0
trapezoid,1
trappings,15
trashiest,3
traumatic,150
travailed,0
travelers,214
traveling,432
travelled,350
traveller,39
travelogs,0
traversal,4
traversed,15
traverses,5
treachery,7
treadling,0
treadmill,26
treasured,79
treasurer,75
treasures,77
treatable,17
treatises,1
treatment,2157
trellised,0
trellises,1
trematode,0
trembling,12
tremulous,4
trenchant,2
trenchers,0
trenching,2
trendiest,3
trialling,6
triangles,8
triathlon,42
tribalism,5
tribesman,1
tribesmen,4
tribunals,18
tributary,6
tricepses,0
trichinae,0
trichinas,0
trickiest,5
trickling,15
trickster,5
tricolors,0
tricolour,2
tricycles,8
triennial,4
trifectas,0
trifocals,0
triggered,321
trillions,36
trilliums,0
trilobite,0
trilogies,1
trimarans,0
trimester,19
trimmings,23
trinities,0
triplexes,0
triptychs,1
trisected,0
triteness,0
triumphal,2
triumphed,59
triumvirs,0
trivalent,0
trivially,1
trombones,1
troopship,0
troubling,155
trouncers,0
trouncing,6
trousseau,0
troweling,0
trowelled,0
truancies,0
truanting,1
truckings,0
truckling,0
truckload,6
truculent,1
trueloves,0
trumpeted,6
trumpeter,8
truncated,12
truncates,0
truncheon,1
trundlers,0
trundling,3
trustiest,0
tubercles,0
tuberoses,0
tuckering,0
tularemia,0
tumblings,0
tumescent,0
tunefully,0
tungstens,0
tunnelers,1
tunneling,4
tunnelled,3
tunneller,0
turbidity,4
turbofans,0
turbojets,1
turboprop,3
turbulent,99
turducken,1
turgidity,0
turmerics,0
turnabout,0
turncoats,3
turnovers,174
turnpikes,0
turnstile,3
turntable,7
turpitude,0
turquoise,18
tutelages,0
tutorials,28
tutorship,0
twaddlers,0
twaddling,0
twangiest,0
tweediest,0
twentieth,11
twiddlier,0
twiddling,1
twiggiest,0
twilights,0
twingeing,0
twinkling,22
twirliest,0
twistiest,0
twitchier,0
twitching,2
twittered,0
twopences,0
tympanist,0
tympanums,0
typecasts,0
typefaces,1
typewrite,0
typewrote,0
typically,1011
typifying,0
tyrannies,1
tyrannize,0
tyrannous,0
ufologies,0
ufologist,0
ulcerated,1
ulcerates,0
ultimates,0
ultimatum,36
ultrahigh,1
ululating,0
ululation,0
umbilical,6
umbilicus,0
umbrellas,27
umpteenth,8
unabashed,17
unadorned,1
unadvised,0
unaligned,0
unalloyed,1
unaltered,7
unanimity,9
unanimous,120
unarmored,0
unashamed,1
unbarring,0
unbeknown,0
unbeliefs,0
unbending,1
unbiassed,0
unbinding,0
unblocked,6
unbolting,0
unbosomed,0
unbounded,1
unbridled,13
unbuckled,1
unbuckles,0
unburdens,0
unbuttons,0
uncannier,0
uncannily,1
uncapping,0
unceasing,7
uncertain,290
unchained,0
unchanged,171
uncharged,2
uncharted,20
unchaster,0
unchecked,62
uncivilly,0
unclaimed,44
unclasped,1
uncleaned,0
uncleaner,0
uncleanly,0
uncleared,1
unclearer,0
uncloaked,0
unclogged,0
unclothed,2
unclothes,0
unclouded,0
uncoiling,0
uncolored,0
unconcern,0
uncorking,1
uncounted,6
uncoupled,0
uncouples,0
uncouthly,0
uncovered,203
uncrossed,2
uncrosses,0
uncrowded,1
uncrowned,0
uncurling,0
undamaged,9
undaunted,8
undeceive,0
undecided,73
undefined,12
underacts,0
underarms,3
underbids,0
undercoat,0
undercuts,8
underdogs,83
underdone,1
underfeed,0
underfoot,8
underfurs,0
undergoes,31
undergone,146
underhand,0
underlain,2
underlays,0
underlies,5
underline,25
underling,3
underlips,0
undermine,252
undermost,0
underpaid,21
underpart,0
underpass,19
underpays,0
underpins,17
underplay,0
underrate,4
underseas,0
undersell,0
undershot,2
underside,19
undersign,0
undersize,0
undersold,3
undertake,155
undertone,10
undertook,41
undertows,0
underwear,70
underwent,210
undesired,3
undiluted,6
undivided,13
undoubted,6
undreamed,0
undressed,3
undresses,0
undulated,0
undulates,0
unearthed,59
unearthly,2
uneasiest,0
uneatable,0
unequaled,2
unequally,0
unethical,41
unexcited,1
unexcused,3
unexpired,3
unexposed,2
unfailing,3
unfairest,0
unfastens,0
unfeeling,1
unfeigned,0
unfetters,0
unfitness,1
unfittest,0
unfitting,0
unfledged,0
unfocused,3
unfolding,105
unfounded,53
unfreezes,0
unfriends,0
unfrocked,0
unfurling,11
ungodlier,0
unguarded,11
ungulates,1
unhandier,0
unhanding,0
unhappier,1
unhappily,1
unharness,0
unhatched,0
unhealthy,89
unhelpful,22
unhinging,0
unhitched,2
unhitches,0
unholiest,1
unhooking,2
unhorsing,0
unhurried,3
unicycles,2
uniformed,22
uniformly,14
unimpeded,10
uninjured,26
uninstall,7
uninsured,34
uninvited,16
unionisms,0
unionists,15
unionized,32
unionizes,0
unitizing,0
univalent,0
univalves,0
universal,244
universes,18
unkindest,0
unknowing,1
unlabeled,1
unlatched,1
unlatches,0
unleadeds,0
unlearned,0
unleashed,85
unleashes,27
unlighted,0
unlikable,3
unlimbers,0
unlimited,124
unlivable,8
unloading,19
unlocking,71
unloosens,0
unloosing,0
unlovable,2
unluckier,0
unluckily,1
unmanlier,0
unmanning,0
unmarried,17
unmasking,3
unmatched,61
unmeaning,0
unmerited,0
unmindful,1
unmounted,1
unmovable,1
unmusical,0
unnatural,28
unnerving,20
unnoticed,74
unopposed,41
unpacking,9
unpainted,4
unpersons,0
unpinning,0
unplanned,37
unplugged,4
unplumbed,0
unpopular,90
unpressed,0
unquieter,0
unquoting,0
unraveled,15
unreality,1
unreeling,0
unrefined,5
unrelated,111
unripened,0
unrivaled,12
unrolling,0
unruffled,1
unruliest,0
unsaddled,0
unsaddles,0
unsalable,0
unsavoury,6
unscathed,44
unscented,3
unscrewed,0
unsealing,4
unseating,6
unselfish,8
unsettled,63
unsettles,1
unshackle,2
unshapely,0
unsheathe,0
unsightly,25
unskilled,8
unsmiling,1
unsnapped,0
unsnarled,0
unsounder,0
unsoundly,0
unsparing,2
unspoiled,8
unstabler,0
unstained,0
unstopped,0
unstudied,0
unsullied,1
untactful,0
untainted,2
untangled,2
untangles,0
untenable,34
untidiest,0
untouched,55
untrained,4
untreated,45
untrimmed,0
untutored,1
untwisted,0
untypical,0
unusually,90
unvarying,0
unveiling,106
unwariest,0
unwearied,0
unwelcome,31
unwilling,91
unwinding,22
unwitting,10
unworldly,0
unworried,0
unwrapped,9
unwritten,18
unzipping,0
upbraided,1
upchucked,0
upcountry,0
upgrading,121
upheavals,10
upholders,0
upholding,101
upholster,0
uplifting,76
uploading,18
uppercase,0
uppercuts,6
uppermost,4
upraising,1
uprearing,0
uprightly,2
uprisings,12
uprooting,8
upsetting,81
upstaging,2
upstarted,0
upstrokes,0
upsurging,0
upthrusts,0
upturning,0
urbanized,3
urbanizes,0
urethanes,0
urgencies,0
urinating,14
urination,6
urologies,0
urologist,3
urticaria,1
usability,19
uselessly,0
usernames,8
usherette,0
utilities,374
utilizing,115
utterance,4
uttermost,1
vacancies,99
vacations,59
vaccinate,15
vacillate,0
vacuities,0
vacuously,0
vacuuming,10
vagabonds,1
vagarious,0
vaginally,2
vagueness,4
vainglory,0
valencies,0
valentine,4
valiances,0
valiantly,12
validated,44
validates,11
validness,0
valuables,25
valuating,0
valuation,256
valueless,0
valveless,0
vamoosing,0
vanadiums,0
vandalise,3
vandalism,137
vandalize,4
vanguards,1
vanishing,20
vapidness,0
vaporised,0
vaporises,0
vaporized,2
vaporizer,0
vaporizes,0
variables,46
variances,9
variation,76
variegate,0
varietals,3
varieties,151
variously,8
varnished,0
varnishes,1
varsities,0
vasectomy,2
vasomotor,0
vassalage,0
vaultings,0
vectoring,4
vegetable,118
vegetated,3
vegetates,0
vehemence,1
vehemency,0
vehicular,54
velveteen,0
venations,0
vendettas,1
veneering,0
venerable,18
venerated,6
venerates,1
vengeance,56
venireman,0
veniremen,0
ventilate,3
ventricle,1
venturing,32
venturous,0
veracious,0
verandahs,1
verbalize,1
verbiages,0
verbosely,0
verbosity,0
verdantly,0
verdigris,0
verifying,36
veritable,24
veritably,0
vermiform,0
vermilion,0
verminous,0
vermouths,0
veronicas,0
versatile,213
versified,0
versifier,0
versifies,0
vertebrae,12
vertebral,0
vertebras,0
verticals,11
vertigoes,0
vesicular,0
vestibule,6
vestigial,3
vestments,3
vestryman,0
vestrymen,0
vexations,0
vexatious,11
viability,106
vibraharp,0
vibrantly,5
vibrating,9
vibration,21
vibrators,6
vibratory,1
viburnums,0
vicarages,0
vicarious,5
vicennial,0
viceregal,0
viciously,17
victimize,4
victories,251
victualed,0
videlicet,0
videodisc,0
videodisk,0
videotape,3
viewpoint,44
vigesimal,0
vigilance,59
vigilante,32
vignetted,0
vignettes,11
vilifying,2
villagers,123
vindicate,8
vineyards,27
violating,163
violation,299
violators,22
violences,0
violently,69
violinist,14
virginals,0
virginity,20
virtually,290
virtuosos,1
virulence,3
viscosity,6
viscounts,0
visionary,88
visioning,4
visitants,0
visualize,26
vitalized,0
vitalizes,0
vitiating,0
vitiation,1
vitrified,0
vitrifies,0
vitriolic,5
vivacious,4
vivariums,0
vividness,2
vivifying,0
vivisects,0
vocalists,11
vocalized,3
vocalizes,0
vocations,10
vocatives,0
voiceless,15
voicemail,25
volcanoes,21
volitions,0
volleying,3
voltmeter,0
voluntary,228
volunteer,482
voodooing,0
voodooism,0
voracious,11
vouchsafe,0
voyageurs,0
voyeurism,7
vulcanize,0
vulgarest,0
vulgarian,0
vulgarism,0
vulgarity,5
vulgarize,0
vulturous,0
vuvuzelas,2
wackiness,2
waggeries,0
waggishly,0
wainscots,0
waistband,24
waistcoat,5
waistline,2
waitstaff,4
wakefully,0
walkaways,0
walkovers,0
wallabies,3
wallboard,0
walloping,2
wallowing,9
wallpaper,34
wanderers,1
wandering,72
wannesses,0
wantoning,0
warbonnet,0
wardrobes,19
wardrooms,0
warehouse,196
warhorses,0
warmonger,3
warplanes,45
warranted,56
washables,0
washbasin,0
washboard,1
washbowls,0
washcloth,1
washrooms,15
washstand,0
waspishly,1
wassailed,0
wasteland,26
watchband,0
watchdogs,18
watchword,4
waterbeds,1
waterbird,1
waterfall,45
waterfowl,9
waterhole,2
wateriest,0
waterlily,0
waterline,7
watermark,11
watermill,0
watershed,57
waterside,9
waterways,101
wayfarers,0
wayfaring,0
waylayers,0
waylaying,1
waywardly,0
weakeners,0
weakening,72
weaklings,0
wealthier,32
weariness,4
wearisome,0
weaseling,0
weaselled,1
weathered,33
webisodes,0
webmaster,1
weekended,0
weeknight,9
weensiest,0
weightier,1
weightily,0
weighting,17
weirdness,13
welcoming,443
wellheads,1
weltering,0
werwolves,0
westbound,119
westerner,0
westwards,6
wetnesses,0
whackiest,0
whaleboat,1
whalebone,0
wheedlers,0
wheedling,1
wheelbase,7
wheeziest,0
wherefore,0
whereupon,4
wherewith,0
whetstone,1
whichever,58
whimpered,1
whimsical,28
whinnying,0
whipcords,0
whippings,0
whipsawed,2
whirligig,1
whirlpool,3
whirlwind,72
whiskered,0
whispered,25
whisperer,4
whistlers,0
whistling,16
whitecaps,0
whitefish,1
whitehead,0
whiteners,0
whiteness,12
whitening,14
whiteouts,0
whitetail,3
whitewall,0
whitewash,15
whittlers,0
whittling,7
whizzbang,1
whodunits,0
whodunnit,8
wholeness,1
wholesale,115
wholesome,55
whooshing,1
whosoever,5
wickedest,0
widowhood,0
wiggliest,0
wigwagged,0
wildfires,209
wildfowls,0
wildlifes,0
willfully,16
willingly,40
williwaws,0
willowier,0
willpower,11
windblown,1
windbreak,1
windburns,0
windchill,4
windfalls,4
windiness,0
windmills,8
windpipes,0
windproof,2
windsocks,0
windstorm,3
windsurfs,0
windswept,6
windwards,0
wineglass,2
winemaker,14
wingdings,0
wingspans,2
winningly,0
winnowers,0
winnowing,0
winsomely,0
winsomest,0
winterier,0
wintering,7
winterize,1
wintriest,0
wirehairs,0
wiseacres,0
wisecrack,1
wishbones,2
wishfully,0
wistarias,0
wisterias,0
wistfully,4
withdrawn,187
withdraws,10
withering,14
withholds,1
withstand,88
withstood,13
witlessly,0
witnessed,609
witnesses,454
witticism,0
wittiness,0
wittingly,4
wobbliest,0
woebegone,0
woefuller,0
wolfhound,0
wolverine,7
womanhood,13
womanized,0
womanizer,0
womanizes,0
womankind,0
womanlier,0
womanlike,0
womenfolk,0
wonderful,919
wondering,312
woodbines,0
woodblock,0
woodchuck,2
woodcocks,0
woodcraft,0
woodenest,0
woodiness,0
woodlands,34
woodpiles,2
woodsheds,0
woodsiest,0
woodwinds,1
woodworks,0
woolliest,0
wooziness,0
wordbooks,0
wordiness,1
wordplays,0
workbench,3
workbooks,1
workfares,0
workforce,569
workhorse,17
workhouse,5
workloads,56
workplace,363
workrooms,0
worksheet,1
workshops,280
worktable,0
workweeks,1
worldlier,0
worldview,43
worldwide,637
wormholes,0
wormwoods,0
worriment,0
worrisome,38
worrywart,0
worsening,108
worshiped,3
worshiper,0
worthiest,1
worthless,31
wranglers,1
wrangling,24
wrappings,0
wreathing,0
wreckages,0
wrenching,11
wrestlers,76
wrestling,373
wrigglers,0
wrigglier,0
wriggling,3
wrinklier,1
wrinklies,0
wrinkling,0
wristband,5
wrongdoer,0
wrongness,1
wrynesses,0
xenophobe,0
xylophone,3
yachtings,0
yachtsman,2
yachtsmen,0
yammerers,0
yammering,0
yardstick,2
yarmelkes,0
yarmulkes,0
yearbooks,3
yearlings,3
yearnings,3
yeastiest,0
yellowest,0
yellowing,7
yellowish,3
yeshivahs,0
yeshivoth,0
yesterday,1083
yodellers,1
yodelling,0
yoghourts,0
youngster,140
ytterbium,0
yuletides,0
zealously,3
zeitgeist,22
zeppelins,0
zestfully,0
zigzagged,0
zinfandel,2
zippering,0
zirconium,1
zookeeper,5
zoologies,0
zoologist,3
zoophytes,0
zoophytic,0
zucchinis,1
zwiebacks,0
zymurgies,0
abandoning,74
abasements,0
abashments,0
abatements,5
abbreviate,0
abdicating,5
abdication,11
abdominals,1
abductions,29
aberration,11
abhorrence,0
abjections,0
abjectness,0
abjuration,0
abjuratory,0
abnegating,0
abnegation,0
abnormally,16
abolishing,23
abolitions,0
abominable,6
abominably,0
abominated,0
abominates,0
aboriginal,5
aborigines,0
abortively,0
aboveboard,0
abrasively,0
abridgment,0
abrogating,1
abrogation,15
abrogators,0
abruptness,1
abscessing,0
abscission,0
absconders,3
absconding,13
absolutely,1313
absolutest,0
absolution,3
absolutism,1
absolutist,6
absorbency,3
absorbents,0
absorption,54
absorptive,0
abstainers,0
abstaining,10
abstemious,0
abstention,5
abstinence,16
abstracted,6
abstractly,0
abstrusely,0
absurdness,0
abundances,1
abundantly,18
acanthuses,0
accelerate,219
accentuate,8
acceptable,267
acceptably,0
acceptance,224
accessible,804
accessibly,2
accessions,3
accidental,96
acclaiming,0
acclimated,10
acclimates,0
accomplice,52
accomplish,132
accordance,160
accordions,0
accountant,76
accounting,303
accoutered,0
accoutring,0
accredited,76
accretions,1
accumulate,59
accuracies,0
accurately,167
accusation,90
accusative,0
accusatory,8
accusingly,1
accustomed,77
acerbating,0
acerbities,0
acetylenes,0
achievable,50
achromatic,0
acidifying,1
acoustical,1
acquainted,32
acquiesced,1
acquiesces,0
acquirable,0
acquittals,2
acquitting,2
acridities,0
acrimonies,0
acrobatics,8
acrophobia,0
actionable,59
activating,25
activation,37
activators,0
activeness,0
activities,2221
actualized,3
actualizes,0
actuations,0
acyclovirs,0
adaptation,293
addictions,44
additional,7829
addressees,0
addressing,745
adequacies,0
adequately,120
adherences,0
adjacently,0
adjectival,0
adjectives,13
adjourning,8
adjudicate,9
adjuration,0
adjustable,71
adjustment,135
administer,51
admiration,113
admiringly,5
admissible,4
admissibly,0
admissions,115
admittance,3
admittedly,66
admixtures,1
admonished,17
admonishes,1
admonition,13
admonitory,0
adolescent,35
adorations,0
adornments,2
adrenaline,46
adrenalins,0
adroitness,0
adsorbents,0
adsorption,1
adulations,0
adulterant,1
adulterate,0
adulterers,1
adulteress,0
adulteries,0
adulterous,3
adulthoods,0
adumbrated,0
adumbrates,0
advantaged,3
advantages,204
adventured,0
adventurer,13
adventures,215
adverbials,0
advertised,130
advertiser,12
advertises,17
advertized,0
advertizes,0
advisement,1
advisories,38
advocacies,1
advocating,209
aerialists,2
aerobatics,1
aerodromes,0
aeronautic,0
aeroplanes,2
aerospaces,0
aesthetics,82
affability,2
affectedly,0
affections,4
affiancing,0
affidavits,18
affiliated,129
affiliates,34
affinities,0
afflatuses,0
afflicting,8
affliction,7
affluences,0
affluently,0
affordable,1183
afforested,0
affronting,1
aficionado,12
afterbirth,1
aftercares,0
afterglows,0
afterimage,1
afterlives,0
aftermaths,1
afternoons,29
aftershave,3
aftershock,3
aftertaste,11
afterwards,266
afterwords,0
aggrandize,0
aggravated,170
aggravates,3
aggregated,10
aggregates,7
aggression,242
aggressive,509
aggressors,11
aggrieving,0
agitations,7
agreements,356
agronomics,0
agronomies,0
agronomist,2
airbrushed,1
airbrushes,1
airdropped,4
airfreight,1
airinesses,0
airlifting,2
airmailing,0
airstrikes,145
alabasters,0
alacrities,0
alarmingly,19
albuminous,0
alchemists,0
alcoholics,8
alcoholism,32
alderwoman,1
alderwomen,0
algorithms,103
alienating,16
alienation,18
alignments,12
alimentary,0
alimenting,0
alinements,0
alkalinity,2
alkalizing,0
allegation,170
allegiance,63
allegories,1
allegorist,0
allegretto,0
allergenic,0
allergists,1
alleviated,7
alleviates,9
alligators,10
alliterate,0
allocating,51
allocation,199
allotments,24
allowances,70
allurement,0
alluringly,0
allusively,0
almshouses,1
alongshore,0
alphabetic,1
altarpiece,0
alteration,23
alternated,10
alternates,19
alternator,2
altimeters,0
altogether,194
altruistic,4
aluminiums,0
amalgamate,2
amanuenses,1
amanuensis,0
amateurish,1
amateurism,0
amazements,0
ambassador,267
ambivalent,13
ambulances,105
ambulating,0
ambulation,0
ambulatory,3
ambuscaded,0
ambuscades,0
ameliorate,9
amendments,201
amercement,0
americiums,0
amiability,1
ammunition,234
amnestying,0
amortizing,2
ampersands,1
amphibians,17
amphibious,24
amplifiers,5
amplifying,33
amplitudes,0
amputating,0
amputation,24
amusements,4
anabolisms,0
analgesias,0
analgesics,1
analogical,0
analogized,0
analogizes,0
analysands,0
analytical,39
analyzable,0
anapestics,0
anarchisms,0
anarchists,6
anatomical,12
anatomists,0
anatomized,0
anatomizes,0
ancestress,0
ancestries,1
anchorages,0
anchorites,0
ancientest,0
androgenic,1
anemically,0
anemometer,0
anesthesia,16
anesthetic,4
angiosperm,0
angleworms,0
anglicized,0
anglicizes,0
anguishing,0
angularity,0
animadvert,0
animalcule,0
animatedly,3
animations,32
anklebones,0
annexation,26
annihilate,7
annotating,1
annotation,3
annotative,0
annotators,1
announcers,22
announcing,334
annoyances,3
annoyingly,8
annuitants,2
annulments,1
anointment,0
anorectics,0
answerable,6
antagonism,5
antagonist,44
antagonize,4
antebellum,3
antecedent,3
antedating,0
anthracite,3
anthropoid,0
antibiotic,19
antibodies,20
anticancer,0
antichrist,2
anticipate,497
anticlimax,2
anticlines,0
antifreeze,7
antiheroes,5
antiknocks,0
antimatter,1
antimonies,0
antipastos,0
antiphonal,0
antipodean,0
antiquated,16
antiquates,0
antisepses,0
antisepsis,0
antiseptic,7
antiserums,0
antisocial,52
antitheses,0
antithesis,8
antithetic,0
antitoxins,0
antivenins,0
antivirals,2
antonymous,0
apartheids,0
apartments,272
aphoristic,0
apocalypse,37
apocryphal,1
apolitical,14
apologetic,23
apologists,6
apologized,105
apologizes,19
apoplectic,0
apoplexies,0
apostasies,0
apostatize,0
apostrophe,4
apothecary,3
apotheoses,0
apotheosis,0
appaloosas,0
appareling,0
apparelled,0
apparently,545
apparition,6
appearance,1350
appellants,8
appendages,3
appendices,3
appendixes,0
appertains,0
appetizers,14
appetizing,6
applauders,0
applauding,15
applejacks,0
applesauce,4
appliances,162
applicable,150
applicably,0
applicants,293
applicator,2
appointees,51
appointing,72
appointive,1
apportions,0
appositely,1
apposition,0
appositive,0
appraisals,9
appraisers,1
appraising,2
appreciate,661
apprehends,1
apprentice,73
approached,607
approaches,401
aquamarine,1
aquaplaned,0
aquaplanes,0
arabesques,1
arbitraged,0
arbitrager,0
arbitrages,0
arbitrated,2
arbitrates,0
arbitrator,8
arboretums,0
arborvitae,0
archangels,1
archbishop,25
archdeacon,0
archeology,4
archetypal,6
archetypes,12
archfiends,0
architects,56
architrave,0
archivists,1
archnesses,0
aristocrat,13
arithmetic,12
armadillos,1
armistices,0
arraigning,0
arrhythmia,4
arrhythmic,0
arrogances,0
arrogantly,3
arrogating,1
arrogation,0
arrowheads,2
arrowroots,0
arterioles,0
artfulness,0
arthritics,0
arthropods,0
artichokes,3
articulate,57
artificers,0
artificial,623
artinesses,0
artistries,0
asbestoses,0
ascendance,4
ascendancy,7
ascendants,0
ascendency,1
ascendents,0
ascensions,0
ascertains,0
asceticism,1
ascribable,0
ascription,0
asexuality,2
aspartames,0
asperities,0
aspersions,4
asphalting,1
asphyxiate,0
aspidistra,0
aspirating,1
aspiration,50
aspirators,0
assailable,0
assailants,47
assaulting,192
assemblage,7
assemblers,1
assemblies,29
assembling,27
assertions,40
assessment,660
asseverate,0
assignable,2
assignment,118
assimilate,12
assistance,1061
assistants,97
associated,920
associates,138
assonances,0
assortment,57
assumption,100
assumptive,0
assurances,86
asterisked,0
asthmatics,0
astigmatic,0
astonished,36
astonishes,1
astounding,57
astrakhans,0
astringent,1
astrolabes,0
astrologer,6
astronauts,84
astronomer,8
astronomic,0
astuteness,0
asymmetric,12
atmosphere,724
atomically,0
atonements,0
atrocities,85
atrophying,0
attachable,2
attachment,71
attainable,23
attainders,0
attainment,32
attempting,483
attendance,554
attendants,42
attentions,8
attenuated,0
attenuates,1
attractant,0
attracting,223
attraction,244
attractive,424
attributed,305
attributes,119
attritions,0
atypically,0
auctioneer,20
auctioning,5
audacities,0
audibility,0
audiobooks,19
audiometer,0
audiophile,0
audiotapes,0
auditioned,29
auditorium,45
augmenters,0
augmenting,4
augustness,0
auscultate,0
auspicious,30
authorized,154
authorizes,53
authorship,3
autoclaves,1
autocratic,31
autodidact,1
autographs,29
autoimmune,32
automakers,74
automatics,4
automating,23
automation,141
automatism,1
automatize,0
automatons,1
automobile,45
automotive,137
autonomies,0
autonomous,132
autopilots,0
autopsying,0
autoworker,0
avalanches,6
avaricious,3
aviatrices,0
aviatrixes,1
avocations,2
avoidances,0
awakenings,2
awkwardest,0
ayatollahs,1
babysitter,13
bacchanals,0
backbiters,0
backbiting,3
backbitten,0
backboards,0
backdating,2
backfields,0
backfiring,9
backgammon,2
background,771
backhanded,8
backhander,3
backlashes,2
backlogged,6
backpacked,1
backpacker,3
backpedals,0
backslider,0
backslides,2
backspaced,0
backspaces,0
backstages,0
backstairs,0
backstroke,25
backtracks,1
backwardly,0
backwashes,0
backwaters,5
badmintons,0
badmouthed,3
bafflement,2
bagatelles,0
bailiwicks,0
balaclavas,16
balalaikas,1
balderdash,0
baldnesses,0
balladeers,0
balladries,0
ballasting,0
ballerinas,1
ballistics,7
ballooning,17
balloonist,2
ballplayer,2
ballpoints,0
ballyhooed,3
balustrade,2
bamboozled,2
bamboozles,0
banalities,0
banditries,0
bandmaster,0
bandoleers,0
bandoliers,0
bandstands,0
bandwagons,0
banishment,7
bankrolled,8
bankruptcy,184
bankrupted,4
bannisters,1
banqueters,0
banqueting,2
banquettes,6
baptistery,0
barbarians,9
barbarisms,0
barbarized,0
barbarizes,0
barbecuing,5
barbequing,0
barberries,1
barbershop,16
barcaroles,0
barcarolle,0
barebacked,0
barefooted,1
barehanded,1
bareheaded,0
barelegged,0
barenesses,0
bargainers,0
bargaining,108
barhopping,0
barkeepers,0
barnstorms,0
barometers,2
barometric,0
baronesses,0
barracking,0
barracudas,0
barrelling,2
barrenness,0
barricaded,33
barricades,37
barristers,8
bartenders,18
baseboards,1
basenesses,0
basketball,1033
basketries,0
basketwork,0
bassoonist,1
bastardies,0
bastardize,1
bathhouses,0
bathyscaph,0
battalions,23
battleaxes,0
battledore,0
battlement,0
battleship,14
bayberries,0
bayoneting,0
bayonetted,0
beachheads,1
beachwears,0
beanstalks,0
beastliest,1
beatifying,0
beatitudes,0
beautician,10
beautified,0
beautifier,0
beautifies,1
beclouding,0
becomingly,0
bedazzling,1
bedclothes,1
bedeviling,5
bedevilled,2
bedfellows,9
bedizening,0
bedraggled,0
bedraggles,0
bedspreads,0
beefburger,0
beefsteaks,0
beekeepers,6
beekeeping,10
beforehand,79
befriended,19
befuddling,1
beginnings,78
begrudging,2
behavioral,80
behaviours,81
behindhand,0
bejeweling,0
bejewelled,4
belaboring,1
belaboured,0
beleaguers,0
believable,60
believably,0
belittling,5
belladonna,0
belletrist,0
bellwether,18
bellyached,0
bellyaches,0
belongings,154
bemusement,3
benchmarks,63
benefactor,12
beneficent,1
beneficial,310
benefiting,115
benefitted,67
benevolent,13
bequeathed,8
berkeliums,0
berylliums,0
beseechers,0
beseeching,0
besmearing,0
besmirched,0
besmirches,1
bespangled,0
bespangles,0
bespatters,0
bespeaking,0
bestiality,5
bestiaries,0
bestirring,0
bestrewing,0
bestridden,0
bestriding,0
bestseller,31
bethinking,0
betokening,0
betrothals,0
betrothing,0
betterment,34
bewildered,20
bewitching,6
biannually,4
bicyclists,8
biennially,1
bifurcated,2
bifurcates,0
bighearted,0
bilinguals,0
billboards,27
billionths,1
bimetallic,0
binoculars,24
biochemist,1
biodegrade,1
biographer,26
biographic,0
biological,188
biologists,21
bionically,0
biophysics,0
biorhythms,1
biospheres,0
bipartisan,225
bipolarity,1
birdbrains,0
birdhouses,3
birthmarks,1
birthplace,42
birthrates,7
birthright,9
birthstone,2
bisections,0
bisexually,0
bishoprics,0
bitchiness,1
bitterness,35
bituminous,1
bivouacked,0
biweeklies,0
blabbering,1
blackamoor,0
blackballs,0
blackberry,10
blackbirds,5
blackboard,5
blackening,0
blackguard,0
blackheads,3
blackjacks,0
blacklists,2
blackmails,2
blacksmith,11
blacksnake,0
blackthorn,0
blancmange,1
blandished,0
blandishes,0
blanketing,9
blarneying,0
blasphemed,0
blasphemer,1
blasphemes,0
blatancies,0
blathering,0
bleariness,0
blemishing,0
blindfolds,1
blindingly,2
blindsided,20
blindsides,2
blinkering,0
blissfully,12
blistering,67
blitheness,1
blithering,1
blithesome,0
blitzkrieg,2
blockaders,0
blockading,2
blockheads,0
blockhouse,0
bloodbaths,2
bloodhound,0
bloodiness,1
bloodlines,4
bloodsheds,0
bloodstain,2
bloodstock,1
blossoming,21
blotchiest,0
blubbering,0
bludgeoned,7
bluebonnet,1
bluebottle,0
bluefishes,0
bluejacket,0
bluenesses,0
bluepoints,0
blueprints,19
blunderers,0
blundering,2
blurriness,2
blusterers,0
blustering,1
blusterous,0
boardrooms,9
boardwalks,4
boastfully,0
boathouses,1
boatswains,0
bobbysoxer,0
bobsledded,0
bobsledder,0
bobsleighs,0
bodyguards,18
boisterous,27
boldnesses,0
bolsheviki,0
bolsheviks,0
bolstering,70
bombardier,0
bombarding,6
bombproofs,0
bombshells,5
bondholder,0
boneheaded,3
boninesses,0
bookbinder,0
bookending,1
bookkeeper,5
bookmakers,35
bookmaking,0
bookmarked,2
bookmobile,2
bookplates,0
bookseller,6
bookstores,15
boomerangs,2
boondoggle,4
bootblacks,0
bootlegged,0
bootlegger,1
bootstraps,1
borderland,0
borderline,33
borrowings,18
bothersome,2
bottleneck,18
bottomless,19
boulevards,3
bounciness,0
boundaries,368
bowdlerize,0
bowstrings,0
boycotting,19
boyfriends,15
boyishness,0
bracketing,3
brainchild,33
braininess,0
brainstorm,16
brambliest,0
branchlike,0
brandished,21
brandishes,2
brasseries,0
brassieres,1
brassiness,0
bratwursts,1
brawniness,0
brazenness,3
breadboard,0
breadboxes,0
breadcrumb,3
breadfruit,1
breadlines,0
breakables,0
breakaways,4
breakdowns,34
breakevens,0
breakfasts,28
breakfront,0
breakwater,4
breastbone,2
breastwork,0
breathable,26
breathiest,0
breathings,1
breathless,11
breezeways,0
breeziness,1
brevetting,0
breviaries,0
bricklayer,12
brickworks,1
bridegroom,1
bridesmaid,19
bridgeable,0
bridgehead,5
bridgework,0
briefcases,2
brigadiers,0
brigandage,0
brigantine,1
brightened,13
brightener,1
brightness,100
brilliance,45
brilliancy,0
brilliants,0
brimstones,0
briquettes,0
bristliest,0
broadbands,0
broadcasts,56
broadcloth,0
broadening,35
broadlooms,0
broadsheet,1
broadsided,0
broadsides,2
broadsword,1
brochettes,0
brokenness,4
brokerages,158
bronchitic,0
bronchitis,14
brontosaur,0
broodingly,0
broodmares,0
broomstick,1
browbeaten,1
brownstone,1
brushwoods,0
brushworks,0
brutalized,7
brutalizes,2
bubblegums,0
buccaneers,0
buckboards,0
bucketfuls,0
buckwheats,0
buckyballs,0
budgerigar,0
buffaloing,0
buffoonery,3
buffoonish,0
bulldogged,0
bulldozers,21
bulldozing,8
bulletined,0
bullfights,0
bullheaded,0
bumblebees,4
bunkhouses,1
buoyancies,0
burdensome,21
bureaucrat,9
burgeoning,61
burglaries,57
burglarize,0
burgundies,0
burlesqued,0
burlesques,1
burnishers,0
burnishing,0
bursitises,0
bushelling,0
bushmaster,0
bushwhacks,0
businesses,2784
busybodies,2
busynesses,0
butcheries,0
butchering,6
butterball,1
buttercups,0
butterfats,0
butteriest,0
buttermilk,20
butternuts,1
buttonhole,3
buttonwood,0
buttressed,2
buttresses,1
byproducts,10
bystanders,46
caballeros,0
cabdrivers,0
cablecasts,0
cablegrams,0
cabriolets,0
cadaverous,0
caesareans,1
caesarians,0
cafeterias,6
caginesses,0
cajolement,1
cajoleries,0
calabashes,0
calabooses,0
calamities,9
calamitous,11
calcareous,2
calcifying,1
calcimined,0
calcimines,0
calculable,1
calculated,192
calculates,22
calculator,37
calculuses,0
calendared,0
calendered,0
calibrated,14
calibrates,1
calibrator,1
calipering,0
caliphates,0
callipered,0
callousing,0
callowness,0
calmnesses,0
calumniate,0
calumnious,0
camcorders,1
camelhairs,0
camouflage,32
campaigned,99
campaigner,66
campaniles,0
campground,18
canalizing,0
cancellers,0
cancelling,36
candelabra,3
candidates,1681
candidness,1
candlewick,0
canebrakes,0
cannabises,0
cannelloni,1
cannonaded,0
cannonades,0
cannonball,12
canonizing,0
cantaloupe,8
cantaloups,0
cantilever,2
cantonment,1
canvasback,0
canvassers,11
canvassing,27
capability,245
capacities,77
capacitors,2
caparisons,0
capitalism,100
capitalist,53
capitalize,106
capitation,2
capitulate,3
cappuccino,10
capricious,3
capsulized,0
capsulizes,0
captaining,11
captioning,20
captiously,0
captivated,73
captivates,9
captivator,0
caramelize,0
carbonated,12
carbonates,0
carbonized,0
carbonizes,0
carbuncles,0
carburetor,2
carcinogen,5
carcinomas,0
cardboards,0
cardinally,0
cardiogram,0
cardiology,20
cardsharps,0
careerists,0
carefuller,0
caregivers,86
carelessly,8
caretakers,20
caricature,17
carjackers,1
carjacking,14
carnations,7
carnelians,0
carnivores,6
carpenters,10
carpetbags,0
carpetings,0
carpooling,4
carrousels,0
carryovers,0
carthorses,0
cartilages,0
cartooning,2
cartoonist,14
cartridges,24
cartwheels,5
caryatides,0
caseharden,0
caseworker,4
cashiering,0
casseroled,0
casseroles,1
castigated,8
castigates,1
castigator,0
castrating,1
castration,7
casualness,2
casualties,229
cataclysms,0
catafalque,0
cataleptic,0
catalogers,0
cataloging,6
catalogued,2
cataloguer,1
catalogues,8
catalytics,0
catalyzing,9
catamarans,0
catapulted,25
catatonias,0
catatonics,0
catcalling,0
catchments,6
catchpenny,0
catchwords,0
catechisms,0
catechists,1
catechized,0
catechizes,0
categories,432
categorize,13
caterwauls,1
cathartics,0
cathedrals,6
catnapping,0
caucussing,0
causations,0
causticity,0
cauterized,1
cauterizes,0
cautionary,37
cautioning,21
cautiously,48
cavalcades,0
cavalierly,2
cavalryman,0
cavalrymen,0
ceasefires,7
celandines,0
celebrants,4
celebrated,865
celebrates,511
celebrator,0
celerities,0
celibacies,0
cellophane,3
cellphones,41
cellulites,0
celluloids,0
celluloses,0
cemeteries,30
censorious,2
censorship,96
censurable,0
centennial,7
centerfold,1
centigrade,2
centigrams,0
centiliter,0
centimeter,5
centimetre,3
centipedes,2
centrality,6
centralize,4
centrifuge,7
centurions,0
ceramicist,1
cerebellar,0
cerebellum,0
cerebrated,0
cerebrates,0
ceremonial,85
ceremonies,124
certifying,14
certitudes,0
cessations,0
chagrining,0
chagrinned,0
chainsawed,0
chairlifts,0
chairwoman,27
chairwomen,0
chalcedony,0
chalkboard,4
chalkiness,0
challenged,365
challenger,110
challenges,2889
chameleons,1
chamomiles,0
champagnes,3
championed,81
chancellor,138
chanceries,0
chanciness,0
chandelier,13
changeable,16
changeably,0
changeless,0
changeling,1
changeover,6
channeling,19
channelize,0
channelled,17
chanteuses,1
chaparrals,0
chaperoned,2
chaperones,3
chaplaincy,9
charabancs,0
characters,1239
charbroils,0
chardonnay,7
chargeable,1
charioteer,2
charismata,0
charitable,141
charitably,1
charlatans,6
charmingly,7
charterers,0
chartering,5
chartreuse,5
chasteness,0
chastening,5
chastisers,0
chastising,1
chastities,0
chatelaine,0
chatterbox,3
chatterers,0
chattering,3
chattiness,0
chauffeurs,4
chauvinism,3
chauvinist,1
cheapening,1
cheapskate,0
checkbooks,1
checkering,0
checklists,1
checkmated,0
checkmates,0
checkpoint,77
checkrooms,0
cheekbones,4
cheekiness,1
cheerfully,5
cheeriness,1
cheesecake,26
cheesiness,0
chemically,8
chemurgies,0
cherishing,15
chessboard,5
chevaliers,0
chickadees,0
chickening,0
chickenpox,5
chickweeds,0
chicnesses,0
chieftains,9
chiffonier,0
chihuahuas,1
chilblains,0
childbirth,39
childcares,0
childhoods,9
childishly,1
childproof,0
chilliness,1
chillingly,7
chimerical,0
chimpanzee,14
chinawares,0
chinchilla,1
chinstraps,0
chintziest,0
chirruping,2
chirrupped,0
chisellers,0
chiselling,0
chivalries,0
chivalrous,2
chlamydiae,0
chlamydias,0
chlordanes,0
chlorinate,0
chloroform,1
chlorophyl,0
chocaholic,0
chocoholic,0
chocolates,78
chocolatey,5
choosiness,0
chophouses,0
choppering,0
choppiness,1
chopsticks,6
choristers,0
chorussing,0
christened,15
chromatins,0
chromosome,13
chronicled,20
chronicler,0
chronicles,29
chronology,5
chubbiness,0
chuckholes,0
chumminess,0
chunkiness,1
churchgoer,3
churchyard,12
churlishly,1
cicatrices,0
cicatrixes,0
cigarettes,114
cigarillos,1
circuities,0
circuiting,0
circuitous,2
circularly,0
circulated,105
circulates,3
circumcise,0
circumflex,0
circumvent,31
cirrhotics,0
citronella,2
civilising,0
civilities,0
civilizing,0
clamberers,0
clambering,8
clamminess,0
clamouring,11
clampdowns,0
clangorous,0
clapboards,1
clarifying,37
classicals,0
classicism,0
classicist,1
classified,236
classifier,0
classifies,9
classiness,1
classmates,84
classrooms,130
classworks,0
clattering,1
clavichord,0
cleanliest,0
clearances,37
clematises,0
clemencies,0
clerestory,0
clerically,0
clerkships,0
cleverness,1
clienteles,0
clinically,35
clinicians,53
cliometric,0
clipboards,1
cliquishly,0
clitorides,0
clitorises,0
cloakrooms,0
clobbering,2
clockworks,0
clodhopper,0
cloisonnes,0
cloistered,2
clothespin,0
cloudburst,1
cloudiness,5
cloverleaf,2
clownishly,1
clubfooted,0
clubhouses,0
clumsiness,1
clustering,6
cluttering,5
cnidarians,0
coadjutors,0
coagulants,0
coagulated,0
coagulates,0
coagulator,0
coalescent,0
coalescing,4
coalitions,28
coarseness,1
coarsening,2
coastlines,18
coauthored,0
cobwebbier,0
cochineals,0
cockamamie,0
cockatrice,0
cockfights,2
cockscombs,0
cocksucker,1
coexistent,0
coexisting,7
coffeecake,0
coffeepots,0
cofferdams,0
cogitating,0
cogitation,0
cogitative,0
cogitators,0
cognitions,0
cognizable,1
cognizance,4
cohabitant,0
cohabiting,3
coherences,0
coherently,2
cohesively,4
coiffuring,0
coincident,7
coinciding,31
coldnesses,0
collapsing,78
collarbone,12
collarless,0
collateral,58
collations,0
colleagues,921
collecting,297
collection,1213
collective,639
collectors,79
collegians,0
collegiate,79
collieries,1
collisions,73
collocated,0
collocates,0
colloquial,4
colloquies,0
colloquium,1
collusions,0
colonially,1
colonizers,7
colonizing,3
colonnaded,0
colonnades,1
coloration,8
coloratura,1
colorblind,3
colorfully,4
colorizing,0
colossally,1
colossuses,0
colostrums,0
columbines,0
columnists,9
combatants,34
combatting,17
combustion,61
combustive,1
comedienne,3
comeliness,0
comestible,0
comforters,3
comforting,73
comicality,0
commandant,16
commandeer,3
commanders,112
commanding,128
commandoes,0
commencing,49
commending,27
commentary,192
commentate,2
commenting,114
commercial,1303
commingled,1
commingles,0
commissars,0
commissary,2
commission,595
commitment,2177
committals,0
committees,152
committing,290
commodious,1
commodores,0
commonalty,0
commonness,0
commonweal,0
commotions,0
communally,5
communions,0
communique,22
communisms,0
communists,19
commutable,1
commutator,0
compactest,0
compacting,1
compactors,1
companions,97
comparable,144
comparably,4
comparison,359
compassing,0
compassion,240
compatible,136
compatibly,0
compatriot,38
compelling,327
compendium,3
compensate,82
competence,69
competency,26
competitor,140
complacent,30
complained,307
complainer,18
complaints,716
complected,0
complement,155
completely,1665
completest,0
completing,379
completion,1153
complexion,42
complexity,173
compliance,419
complicate,52
complicity,45
compliment,58
components,334
comporting,0
composedly,0
composites,4
compositor,0
composting,25
composures,0
compounded,82
comprehend,72
compressed,28
compresses,4
compressor,9
comprising,126
compromise,239
compulsion,10
compulsive,11
compulsory,79
computings,0
concealers,2
concealing,37
conceiving,9
concentric,4
conception,28
conceptual,28
concerning,434
concertina,6
concerting,0
concertize,0
concession,82
concierges,0
conciliate,0
concisions,0
concluding,98
conclusion,480
conclusive,29
concocting,4
concoction,21
concordant,1
concordats,0
concourses,3
concretely,2
concreting,3
concretion,0
concubines,0
concurrent,22
concurring,5
concussing,0
concussion,85
concussive,3
condemners,0
condemning,73
condensate,6
condensers,1
condensing,3
condescend,1
condiments,14
conditions,2686
condolence,29
conducting,332
conduction,5
conductive,10
conductors,16
confabbing,0
confection,3
conference,1920
conferment,4
conferrals,1
conferrers,0
conferring,11
confessing,21
confession,52
confessors,1
confidante,12
confidants,6
confidence,1567
configured,17
configures,0
confirming,169
confiscate,17
conflating,4
conflation,2
conflicted,27
confluence,24
conformers,0
conforming,8
conformism,1
conformist,0
conformity,14
confounded,8
confronted,171
confusedly,0
confusions,2
congealing,0
congenital,22
congesting,2
congestion,247
congestive,4
congregant,3
congregate,15
congresses,11
congruence,1
coniferous,5
conjecture,9
conjoiners,0
conjoining,1
conjointly,0
conjugally,0
conjugated,1
conjugates,0
connecters,0
connecting,325
connection,1414
connective,16
connectors,12
connexions,0
conniption,0
connivance,6
conquering,11
conquerors,0
conscience,74
conscripts,8
consecrate,4
consensual,42
consenting,12
consequent,6
conserving,18
considered,1791
consignees,1
consigning,3
consignors,2
consistent,672
consisting,115
consistory,3
consolable,1
consonance,2
consonants,3
consorting,0
consortium,60
conspectus,0
conspiracy,485
conspiring,57
constables,22
constantly,584
constipate,0
constitute,105
constrains,2
constraint,11
constricts,1
constructs,12
construing,1
consulates,7
consulship,0
consultant,251
consulting,176
consumable,6
consummate,21
contacting,135
contagions,2
contagious,52
containers,191
containing,341
contemning,0
contenders,156
contending,47
contenting,0
contention,177
contestant,141
contesting,95
contextual,13
contiguity,2
contiguous,17
continence,0
continents,50
contingent,108
continuing,1030
continuity,120
continuous,282
continuums,1
contorting,2
contortion,1
contouring,5
contraband,29
contracted,157
contractor,245
contradict,17
contraltos,0
contraries,0
contrarily,0
contrasted,32
contravene,4
contribute,790
contritely,0
contrition,9
contrivers,0
contriving,1
controlled,476
controller,104
controvert,0
contusions,2
conundrums,4
convalesce,1
convection,4
convective,6
convenient,268
convention,379
convergent,2
converging,11
conversant,1
conversely,6
conversing,6
conversion,283
converters,16
converting,115
convertors,0
conveyable,0
conveyance,9
convicting,5
conviction,433
convincing,154
convoluted,25
convulsing,2
convulsion,0
convulsive,1
coolnesses,0
cooperages,0
cooperated,28
cooperates,7
cooperator,0
coordinate,81
copperhead,0
copulating,1
copulation,2
copulative,0
copycatted,0
copyrights,4
copywriter,4
coquetries,0
coquetting,0
coquettish,1
cordiality,2
cordillera,0
corianders,0
corkscrews,0
cormorants,2
cornbreads,0
cornflakes,5
cornflower,0
cornrowing,0
cornstalks,1
cornstarch,4
cornucopia,2
coronaries,0
coronation,50
corpulence,0
corpuscles,0
corralling,1
correctest,0
correcting,24
correction,111
corrective,45
correlated,24
correlates,8
correspond,19
corrosions,0
corrosives,0
corrugated,6
corrugates,0
corruptest,0
corrupting,8
corruption,603
cortisones,0
coruscated,0
coruscates,0
cosinesses,0
cosmically,1
cosmonauts,2
cosponsors,1
costarring,1
costliness,0
cotangents,0
cotillions,0
cottonseed,0
cottontail,0
cottonwood,0
cotyledons,0
councillor,447
councilman,16
councilmen,2
councilors,30
counseling,72
counselled,5
counsellor,30
counselors,39
countdowns,0
counteract,36
countering,38
counterman,0
countermen,0
counterspy,0
countesses,0
countryman,6
countrymen,17
courageous,92
couriering,0
courtesans,2
courtesies,2
courthouse,110
courtliest,0
courtrooms,12
courtships,1
courtyards,10
couscouses,0
couturiers,0
covenanted,2
covertness,0
covetously,0
cowardices,0
cowcatcher,0
cowpuncher,0
cozinesses,0
crabbiness,0
crackdowns,18
crackheads,2
cracklings,0
craftiness,0
cragginess,0
crankcases,0
crankiness,1
crankshaft,4
cravenness,0
crawfishes,0
crawlspace,0
crayfishes,0
creakiness,0
creameries,1
creaminess,5
creatively,44
creativity,373
credential,9
creditable,13
creditably,2
creepiness,3
cremations,5
crematoria,2
crenelated,0
crenelates,0
crenellate,0
creosoting,0
crescendos,0
cretaceous,0
cretinisms,0
crewelwork,0
cricketers,20
criminally,56
crimsoning,0
crinkliest,0
crinolines,0
crispiness,2
crisscross,4
criterions,0
critically,196
criticisms,82
criticized,316
criticizer,0
criticizes,13
critiquing,5
crocheters,0
crocheting,8
crockeries,0
crocodiles,14
croissants,16
crookedest,0
crooknecks,0
croquettes,3
crossbeams,0
crossbones,1
crossbreed,4
crosscheck,0
crossfires,0
crosshatch,1
crossovers,23
crosspatch,0
crosspiece,0
crossroads,56
crosswalks,14
crosswinds,0
crosswords,5
crowdfunds,0
crucifixes,1
cruciforms,0
crucifying,2
crumbliest,0
crumminess,0
crunchiest,0
crustacean,5
crustiness,0
cryogenics,0
cryptogram,1
cubbyholes,0
cuckolding,0
cudgelling,0
cullenders,0
culminated,75
culminates,13
cultivable,5
cultivated,65
cultivates,12
cultivator,0
culturally,75
cumbersome,29
cummerbund,0
cumulative,77
cuneiforms,0
cunningest,0
cupidities,0
curability,0
curatorial,3
curbstones,0
curettages,0
curlicuing,0
curmudgeon,1
currencies,106
curricular,1
curriculum,264
currycombs,0
curtailing,11
curtaining,0
curtnesses,0
curtseying,0
curvaceous,4
curvacious,0
curvatures,1
cushioning,28
custodians,18
customized,56
customizes,1
cutenesses,0
cutthroats,0
cuttlefish,1
cyberbully,0
cybernetic,2
cyberpunks,0
cybersexes,0
cyberspace,6
cyclically,2
cyclometer,0
cyclopedia,0
cyclotrons,0
cymbalists,0
cytologies,0
cytologist,0
cytoplasms,0
dachshunds,2
daftnesses,0
daintiness,0
dairymaids,0
dairywoman,0
dairywomen,0
dalliances,1
dalmatians,0
damageable,0
damnations,0
dampnesses,0
dandelions,7
dandifying,0
danknesses,0
daredevils,2
darknesses,0
darlingest,0
dartboards,2
dashboards,16
datelining,0
daughterly,0
dauntingly,0
davenports,0
daydreamed,0
daydreamer,0
dazzlingly,3
deactivate,1
deadliness,0
deadlocked,29
deadpanned,4
deadweight,3
deafnesses,0
dealership,55
dearnesses,0
deathblows,0
deathtraps,0
deathwatch,0
debarments,0
debasement,0
debauchees,0
debauchery,7
debauching,0
debentures,5
debilitate,2
debilities,0
debonairly,0
debouching,0
debriefing,3
debutantes,2
decadences,0
decadently,0
decampment,3
decapitate,1
decathlons,0
decelerate,4
decennials,0
deceptions,4
deciliters,0
decimating,6
decimation,8
decimeters,0
deciphered,3
decisively,57
declaimers,0
declaiming,1
declarable,0
declassify,0
declension,0
decolonize,1
decomposed,12
decomposes,0
decompress,9
decontrols,0
decorating,54
decoration,40
decorative,62
decorators,2
decorously,0
decoupaged,0
decoupages,0
decreasing,68
dedicating,41
dedication,786
dedicators,0
dedicatory,0
deductible,13
deductions,55
deepnesses,0
deescalate,1
defacement,0
defalcated,0
defalcates,0
defamation,121
defamatory,35
defaulters,3
defaulting,14
defeatisms,0
defeatists,0
defecating,2
defecation,4
defections,20
defectives,0
defendants,316
defensible,9
defensibly,0
defensives,0
deferences,0
deferments,0
deficiency,62
defilement,5
definitely,1393
definition,268
definitive,96
deflations,0
deflecting,12
deflection,28
deflective,0
deflectors,0
deflowered,0
defoliants,0
defoliated,1
defoliates,0
defoliator,0
deforested,4
defrauders,0
defrauding,19
defrocking,0
defrosters,0
defrosting,4
deftnesses,0
degeneracy,4
degenerate,8
degradable,2
dehumanize,4
dehumidify,0
dehydrated,15
dehydrates,2
dehydrator,0
dejectedly,0
dejections,0
delectable,28
delectably,1
delegating,2
delegation,274
deleverage,0
delftwares,0
deliberate,168
delicacies,10
delicately,27
delightful,139
delighting,18
delimiting,0
delineated,1
delineates,1
delinquent,16
deliquesce,0
deliverers,1
deliveries,235
delivering,725
delphinium,0
delusional,32
delusively,0
demagogies,0
demagogues,1
demarcated,4
demarcates,0
demeanours,0
dementedly,0
demimondes,0
demitasses,0
demobilize,0
democratic,466
demodulate,0
demography,7
demolished,175
demolishes,1
demolition,195
demonetize,0
demoniacal,0
demonology,0
demoralize,1
demulcents,0
demureness,0
denaturing,0
denigrated,5
denigrates,0
denominate,0
denotation,0
denotative,0
denouement,10
denouncing,32
dentifrice,0
dentitions,0
denudation,0
deodorants,2
deodorized,0
deodorizer,0
deodorizes,0
department,1539
departures,44
dependable,44
dependably,3
dependance,2
dependants,9
dependence,73
dependency,52
dependents,24
depictions,19
depilatory,0
depletions,0
deplorable,30
deplorably,0
deployment,263
depolarize,0
depopulate,3
deportment,0
depositing,22
deposition,39
depositors,14
depository,3
deprecated,4
deprecates,0
depreciate,10
depressant,0
depressing,54
depression,320
depressive,15
depressors,0
deprograms,0
deputation,11
deputizing,0
derailleur,2
derailment,27
deregulate,3
derisively,5
derivation,2
derivative,15
dermatitis,5
derogating,0
derogation,6
derogatory,49
derringers,0
desalinate,0
desalinize,0
descanting,0
descendant,19
descendent,2
descending,38
describers,0
describing,391
desecrated,5
desecrates,0
desertions,1
deservedly,23
deshabille,0
desiccants,0
desiccated,2
desiccates,0
desiccator,0
desiderata,0
designated,367
designates,9
designings,0
desolately,0
desolating,0
desolation,6
despairing,12
despatched,6
despatches,1
desperados,0
despicable,49
despicably,0
despoilers,0
despoiling,0
despondent,7
despotisms,0
destroyers,19
destroying,159
destructed,0
desuetudes,0
detachable,19
detachment,30
detainment,2
detectable,10
detectible,0
detections,1
detectives,238
detentions,11
detergents,7
determents,0
determined,1013
determiner,0
determines,56
deterrence,47
deterrents,15
detestable,3
detestably,0
dethroning,3
detonating,9
detonation,11
detonators,6
detoxified,1
detoxifies,1
detracting,3
detraction,0
detractors,52
detriments,0
deuteriums,0
devastated,304
devastates,5
devastator,0
developers,504
developing,966
deviancies,0
deviations,8
devilishly,2
devilments,0
deviltries,0
devitalize,0
devolution,64
devotional,9
devoutness,0
dewberries,0
dewinesses,0
diabolical,15
diacritics,0
diagnosing,12
diagnostic,75
diagonally,10
diagraming,0
diagrammed,0
dialectics,0
diaphanous,1
diaphragms,2
diarrhoeas,0
dictations,0
dictionary,23
dielectric,4
dieticians,2
dietitians,6
difference,1494
difficulty,299
diffidence,0
diffusions,0
digestible,11
digestions,0
digitizing,7
dignifying,1
digressing,1
digression,1
digressive,0
dilatation,0
dilettante,3
dilettanti,0
diligences,0
diligently,80
dillydally,0
dimensions,101
diminished,98
diminishes,21
diminuendo,0
diminution,5
diminutive,11
dinnertime,2
dinnerware,1
diphtheria,8
diphthongs,0
diplomatic,392
dipsomania,0
directions,387
directives,62
directness,5
dirigibles,0
disability,315
disabusing,0
disaffects,0
disallowed,31
disappears,45
disappoint,73
disapprove,7
disarrange,0
disarrayed,0
disastrous,160
disavowals,0
disavowing,3
disbanding,7
disbarment,6
disbarring,0
disbeliefs,0
disbelieve,2
disbursals,0
disbursing,5
discarding,10
discerning,31
discharged,191
discharges,28
discipline,234
disclaimed,2
disclaimer,27
disclosing,50
disclosure,443
discolored,3
discolours,0
discomfits,0
discomfort,141
discommode,0
discompose,0
disconcert,0
disconnect,79
discontent,76
discordant,4
discording,0
discounted,148
discounter,3
discourage,68
discoursed,0
discourses,3
discovered,1138
discoverer,1
discredits,1
discreeter,0
discreetly,18
discrepant,0
discretely,1
discretion,81
discursive,2
discussant,0
discussing,382
discussion,800
disdainful,4
disdaining,0
disembarks,3
disembowel,1
disenchant,0
disengaged,13
disengages,0
disesteems,0
disfavored,5
disfavours,0
disfigured,10
disfigures,0
disgorging,0
disgracing,2
disgruntle,0
disguising,8
disgusting,129
dishabille,0
disharmony,1
dishcloths,0
dishearten,0
disheveled,5
dishonesty,28
dishonored,0
dishtowels,0
dishwasher,49
dishwaters,0
disincline,0
disinfects,0
disinherit,0
disjointed,20
dislocated,21
dislocates,0
dislodging,2
disloyally,0
disloyalty,5
dismantled,65
dismantles,5
dismembers,0
dismissals,10
dismissing,70
dismissive,29
dismounted,1
disobeying,7
disobliged,0
disobliges,0
disordered,8
disorderly,44
disorients,0
disparaged,14
disparages,2
dispassion,0
dispatched,198
dispatcher,23
dispatches,11
dispelling,8
dispensary,22
dispensers,7
dispensing,20
dispersals,1
dispersing,13
dispersion,5
dispirited,3
displacing,22
displaying,125
displeased,8
displeases,1
disporting,0
disposable,88
dispossess,1
dispraised,0
dispraises,0
disproving,2
disputable,0
disputably,0
disputants,0
disqualify,26
disquieted,1
disregards,6
disrepairs,0
disreputes,0
disrespect,62
disrupting,88
disruption,487
disruptive,130
dissatisfy,0
dissecting,15
dissection,10
dissectors,0
dissembled,0
dissembler,0
dissembles,1
dissension,5
dissenters,3
dissenting,40
disservice,29
dissevered,0
dissidence,0
dissidents,20
dissimilar,11
dissipated,16
dissipates,12
dissociate,1
dissoluble,0
dissolving,18
dissonance,13
dissuading,3
dissuasion,0
dissuasive,0
distancing,38
distempers,0
distending,0
distension,0
distention,0
distillate,2
distillers,5
distillery,50
distilling,8
distincter,0
distinctly,51
distorting,10
distortion,28
distracted,129
distraught,46
distressed,66
distresses,3
distribute,173
distrusted,3
disturbers,0
disturbing,237
disunities,0
disuniting,0
divergence,22
diversions,37
divestment,39
divination,2
divinities,0
divisional,47
divisively,0
dixielands,0
djellabahs,0
docilities,0
dockworker,0
doctorates,3
docudramas,0
documented,184
dogcatcher,0
doggedness,4
doggoneder,0
doglegging,0
dogmatisms,0
dogmatists,0
dogtrotted,0
dollhouses,0
dolorously,0
domiciling,0
dominances,0
dominantly,2
dominating,123
domination,80
dominatrix,2
domineered,0
donnybrook,0
doodlebugs,0
doohickeys,1
doomsayers,1
doorkeeper,0
doorplates,0
dopinesses,0
dormancies,0
dosimeters,0
doubtfully,0
doubtingly,0
doughtiest,0
dournesses,0
dovetailed,5
downdrafts,2
downfallen,0
downgraded,182
downgrades,5
downloaded,56
downplayed,45
downscaled,0
downscales,0
downshifts,1
downsizing,12
downspouts,3
downstairs,75
downstates,0
downstream,62
downswings,0
downtrends,0
doxologies,0
drabnesses,0
draftiness,0
dragooning,0
drainboard,0
drainpipes,1
dramatists,0
dramatized,4
dramatizes,4
draughtier,0
draughting,0
drawbridge,4
drawstring,3
dreadfully,2
dreadlocks,0
dreamboats,0
dreaminess,1
dreamlands,0
dreamworld,0
dreariness,1
dressiness,0
dressmaker,4
driftwoods,0
drivelling,1
drizzliest,0
drolleries,0
droopiness,0
drowsiness,6
drudgeries,0
drugstores,1
drumsticks,2
dullnesses,0
dumbfounds,0
dumbnesses,0
dumbstruck,5
dumbwaiter,0
dumfounded,0
dunderhead,0
duodecimal,0
duplicated,14
duplicates,13
duplicator,0
durability,65
dynamiters,0
dynamiting,0
dyslectics,0
dyspepsias,0
dyspeptics,0
dysprosium,6
earmarking,2
earthbound,0
earthiness,4
earthliest,0
earthlings,1
earthquake,192
earthwards,0
earthworks,3
earthworms,7
easinesses,0
easterlies,0
easterners,1
eavesdrops,0
ebullience,0
ebullition,0
eccentrics,0
echinoderm,0
ecological,109
ecologists,6
economical,33
economists,136
economized,0
economizer,0
economizes,0
ecosystems,120
ecotourism,10
ecumenical,2
ecumenisms,0
edginesses,0
edibleness,0
editorials,6
editorship,0
educations,3
eerinesses,0
effacement,0
effectuate,1
effeminacy,0
effeminate,3
effervesce,1
effeteness,0
efficacies,0
efficiency,591
effluences,0
effluviums,0
effortless,59
effrontery,2
effulgence,0
effusively,3
eggbeaters,0
eglantines,0
egocentric,3
egoistical,0
egomaniacs,0
eiderdowns,0
eighteenth,4
eightieths,0
ejaculated,4
ejaculates,0
elaborated,68
elaborates,8
elasticity,17
elasticize,0
elbowrooms,0
elderberry,1
eldercares,0
electorate,169
electrical,291
electrodes,14
electronic,362
elementary,169
elevations,32
eliminated,215
eliminates,48
ellipsoids,0
elliptical,7
elocutions,0
elongating,0
elongation,1
elopements,1
eloquences,0
eloquently,14
elucidated,6
elucidates,1
emaciating,0
emaciation,2
emanations,0
emancipate,2
emasculate,1
embankment,28
embargoing,0
embezzlers,0
embezzling,9
embittered,6
emblazoned,35
emblematic,37
embodiment,29
emboldened,39
embouchure,1
embowering,0
embrasures,0
embroiders,0
embroidery,20
embroiling,0
embryology,0
emendation,0
emergences,2
emigrating,10
emigration,11
emissaries,8
emollients,2
emoluments,5
empaneling,0
empanelled,0
empathetic,38
empathized,0
empathizes,0
emphasized,654
emphasizes,146
emphysemas,0
empiricism,1
empiricist,0
employable,4
employment,751
empowering,204
emulations,0
emulsified,0
emulsifier,0
emulsifies,0
enactments,2
enamelling,0
enamelware,0
enamouring,0
encampment,207
encasement,0
enchaining,0
enchanters,0
enchanting,55
enchiladas,5
enciphered,0
encircling,2
enclosures,16
encounters,173
encouraged,835
encourages,279
encroached,8
encroaches,3
encrusting,0
encumbered,5
encyclical,5
encystment,0
endangered,140
endearment,6
endeavored,2
endeavours,44
endocrines,0
endogenous,3
endorphins,8
endoscopes,0
endoscopic,2
endowments,7
endurances,0
energizers,1
energizing,4
enervating,2
enervation,0
enfeebling,1
enfilading,0
engagement,810
engagingly,1
engendered,8
engineered,59
engravings,5
engrossing,14
engulfment,1
enjambment,0
enjoyments,0
enlightens,0
enlistment,15
enlivening,1
enmeshment,0
enormities,0
enormously,29
enraptured,2
enraptures,0
enrichment,55
enrollment,143
enrolments,10
ensconcing,0
enshrining,3
enshrouded,0
entailment,0
entangling,2
enterprise,270
entertains,7
enthralled,22
enthroning,2
enthusiasm,304
enthusiast,96
enticement,6
enticingly,1
entireties,0
entombment,1
entomology,1
entourages,0
entrancing,5
entrapment,9
entrapping,1
entreaties,1
entreating,0
entrenched,58
entrenches,3
entrusting,8
enumerable,0
enumerated,4
enumerates,1
enumerator,0
enunciated,3
enunciates,0
enuresises,0
envelopers,0
enveloping,11
envenoming,1
envisaging,0
envisioned,85
epaulettes,1
ephedrines,0
epicenters,1
epicentres,1
epicureans,0
epiglottis,0
epilepsies,0
epileptics,0
epinephrin,0
epiphanies,0
episcopacy,0
episcopate,0
epistolary,1
epithelial,1
epithelium,0
epitomized,9
epitomizes,14
equability,0
equalities,10
equalizers,0
equalizing,3
equanimity,3
equatorial,8
equestrian,50
equilibria,0
equipments,0
equipoises,0
equitation,0
equivalent,382
equivocate,1
eradicable,0
eradicated,23
eradicates,0
eradicator,0
ergonomics,7
ergosterol,0
erotically,1
eroticisms,0
eructation,0
eruditions,0
erysipelas,0
escalating,201
escalation,214
escalators,14
escalloped,0
escapement,0
escarpment,7
escritoire,0
escutcheon,0
esophageal,4
espadrille,0
espaliered,0
especially,4207
espionages,0
esplanades,1
essentials,130
estimating,33
estimation,14
estimators,0
estranging,0
eternities,0
ethereally,0
ethnically,16
ethologies,0
ethologist,0
etiologies,0
etiquettes,2
eucalyptus,16
eugenicist,3
eulogistic,0
eulogizers,0
eulogizing,3
euphemisms,4
euphonious,0
euthanasia,25
euthanized,11
euthanizes,0
evacuating,25
evacuation,270
evaluating,82
evaluation,172
evanescent,3
evangelism,6
evangelist,9
evangelize,3
evaporated,14
evaporates,6
evaporator,1
evenhanded,0
evennesses,0
eventfully,0
eventually,1550
eventuated,3
eventuates,0
everglades,0
evergreens,3
everyplace,0
everything,3729
everywhere,494
evidencing,1
evildoings,0
evilnesses,0
eviscerate,1
evocations,0
evolutions,6
exacerbate,71
exactingly,0
exactitude,0
exaggerate,6
exaltation,1
exasperate,0
excavating,14
excavation,44
excavators,8
excellence,363
excellency,2
excelsiors,0
exceptions,114
excerpting,0
exchanging,46
exchequers,0
excitation,1
excitement,563
excitingly,0
exclaiming,10
exclusions,14
exclusives,17
excoriated,4
excoriates,0
excrements,0
excrescent,0
excretions,1
exculpated,0
exculpates,0
excursions,34
execrating,0
execration,0
executions,53
executives,297
exegetical,0
exemptions,74
exercisers,1
exercising,75
exhalation,1
exhausting,74
exhaustion,59
exhaustive,29
exhibiting,49
exhibition,562
exhibitors,31
exhilarate,0
exhumation,2
exigencies,5
exiguities,0
existences,1
exobiology,0
exonerated,13
exonerates,1
exoplanets,7
exorbitant,40
exorcising,0
exorcizing,0
exospheres,0
exothermic,0
exotically,0
exoticisms,0
expandable,7
expansible,0
expansions,39
expatiated,0
expatiates,0
expatriate,12
expectancy,76
expedience,1
expediency,4
expedients,0
expediters,0
expediting,13
expedition,52
expeditors,0
expendable,8
experience,5686
experiment,230
expertises,0
expertness,0
expiations,0
expiration,39
explaining,322
expletives,5
explicable,0
explicated,0
explicates,0
explicitly,123
exploiters,0
exploiting,74
explosions,113
explosives,95
exportable,0
exposition,20
expositors,0
expository,1
expounders,0
expounding,1
expressing,339
expression,323
expressive,27
expressway,25
expulsions,6
expurgated,0
expurgates,0
extendable,14
extendible,0
extensible,0
extensions,86
extenuated,0
extenuates,0
externally,19
extincting,0
extinction,67
extinguish,68
extirpated,2
extirpates,0
extortions,2
extracting,29
extraction,103
extractors,0
extradited,37
extradites,0
extralegal,0
extramural,0
extraneous,3
extraverts,0
extremisms,0
extremists,83
extricable,0
extricated,6
extricates,0
extroverts,3
extrusions,0
exuberance,15
exudations,0
exultantly,0
exultation,0
exurbanite,0
eyeballing,1
eyedropper,0
eyeglasses,8
eyeopeners,0
eyeopening,0
eyestrains,0
eyewitness,43
fabricated,61
fabricates,0
fabricator,1
fabulously,11
facecloths,0
facilitate,345
facilities,1381
facsimiled,0
facsimiles,0
factitious,0
factorials,0
faggotings,0
fairground,19
fairnesses,0
fairylands,0
faithfully,26
falconries,0
fallacious,7
falsehoods,29
falsifiers,0
falsifying,50
familiarly,1
fanaticism,8
fancifully,0
fancyworks,0
fandangoes,0
fantasized,0
fantasizes,0
fantasying,0
farcically,0
farfetched,7
farmhouses,2
farmsteads,0
farsighted,3
fascinated,69
fascinates,6
fashioners,0
fashioning,7
fastenings,0
fastidious,4
fastnesses,0
fatalistic,4
fatalities,139
fatherhood,17
fatherland,5
fatherless,2
fathomable,1
fathomless,0
faultiness,0
favoritism,16
fearlessly,8
featherier,0
feathering,1
fecklessly,1
fecundated,0
fecundates,0
federalism,24
federalist,1
federalize,1
federating,5
federation,88
feebleness,1
felicitate,3
felicities,0
felicitous,1
fellowship,62
femaleness,0
femininely,1
femininity,16
fermenting,4
ferocities,0
ferryboats,0
fertilized,10
fertilizer,76
fertilizes,0
fervencies,0
festooning,1
fetchingly,0
fetishisms,0
fetishists,0
fettuccine,3
feudalisms,0
feverishly,5
fiberboard,0
fiberfills,0
fiberglass,11
fibrillate,0
fickleness,0
fictitious,30
fidelities,0
fieldworks,0
fiendishly,0
fierceness,1
fifteenths,0
figuration,3
figurative,17
figurehead,28
filibuster,18
filmmakers,160
filmstrips,0
filterable,0
filthiness,1
filtrating,0
filtration,18
finalities,0
finalizing,28
financiers,12
financings,0
finenesses,0
fingerings,0
fingerling,1
fingernail,5
fingertips,47
finickiest,0
firebombed,2
firebrands,2
firebreaks,0
firebricks,0
firefights,2
firehouses,1
firelights,0
fireplaces,24
firepowers,0
fireproofs,0
firestorms,1
firetrucks,1
firewaters,0
firmaments,0
firmnesses,0
firstborns,0
fishmonger,1
fishtailed,0
fistfights,2
fisticuffs,4
fitfulness,0
flabbiness,0
flaccidity,0
flagellate,0
flagellums,0
flagrances,0
flagrantly,5
flagstaffs,0
flagstones,1
flamboyant,27
flameproof,0
flamingoes,1
flammables,0
flannelets,0
flanneling,0
flannelled,0
flashbacks,25
flashbulbs,1
flashcards,2
flashcubes,0
flashiness,1
flashlight,28
flashpoint,29
flatfishes,0
flatfooted,0
flatnesses,0
flattening,12
flatterers,0
flatteries,0
flattering,76
flatulence,5
flavorings,5
flavorless,3
flavorsome,0
flavouring,4
flawlessly,16
fledgeling,0
fledglings,5
fleeciness,0
fleetingly,5
fleshliest,0
flexitimes,0
flickering,14
flightiest,0
flightless,5
flimsiness,1
flintlocks,0
flippantly,1
flirtation,11
floodgates,15
floodlight,4
floodplain,12
floodwater,18
floorboard,2
flophouses,0
floppiness,0
florescent,1
floridness,0
flotations,1
flounciest,0
floundered,3
flourished,26
flourishes,11
flowcharts,3
flowerbeds,3
floweriest,0
flowerless,0
flowerpots,0
fluctuated,13
fluctuates,7
fluffiness,1
fluidities,0
flummoxing,0
fluoresced,0
fluoresces,0
fluoridate,0
flustering,0
fluttering,7
flycatcher,2
flyspecked,0
flyswatter,0
flyweights,0
folklorist,0
folksiness,0
folksinger,1
followings,6
fondnesses,0
fontanelle,0
foodstuffs,8
footballer,132
footbridge,21
footlights,0
footlocker,0
footnoting,0
footprints,26
footstools,0
forbearing,0
forbidding,9
forcefully,53
forearming,0
foreboding,9
forecasted,63
forecaster,45
forecastle,0
foreclosed,5
forecloses,0
forecourts,7
foredoomed,0
forefather,0
forefinger,1
forefronts,0
foregather,0
foreground,21
foreigners,98
foreordain,0
foreperson,4
forerunner,6
foreseeing,5
foreshadow,4
foresights,0
forestalls,0
forestland,1
forestries,0
foreswears,0
foretasted,0
foretastes,0
forewarned,7
forfeiting,3
forfeiture,37
forgathers,0
forgetting,61
forgivable,9
formalisms,0
formalists,0
formalized,13
formalizes,2
formations,42
formatting,10
formidable,153
formidably,1
formlessly,0
formulated,40
formulates,3
formulator,0
fornicated,0
fornicates,0
fornicator,0
forsythias,0
forthright,17
fortifiers,0
fortifying,17
fortissimo,1
fortitudes,0
fortnights,0
fortresses,2
fortuities,0
fortuitous,12
forwarders,3
forwardest,0
forwarding,11
fossilized,10
fossilizes,0
foulnesses,0
foundation,661
foundering,1
foundlings,0
fourposter,0
fourscores,0
foursquare,0
fourteenth,4
foxinesses,0
foxtrotted,0
fractional,8
fracturing,18
fragmented,55
fragrances,35
fragrantly,0
frameworks,91
franchised,12
franchisee,21
franchiser,0
franchises,114
franchisor,1
fraternity,59
fraternize,0
fratricide,1
fraudulent,179
freakishly,3
freckliest,0
freebasing,0
freebooter,0
freeholder,4
freelanced,1
freelancer,15
freelances,1
freeloaded,0
freeloader,0
freestones,1
freestyles,1
freewheels,0
freighters,1
freighting,0
frenziedly,0
frequented,21
frequenter,0
frequently,529
fresheners,4
freshening,2
freshwater,35
fricasseed,0
fricassees,0
fricatives,0
frictional,1
friedcakes,0
friendless,2
friendlier,12
friendlies,29
friendship,448
frightened,62
frigidness,0
fripperies,0
friskiness,0
frittering,2
frizzliest,0
frolickers,0
frolicking,6
frolicsome,0
frontwards,0
frostbites,0
frostiness,1
frothiness,1
frowziness,0
fructified,0
fructifies,0
fruitcakes,0
fruitfully,0
fruitiness,0
frustrated,341
frustrates,4
fulfilling,151
fulfilment,32
fullnesses,0
fulminated,0
fulminates,0
fumblingly,0
fumigating,0
fumigation,1
fumigators,0
functional,177
functioned,14
fundraiser,281
funereally,0
fungicidal,0
fungicides,3
funiculars,0
funnelling,3
furbishing,0
furloughed,2
furnishing,12
furnitures,0
furthering,25
fusibility,0
fusillades,0
fussbudget,0
futilities,0
futuristic,55
futurities,0
futurology,0
gabardines,0
gaberdines,0
gadgetries,0
gadolinium,1
gainsayers,0
gainsaying,1
gallantest,0
gallivants,1
gallstones,1
galumphing,1
galvanised,12
galvanises,1
galvanisms,0
galvanized,9
galvanizes,2
gambolling,0
gamekeeper,1
gamenesses,0
gaminesses,0
ganglionic,0
gangplanks,0
gangrening,0
gangrenous,0
gardenings,0
gargantuan,20
garishness,0
garlanding,1
garnisheed,0
garnishees,0
garnishing,2
garrisoned,1
garrotting,0
gastronomy,12
gastropods,2
gatehouses,0
gatekeeper,12
gatherings,155
gaucheness,0
gaucheries,0
gazetteers,0
gearshifts,0
gearwheels,0
gelatinous,4
gelignites,0
gemologies,0
gemologist,0
generalist,4
generality,4
generalize,4
generating,206
generation,1201
generative,272
generators,78
generosity,170
generously,63
geneticist,5
gentlefolk,0
gentleness,5
gentrified,5
gentrifies,0
genuflects,0
geocaching,0
geocentric,0
geographer,1
geographic,70
geological,54
geologists,9
geometries,1
geophysics,1
geothermal,50
geothermic,0
geriatrics,2
germaniums,0
germicidal,0
germicides,0
germinated,2
germinates,0
gestations,0
gesundheit,0
ghastliest,0
ghettoized,0
ghettoizes,0
ghostliest,0
ghostwrite,0
ghostwrote,0
ghoulishly,1
giantesses,1
gingersnap,1
gingivitis,1
girlfriend,349
glaciating,0
glaciation,1
gladdening,1
gladiators,10
gladnesses,0
glamorized,0
glamorizes,0
glamourize,0
glamourous,8
glassiness,0
glasswares,0
glibnesses,0
glimmering,1
glissandos,0
glistening,8
glistering,0
glittering,37
gloatingly,0
globalisms,0
globalists,7
globalized,3
globalizes,0
gloominess,1
glorifying,5
gloriously,11
glossaries,0
glossiness,0
glumnesses,0
gluttonies,0
gluttonous,6
glycerines,0
goalkeeper,385
goaltender,93
godfathers,4
godmothers,0
godparents,3
goldbricks,0
goldenrods,0
goldfishes,0
goldsmiths,1
gondoliers,0
gonorrheal,0
gonorrheas,0
gonorrhoea,2
goodnesses,0
gooseberry,1
goosebumps,6
gooseflesh,0
gorgeously,6
gorinesses,0
gormandize,0
gossipping,0
governable,0
governance,599
government,10606
gracefully,21
graciously,22
gradations,3
gradualism,0
graduating,168
graduation,245
graininess,0
grammarian,0
gramophone,2
grandaunts,0
grandchild,23
granddaddy,2
grandniece,2
grandstand,18
granduncle,0
granulated,6
granulates,0
grapefruit,17
grapeshots,0
grapevines,2
graphology,0
grasslands,12
gratefully,34
gratifying,25
gratitudes,0
gratuities,8
gratuitous,17
gravelling,0
gravesides,0
gravestone,10
graveyards,4
gravimeter,0
gravitated,11
gravitates,0
graybeards,0
graynesses,0
greasiness,2
greatcoats,0
greediness,1
greenbacks,2
greenbelts,0
greeneries,2
greengages,0
greenhorns,0
greenhouse,201
greenmails,0
greenrooms,0
greensward,1
greenwoods,0
gregarious,5
grenadiers,0
grenadines,0
greyhounds,4
gridlocked,7
grievances,114
grievously,3
grimnesses,0
grindstone,0
grisliness,0
gristliest,0
gristmills,0
grittiness,2
grizzliest,0
grogginess,2
grosgrains,0
grotesques,0
grouchiest,0
groundhogs,3
groundings,1
groundless,5
groundnuts,3
groundwork,82
groupwares,0
grovellers,0
grovelling,3
grubbiness,0
grubstakes,0
grudgingly,8
gruesomely,2
gruesomest,0
grumpiness,2
guacamoles,0
guaranteed,315
guarantees,161
guarantied,0
guaranties,0
guarantors,4
guardhouse,0
guardrails,28
guardrooms,0
guerrillas,8
guessworks,0
guidebooks,6
guidelines,389
guideposts,0
guildhalls,0
guillotine,16
guiltiness,0
guitarists,12
gumshoeing,0
gunfighter,2
gunnysacks,0
gunpowders,0
gunrunners,2
gunrunning,0
gunslinger,4
gymnasiums,6
gymnastics,72
gymnosperm,0
gynecology,2
gyrfalcons,0
gyroscopes,1
gyroscopic,1
habiliment,1
habitation,14
habitually,9
habituated,3
habituates,0
hackneying,0
hacktivist,0
hailstones,1
hailstorms,4
haircloths,0
hairdryers,1
hairpieces,0
hairspring,0
hairstyles,19
halleluiah,0
hallelujah,5
hallmarked,0
hamburgers,14
hammerhead,2
hammerlock,2
hammertoes,1
hamstrings,3
handbarrow,0
handclasps,0
handcrafts,2
handcuffed,46
handicraft,5
handiworks,0
handlebars,17
handmaiden,0
handpicked,23
handshakes,7
handsomely,9
handsomest,2
handspring,8
handstands,0
hankerings,0
happenings,26
haranguing,5
harassment,332
harbingers,4
harbouring,11
hardboards,0
hardcovers,0
hardheaded,1
hardihoods,0
hardliners,9
hardnesses,0
hardstands,0
harelipped,0
harlequins,0
harlotries,0
harmlessly,6
harmonicas,0
harmonious,54
harmoniums,0
harmonized,3
harmonizer,0
harmonizes,4
harnessing,37
harpooners,0
harpooning,0
harvesters,6
harvesting,76
hasheeshes,0
hatchbacks,0
hatcheries,4
hatemonger,0
haughtiest,0
hauntingly,5
haversacks,0
hazinesses,0
headboards,2
headhunted,3
headhunter,0
headlights,49
headliners,28
headlining,44
headmaster,11
headphones,163
headpieces,2
headstalls,0
headstands,1
headstones,10
headstrong,5
headwaiter,0
headwaters,8
healthcare,1076
healthiest,21
hearkening,0
heartaches,1
heartbeats,3
heartbreak,87
heartburns,0
heartening,27
heartiness,0
heartlands,6
heartthrob,15
heartwoods,0
heathendom,0
heathenish,0
heathenism,0
heatproofs,0
heatstroke,19
heavenlier,0
heavenward,2
hectically,1
hectograms,0
hectometer,0
hedonistic,9
heedlessly,0
hegemonies,0
heightened,217
helicopter,359
heliotrope,0
hellebores,0
helplessly,12
hematology,2
hemisphere,41
hemoglobin,5
hemophilia,2
hemorrhage,5
hemorrhoid,0
henceforth,17
henpecking,0
heptagonal,0
heptathlon,10
heraldries,0
herbaceous,9
herbalists,2
herbicidal,0
herbicides,10
herbivores,4
hereabouts,0
hereafters,0
hereditary,28
heredities,0
heretofore,1
hermetical,0
hermitages,0
herniating,0
herniation,1
heroically,8
hesitances,0
hesitantly,0
hesitating,4
hesitation,65
heterodoxy,0
heuristics,0
hexameters,0
hibernated,0
hibernates,0
hibernator,0
hibiscuses,0
hiccoughed,0
hiccupping,1
hierarchic,0
hieroglyph,0
highchairs,0
highhanded,0
highjacked,0
highlander,0
highlights,779
highnesses,0
hightailed,0
highwayman,3
highwaymen,0
hijackings,5
hilarities,0
hindrances,2
hindsights,0
hinterland,23
hippodrome,0
histamines,0
histograms,0
historians,54
historical,695
histrionic,2
hitchhiked,1
hitchhiker,2
hitchhikes,0
hoarfrosts,0
hoarseness,0
hobbyhorse,2
hobgoblins,1
hobnailing,0
hobnobbing,0
hodgepodge,5
holidaying,24
holinesses,0
hollowness,2
hollyhocks,0
holocausts,0
holographs,0
holography,1
holstering,0
homebodies,0
homecoming,57
homeliness,0
homemakers,2
homemaking,2
homeopaths,2
homeopathy,1
homeowners,283
homesteads,3
hominesses,0
homogenize,0
homographs,0
homologous,0
homophobia,26
homophobic,49
homophones,2
homosexual,19
honeycombs,1
honeymoons,0
honorarily,0
honorarium,4
honorifics,0
honourable,29
hoodwinked,1
hootenanny,0
hopelessly,16
horehounds,0
horizontal,39
hornblende,0
horologies,0
horologist,2
horoscopes,1
horrendous,92
horrifying,89
horsebacks,0
horseflesh,0
horseflies,0
horsehairs,0
horsehides,0
horselaugh,0
horseplays,0
horsepower,91
horseshoed,0
horseshoes,4
horsetails,0
horsewhips,0
horsewoman,2
horsewomen,0
hospitable,16
hospitably,1
hostelling,0
hostelries,1
hostessing,0
hotblooded,0
hotdogging,0
hotfooting,0
houseboats,3
housebound,4
housebreak,0
housebroke,0
houseclean,0
housecoats,0
houseflies,2
households,583
housemaids,0
houseplant,7
housewares,1
housewives,10
houseworks,0
hovercraft,6
huckstered,0
hugenesses,0
hullabaloo,1
humaneness,1
humanistic,3
humanities,25
humanizers,0
humanizing,7
humbleness,0
humbugging,0
humdingers,0
humidified,0
humidifier,6
humidifies,0
humidities,0
humiliated,47
humiliates,0
humilities,0
humorously,38
humpbacked,0
hunchbacks,0
hundredths,4
hungriness,0
huntresses,0
hurricanes,89
husbanding,0
husbandman,0
husbandmen,0
hybridisms,0
hybridized,1
hybridizes,0
hydrangeas,14
hydrations,0
hydraulics,5
hydrofoils,1
hydrolyses,0
hydrolysis,2
hydrolyzed,0
hydrolyzes,0
hydrometer,2
hydrometry,0
hydrophone,2
hydroplane,1
hydroponic,3
hydroxides,1
hygienists,5
hygrometer,0
hyperbolae,0
hyperbolas,0
hyperboles,0
hyperbolic,13
hyperlinks,1
hypermedia,0
hypertexts,0
hyphenated,1
hyphenates,0
hypnotisms,0
hypnotists,3
hypnotized,3
hypnotizes,1
hypocrites,5
hypodermic,3
hypotenuse,0
hypotheses,4
hypothesis,38
hysterical,27
ibuprofens,0
icebreaker,10
iconoclasm,1
iconoclast,2
idealistic,16
idealizing,0
identified,1522
identifies,81
identities,163
ideographs,0
ideologies,55
ideologist,1
ideologues,8
idiopathic,1
idlenesses,0
idolatress,0
idolatries,0
idolatrous,1
iffinesses,0
ignominies,1
ignorances,0
ignorantly,3
illegality,16
illiteracy,5
illiterate,17
illuminate,39
illumining,0
illustrate,61
imaginable,29
imaginably,0
imbalances,24
imbecility,0
imbroglios,0
imitations,5
immaculate,25
immanences,0
immanently,0
immaterial,5
immaturely,0
immaturity,7
immemorial,8
immersible,0
immersions,0
immigrants,435
immigrated,27
immigrates,1
imminences,0
imminently,25
immobility,1
immobilize,0
immoderate,0
immodestly,0
immolating,0
immolation,1
immorality,6
immortally,0
immunities,4
immunizing,3
immunology,5
impairment,72
impalement,0
impalpable,0
impalpably,0
impaneling,0
impanelled,0
impassable,21
impassably,0
impassible,2
impassibly,0
impatience,11
impeachers,0
impeaching,10
impeccable,49
impeccably,13
impedances,0
impediment,22
impenitent,0
imperative,216
imperfects,0
imperially,0
imperiling,1
imperilled,2
impersonal,3
impervious,7
impishness,0
implacable,10
implacably,3
implanting,2
implements,27
implicated,55
implicates,3
implicitly,13
implosions,1
impolitely,0
importable,0
importance,1550
importuned,0
importunes,0
imposingly,0
imposition,49
impossible,645
impossibly,18
impostures,0
impotences,0
impotently,0
impounding,6
impoverish,5
imprecated,0
imprecates,0
impregnate,0
impresario,2
impressing,42
impression,310
impressive,1164
imprimatur,4
imprinters,0
imprinting,0
imprisoned,131
improbable,38
improbably,2
impromptus,0
improperly,58
improvable,0
improvised,36
improviser,1
improvises,0
improvisor,0
imprudence,2
impudences,0
impudently,0
impulsions,0
impunities,0
impurities,6
imputation,0
inaccuracy,7
inaccurate,83
inactivate,1
inactively,0
inactivity,28
inadequacy,17
inadequate,176
inamoratas,0
inarguable,4
inartistic,0
inaugurals,0
inaugurate,19
inbounding,0
inbreeding,5
incapacity,6
incarnated,2
incarnates,0
incautious,1
incendiary,19
incentives,214
inceptions,0
incestuous,6
incidences,19
incidental,22
incinerate,2
incipience,0
incisively,0
incitement,26
incivility,3
inclemency,0
inclosures,0
inclusions,10
incognitos,0
incoherent,15
incommoded,0
incommodes,0
incomplete,95
inconstant,0
increasing,1234
incredible,1273
incredibly,944
increments,21
incrusting,0
incubating,3
incubation,8
incubators,16
inculcated,4
inculcates,1
inculpable,0
inculpated,0
inculpates,0
incumbency,5
incumbents,27
incumbered,0
incunabula,0
incurables,0
incursions,22
indecently,13
indecision,9
indecisive,7
indecorous,0
indefinite,66
indelicacy,0
indelicate,0
indentions,0
indentured,3
indentures,0
indexation,5
indicating,373
indication,250
indicative,71
indicators,135
indictable,14
indictment,255
indigences,0
indigenous,156
indigently,0
indirected,0
indirectly,83
indiscreet,1
indisposed,2
indistinct,1
individual,1669
indolences,0
indolently,0
inducement,5
inductance,0
inductions,4
indulgence,28
industrial,962
industries,532
indwelling,0
inebriated,7
inebriates,0
ineducable,0
inefficacy,0
inelegance,0
ineligible,55
ineligibly,0
ineptitude,5
inequality,148
inequities,34
inevitable,248
inevitably,136
inexorable,2
inexorably,9
inexpertly,0
inexpiable,0
infallible,10
infallibly,0
infamously,28
infantries,0
infarction,3
infatuated,13
infatuates,0
infections,243
infectious,135
infelicity,0
inferences,4
infernally,0
infidelity,35
infielders,5
infighters,0
infighting,24
infiltrate,33
infinitely,15
infinities,0
infinitive,0
infinitude,0
inflatable,59
inflations,0
inflecting,1
inflection,21
inflexible,7
inflexibly,0
inflexions,0
inflicting,40
infliction,7
inflictive,0
influenced,257
influences,147
influenzas,0
informally,26
informants,17
infraction,6
infrasonic,0
infrequent,11
infringing,7
infuriated,25
infuriates,4
ingestions,0
inglenooks,0
inglorious,1
ingraining,0
ingratiate,6
ingredient,147
inhabitant,1
inhabiting,11
inhalation,39
inhalators,0
inherently,86
inheriting,11
inheritors,2
inhibiting,8
inhibition,4
inhibitors,12
inhibitory,2
inhumanely,2
inhumanity,5
inimically,0
inimitable,11
inimitably,0
iniquities,0
iniquitous,0
initialing,0
initialize,0
initialled,0
initiating,44
initiation,29
initiative,1087
initiators,4
initiatory,0
injections,56
injunction,78
injustices,37
inkinesses,0
innateness,0
innersoles,0
innervated,0
innervates,0
innkeepers,1
innocences,0
innocently,9
innovating,17
innovation,764
innovative,608
innovators,44
innuendoes,0
innumeracy,1
innumerate,0
inoculated,3
inoculates,0
inoperable,12
inordinate,8
inpatients,3
inquietude,0
inquisitor,0
insanitary,1
insanities,0
insatiable,21
insatiably,0
inscribers,0
inscribing,0
insecurely,0
insecurity,255
inseminate,1
insensible,2
insensibly,0
insentient,0
insertions,0
insightful,68
insinuated,8
insinuates,2
insinuator,0
insipidity,0
insistence,58
insobriety,0
insolences,0
insolently,0
insolvable,0
insolvency,25
insolvents,0
insomniacs,0
insouciant,0
inspecting,35
inspection,369
inspectors,124
inspirited,0
installers,13
installing,166
instalment,41
instancing,0
instigated,30
instigates,0
instigator,8
instilling,24
instituted,34
instituter,0
institutes,28
institutor,0
instructed,239
instructor,136
instrument,157
insularity,2
insulating,17
insulation,86
insulators,2
insurances,2
insurgence,2
insurgency,40
insurgents,34
intangible,23
intangibly,0
integrally,3
integrated,332
integrates,53
integument,0
intellects,2
intensives,0
intentions,210
intentness,0
interacted,45
interbreed,1
interceded,2
intercedes,0
intercepts,16
interdicts,0
interested,1053
interfaced,1
interfaces,31
interfaith,19
interfered,23
interferes,14
interferon,1
interfiled,0
interfiles,0
interjects,1
interlaced,0
interlaces,0
interlards,0
interleave,0
interlined,0
interlines,0
interlinks,0
interlocks,0
interloped,0
interloper,5
interlopes,0
interludes,12
intermarry,0
interments,1
intermezzi,0
intermezzo,1
intermixed,1
intermixes,0
internally,99
internists,2
internment,13
internship,65
interplays,1
interposed,0
interposes,0
interprets,10
interregna,0
interrupts,18
intersects,8
interstate,69
interstice,0
intertwine,15
interurban,1
intervened,103
intervenes,7
interviews,472
interweave,0
interwoven,13
intestinal,16
intestines,23
intimacies,1
intimately,29
intimating,1
intimation,4
intimidate,72
intolerant,8
intonation,3
intoxicant,3
intoxicate,1
intramural,5
intrastate,0
intrenched,0
intrenches,0
intrepidly,0
intriguers,0
intriguing,199
introduced,1199
introduces,150
introspect,1
introverts,2
intrusions,4
intrusting,0
intuitions,6
inundating,7
inundation,9
invalidate,17
invaliding,0
invalidism,0
invalidity,3
invaluable,207
invaluably,0
invariable,4
invariably,29
invectives,0
inveighing,0
inveiglers,0
inveigling,0
inventions,24
inversions,5
investment,2905
inveteracy,0
inveterate,1
invigorate,5
invincible,12
invincibly,0
inviolable,3
inviolably,0
invitation,276
invitingly,3
invocation,4
involution,0
ionization,2
ionosphere,3
iridescent,9
ironically,51
ironstones,0
irradiated,2
irradiates,0
irrational,35
irregulars,0
irrelevant,68
irresolute,1
irreverent,19
irrigating,3
irrigation,99
irritating,33
irritation,63
irruptions,0
isolations,1
isomerisms,0
isometrics,0
italicized,0
italicizes,0
iterations,41
itinerants,0
jacarandas,0
jackhammer,0
jackknifed,4
jackknifes,0
jackknives,0
jackrabbit,0
jackstraws,0
jaggedness,0
jailbreaks,2
jailbroken,1
jambalayas,0
janitorial,5
jardiniere,0
jaundicing,0
jauntiness,0
jawbreaker,3
jaywalkers,1
jaywalking,4
jealousies,1
jellybeans,1
jellyrolls,0
jeopardies,0
jeopardize,33
jerrybuilt,0
jessamines,0
jettisoned,4
jimsonweed,0
jingoistic,4
jinricksha,0
jinrikisha,0
jinrikshas,0
jitterbugs,0
jitteriest,0
jobholders,0
jockstraps,2
jocoseness,0
jocosities,0
jocularity,0
johnnycake,0
journalese,0
journalism,273
journalist,493
journeyers,0
journeying,6
journeyman,5
journeymen,0
joyfullest,0
joyfulness,1
joyousness,1
joyridings,0
jubilantly,2
jubilation,15
judgements,28
judgeships,0
judgmental,14
judicatory,0
judicature,0
judicially,1
juggernaut,29
juggleries,0
julienning,0
junketeers,0
justifying,28
justnesses,0
juxtaposed,9
juxtaposes,1
keelhauled,0
keennesses,0
kennelling,0
kerchieves,0
kettledrum,0
keyboarded,0
keyboarder,0
keypunched,0
keypuncher,0
keypunches,0
keystrokes,5
kickstands,0
kidnappers,66
kidnapping,163
kilocycles,0
kiloliters,0
kilometers,230
kilometres,248
kindliness,0
kindnesses,2
kinematics,0
kingfisher,1
kitschiest,0
kiwifruits,0
klutziness,0
knackwurst,0
kneecapped,0
knickknack,0
knighthood,15
knightlier,0
knockdowns,2
knockwurst,0
knowledges,0
kohlrabies,0
kookaburra,1
laboratory,111
labyrinths,0
lacerating,1
laceration,8
lachrymose,0
lackluster,54
lacklustre,22
lacquering,1
lactations,0
ladyfinger,0
lagniappes,0
lamaseries,0
lambasting,7
lambencies,0
lamebrains,0
lamenesses,0
lamentable,5
lamentably,0
laminating,1
lamination,2
lampblacks,0
lamplights,0
lampooning,1
lampshades,2
landholder,2
landladies,1
landlocked,18
landlubber,1
landmasses,1
landowners,73
landowning,1
landscaped,33
landscaper,4
landscapes,156
landslides,72
languished,10
languishes,6
languorous,1
lanknesses,0
lanthanums,0
lapidaries,0
larcenists,0
laryngitis,1
lascivious,5
lassitudes,0
latecomers,2
latenesses,0
lateraling,0
lateralled,0
laughingly,3
launchpads,1
launderers,1
laundering,163
laundrette,0
laundromat,6
laundryman,1
laundrymen,0
lavalieres,0
lavatories,6
lavishness,1
lawbreaker,2
lawfulness,10
lawmakings,0
lawnmowers,1
lawrencium,0
laypersons,0
lazinesses,0
leaderless,0
leadership,2173
leafleting,5
leafletted,0
leafstalks,0
leannesses,0
leasebacks,0
leaseholds,1
leavenings,0
legalistic,3
legalities,4
legalizing,13
legibility,1
legislated,14
legislates,0
legislator,40
legitimacy,112
legitimate,337
legitimize,6
leguminous,1
leitmotifs,0
leitmotivs,0
lengthened,10
lengthiest,3
lengthways,0
lengthwise,3
leniencies,0
leopardess,0
leprechaun,4
lesbianism,0
lethargies,0
letterhead,9
letterings,0
leukaemias,0
leukocytes,0
leveraging,188
leviathans,0
levitating,3
levitation,2
lewdnesses,0
liberalism,16
liberality,0
liberalize,1
liberating,33
liberation,106
liberators,1
libertines,0
libidinous,0
librarians,27
librettist,1
licentiate,0
licentious,0
lieutenant,76
lifebloods,0
lifeguards,30
lifelessly,1
lifesavers,3
lifesaving,49
lifestyles,64
ligaturing,0
lighteners,0
lightening,11
lightfaced,0
lightfaces,0
lighthouse,30
lightnings,0
lightproof,0
lightships,0
likability,4
likelihood,219
likeliness,0
likenesses,4
limberness,0
limelights,0
limestones,0
limitation,38
limousines,1
limpidness,0
limpnesses,0
lineaments,0
linebacker,157
linguistic,42
lipreaders,0
lipreading,0
liquefying,0
liquidated,8
liquidates,0
liquidator,6
liquidized,0
liquidizer,0
liquidizes,0
liquifying,0
liquorices,0
listlessly,0
literacies,0
literately,0
literature,149
lithograph,2
litigating,3
litigation,174
litigators,4
litterbugs,0
littleness,0
liturgical,12
liturgists,0
livability,4
livelihood,73
liveliness,1
liverworts,0
liverwurst,7
livestocks,0
loadstones,0
lobotomies,0
lobotomize,1
localities,34
localizing,1
locksmiths,0
locomotion,0
locomotive,20
lodestones,0
loganberry,0
logarithms,0
loggerhead,2
logicality,0
logistical,89
logrolling,0
loincloths,0
loiterings,0
loneliness,106
lonesomely,0
longitudes,0
lookalikes,3
lopsidedly,1
loquacious,1
lordliness,0
lorgnettes,0
loudhailer,0
loudmouths,1
loudnesses,0
loveliness,0
lovemaking,2
lowercases,0
lowlanders,0
lubricants,11
lubricated,2
lubricates,0
lubricator,0
lubricious,0
lucidities,0
lucubrated,0
lucubrates,0
lugubrious,0
lukewarmly,0
lumberings,0
lumberjack,7
lumberyard,0
luminaries,19
luminosity,3
luminously,0
lunchrooms,1
lunchtimes,3
lungfishes,0
lusciously,0
lushnesses,0
lusterless,0
lustrously,0
luxuriance,0
luxuriated,0
luxuriates,1
lymphatics,0
lymphocyte,0
lymphomata,0
macadamias,1
macadamize,0
macaronies,0
macerating,0
maceration,0
machinated,0
machinates,0
machinists,5
mackintosh,0
macrocosms,0
maelstroms,0
magistracy,0
magistrate,80
magnesiums,0
magnetised,0
magnetises,0
magnetisms,0
magnetites,0
magnetized,3
magnetizes,0
magnifiers,1
magnifying,8
magnitudes,6
maharajahs,1
maharanees,0
maharishis,0
mahoganies,0
maidenhair,1
maidenhead,0
maidenhood,0
mainframes,0
mainlining,1
mainspring,1
mainstream,335
maintained,556
maisonette,6
majordomos,0
majorettes,0
majorities,46
makeshifts,0
malachites,0
malathions,0
malcontent,0
malefactor,0
maleficent,1
malenesses,0
malevolent,23
malignancy,2
malingered,0
malingerer,0
malodorous,0
maltreated,1
mammalians,0
mammograms,6
manageable,66
management,2282
managerial,58
mandamuses,0
mandibular,1
maneuvered,9
manganeses,0
manhandled,7
manhandles,1
maniacally,1
manicuring,0
manicurist,2
manifested,26
manifestly,5
manifestos,16
manifolded,0
manipulate,99
mannequins,8
mannerisms,29
manoeuvred,0
manoeuvres,17
manometers,0
manservant,2
manumitted,0
manuscript,22
maraschino,0
marathoner,3
marbleized,0
marbleizes,0
margarines,0
margaritas,11
marginalia,0
marginally,35
marihuanas,0
marijuanas,0
marinading,0
marinating,2
marination,0
marionette,0
marketable,8
marketeers,1
marketings,0
marmalades,1
marquesses,0
marshaling,0
marshalled,4
marshlands,2
marsupials,2
martingale,0
martyrdoms,0
marvelling,5
marvellous,25
mascaraing,0
masculines,0
masochisms,0
masochists,2
masquerade,14
massacring,2
mastectomy,15
mastermind,55
masterwork,3
masticated,0
masticates,0
masturbate,3
matchbooks,0
matchboxes,0
matchlocks,0
matchmaker,9
matchstick,1
matchwoods,0
materially,51
maternally,0
matriarchs,5
matriarchy,1
matricidal,0
matricides,0
mattresses,120
maturating,0
maturation,8
maturities,15
maundering,0
mausoleums,1
maximizing,52
mayflowers,0
mayonnaise,21
mayoresses,0
meadowlark,0
meagerness,0
meandering,15
meaningful,519
meannesses,0
meanwhiles,0
measurable,28
measurably,3
meatloaves,0
mechanical,167
mechanisms,185
mechanized,17
mechanizes,0
medallions,3
medallists,17
meddlesome,0
mediations,1
medicament,0
medicating,1
medication,342
mediocrity,16
meditating,6
meditation,92
meditative,10
meeknesses,0
meerschaum,0
megachurch,7
megacycles,0
megadeaths,0
megalithic,1
megaphoned,0
megaphones,5
melancholy,20
melanomata,0
meliorated,0
meliorates,0
mellowness,2
melodramas,1
membership,425
membranous,0
memorandum,73
memorizing,5
menacingly,6
menageries,0
mendacious,0
mendicancy,0
mendicants,0
meningitis,27
meniscuses,0
menopausal,9
menopauses,0
menstruate,3
mensurable,0
mentalists,0
mentioning,112
mercantile,2
mercerized,0
mercerizes,0
mercifully,8
mergansers,0
merriments,0
merrymaker,0
mescalines,0
mesmerisms,0
mesmerized,13
mesmerizer,0
mesmerizes,3
mesomorphs,0
mesosphere,3
messengers,12
metabolism,70
metabolite,2
metabolize,5
metacarpal,1
metacarpus,0
metallurgy,4
metalworks,0
metaphoric,3
metastases,1
metastasis,1
metastatic,17
metatarsal,2
metatarsus,0
metatheses,0
metathesis,0
meteorites,2
meteoroids,0
methadones,0
methodical,22
meticulous,64
metrically,0
metricated,0
metricates,0
metricized,0
metricizes,0
metronomes,0
metropolis,29
mettlesome,0
mezzanines,0
microchips,15
microcosms,1
microfiber,8
microfiche,1
microfilms,0
microlight,1
microloans,0
micrometer,0
microphone,122
microscope,32
microscopy,10
microwaved,2
microwaves,11
middlebrow,2
middlemost,0
midsection,7
midshipman,0
midshipmen,4
midstreams,0
midsummers,0
midwinters,0
mightiness,2
mignonette,0
migrations,13
mildnesses,0
milestones,102
militantly,2
militaries,17
militarily,28
militarism,8
militarist,1
militarize,2
militating,0
militiaman,0
militiamen,2
milkshakes,18
millennial,43
millennium,22
millepedes,0
milligrams,10
milliliter,0
millilitre,1
millimeter,6
millimetre,3
millionths,0
millipedes,0
millstones,0
millstream,0
millwright,0
mimeograph,0
mincemeats,0
mindlessly,7
minefields,2
mineralogy,1
minestrone,2
miniatures,4
minibusses,0
minimalism,11
minimalist,46
minimizing,59
miniscules,0
miniseries,33
miniskirts,0
ministered,3
ministrant,0
ministries,80
minorities,119
minoxidils,0
minstrelsy,0
minuscules,0
minuteness,0
miraculous,33
mirthfully,0
misaddress,0
misaligned,4
misapplied,1
misapplies,0
misbehaved,5
misbehaves,0
miscalling,0
miscarried,1
miscarries,0
miscasting,0
miscellany,1
mischances,0
misconduct,251
miscounted,0
miscreants,21
misdealing,0
misdirects,0
misfitting,0
misfortune,24
misgivings,17
misgoverns,0
misguiding,1
mishandled,15
mishandles,0
mishearing,1
mishmashes,0
misinforms,0
misjudging,1
mislabeled,4
misleading,186
mismanaged,7
mismanages,1
mismatched,7
mismatches,4
misogamies,0
misogamist,0
misogynies,0
misogynist,6
misogynous,0
misplacing,2
misplaying,1
misprinted,0
misprision,2
misquoting,1
misreading,2
misreports,0
misshaping,0
missilries,0
missionary,42
missioners,0
misspelled,11
misstating,0
mistakable,0
mistakenly,61
mistletoes,0
mistreated,18
mistresses,13
mistrusted,0
mitigating,117
mitigation,152
mizzenmast,0
mobilities,0
mobilizers,0
mobilizing,34
moderately,30
moderating,18
moderation,82
moderators,43
modernisms,0
modernists,0
modernized,26
modernizer,0
modernizes,3
modernness,0
modishness,0
modulating,3
modulation,3
modulators,0
moisteners,0
moistening,1
moisturize,9
molasseses,0
moldboards,0
mollifying,0
molluscans,0
molluskans,0
molybdenum,3
monarchies,4
monarchism,0
monarchist,1
monastical,0
monetarily,4
monetarism,0
monetarist,1
monetizing,9
moneymaker,3
mongolisms,0
mongoloids,0
monitoring,657
monkshoods,0
monochrome,13
monoclonal,6
monogamies,0
monogamist,0
monogamous,9
monographs,1
monolithic,10
monologist,0
monologues,12
monomaniac,0
monomanias,0
monophonic,0
monoplanes,0
monopolies,16
monopolist,2
monopolize,4
monotheism,3
monotheist,1
monotonies,0
monotonous,7
monsignori,0
monsignors,0
monstrance,1
monumental,99
moonlights,2
moonscapes,0
moonshiner,0
moonshines,0
moonstones,0
moonstruck,0
moralistic,0
moralities,1
moralizers,0
moralizing,3
moratorium,61
morbidness,0
mordancies,0
moroseness,0
morphology,2
mortgagees,0
mortgagers,0
mortgaging,3
mortgagors,0
morticians,1
mortifying,5
mortuaries,2
mosquitoes,48
mothballed,8
motherhood,63
motherland,15
motherless,2
motilities,0
motionless,21
motivating,37
motivation,260
motivators,6
motiveless,0
motorbiked,0
motorbikes,31
motorboats,0
motorcades,0
motorcycle,282
motorizing,0
motormouth,0
mouldering,0
mountebank,0
mournfully,2
mousetraps,0
moustaches,1
mouthiness,0
mouthpiece,12
moviegoers,17
mozzarella,24
muckrakers,0
muckraking,0
mudslinger,0
mulberries,1
mulishness,0
multilevel,3
multimedia,45
multiplied,8
multiplier,28
multiplies,2
multistage,1
multistory,0
multitudes,11
multiverse,40
mummifying,0
municipals,0
munificent,3
munitioned,0
murmurings,1
muscularly,0
mushroomed,4
musicality,7
musicianly,0
musicology,2
musketeers,1
musketries,0
muskmelons,0
mustachios,0
mutability,1
mutational,0
mutenesses,0
mutilating,5
mutilation,24
mutilators,0
mutinously,0
mutterings,1
mycologies,0
mycologist,0
myelitides,0
myopically,1
mysterious,260
mystically,2
mysticisms,0
mystifying,3
namelessly,0
nameplates,1
nanosecond,4
narcissism,9
narcissist,17
narcolepsy,3
narcotized,0
narcotizes,0
narrations,1
narratives,160
narrowness,1
nasalities,0
nasalizing,0
nasturtium,0
nationally,247
nationhood,4
nationwide,552
nativities,0
naturalism,2
naturalist,12
naturalize,0
naughtiest,0
nauseating,5
nauseously,0
nautically,0
nautiluses,0
navigating,214
navigation,108
navigators,4
nearnesses,0
neatnesses,0
nebulously,1
necromancy,0
necropoles,0
necropolis,3
nectarines,0
needlessly,20
needlework,1
negatively,156
negativing,0
negativism,0
negativity,62
neglectful,7
neglecting,37
negligence,108
negligible,22
negligibly,1
negotiable,8
negotiated,116
negotiates,3
negotiator,30
negritudes,0
neighbored,0
neighborly,6
neighbours,327
neoclassic,0
neodymiums,0
neologisms,0
neoplastic,0
neptuniums,0
nethermost,0
nettlesome,0
networking,187
neuralgias,0
neuritides,0
neuritises,0
neutralism,0
neutralist,0
neutrality,56
neutralize,30
newfangled,3
newscaster,1
newsdealer,0
newsgroups,1
newsletter,107
newspapers,158
newsprints,0
newsstands,1
newsweekly,0
newsworthy,9
nicenesses,0
nicknaming,0
nightclubs,28
nightdress,1
nightfalls,0
nightgowns,0
nighthawks,1
nightlifes,0
nightmares,64
nightshade,1
nightshirt,1
nightspots,4
nightstand,7
nightstick,1
nighttimes,0
nightwears,0
nihilistic,7
nimbleness,2
nincompoop,0
nineteenth,8
ninetieths,0
nitpickers,1
nitpicking,4
nitrations,0
nobilities,0
noblewoman,2
noblewomen,0
noisemaker,0
nominating,33
nomination,469
nominative,0
nominators,4
nonactives,0
nonaligned,2
nonbinding,4
noncaloric,0
nonchalant,8
nondrinker,1
nonelastic,0
nonesuches,0
nonexempts,0
nonfactual,0
nonferrous,0
nonfiction,23
nonlivings,0
nonmembers,3
nonnatives,0
nonnuclear,0
nonpareils,0
nonpayment,3
nonpersons,0
nonplusing,0
nonplussed,4
nonplusses,0
nonprofits,88
nonscoring,0
nonsecular,0
nonsmokers,0
nonsmoking,0
nonstarter,3
nonsupport,0
nontaxable,2
nontenured,0
nonuniform,0
nonviolent,23
nonworking,0
normalcies,0
normalized,25
normalizes,3
northbound,149
northeasts,0
northerner,3
northwards,11
northwests,0
nosebleeds,4
nosediving,1
nosinesses,0
nostalgias,0
notability,0
notarizing,0
notepapers,0
noteworthy,83
noticeable,128
noticeably,62
nourishing,28
novelettes,0
novelizing,0
novitiates,0
nucleating,0
nucleation,0
nullifying,5
numberless,0
numbnesses,0
numbskulls,1
numeracies,0
numerating,0
numeration,0
numerators,0
numerology,1
numerously,0
numismatic,0
nurselings,0
nursemaids,0
nurseryman,0
nurserymen,0
nutcracker,0
nuthatches,1
nutriments,0
nutritions,0
nutritious,67
oafishness,0
obbligatos,0
obduracies,0
obdurately,0
obediences,0
obediently,0
obeisances,0
obfuscated,5
obfuscates,0
obituaries,6
objections,180
objectives,245
objurgated,0
objurgates,0
obligating,2
obligation,183
obligatory,31
obligingly,0
obliterate,9
obsequious,0
observable,12
observably,0
observance,38
obsessions,5
obsessives,2
obsolesced,0
obsolesces,0
obsoleting,0
obstetrics,7
obstructed,29
obtainable,8
obtainment,0
obtrusions,0
obtuseness,0
obviations,0
occasional,188
occasioned,16
occidental,0
occlusions,0
occultisms,0
occultists,0
occupation,303
occurrence,107
oceanfront,11
oceangoing,1
oceanology,0
odalisques,0
odiousness,0
oenologies,0
oenophiles,1
oesophagus,5
offensives,14
officially,844
officiants,0
officiated,21
officiates,1
officiator,0
offloading,10
offsetting,16
offshoring,2
offsprings,1
oftentimes,26
oilinesses,0
oleaginous,0
oligarchic,3
omnibusses,0
omnipotent,9
omniscient,2
omnivorous,2
oncologies,0
oncologist,12
onionskins,0
onslaughts,1
ontogenies,0
ontologies,0
opalescent,1
opaqueness,2
openhanded,0
opennesses,0
operations,1923
operatives,160
ophthalmic,1
oppositely,1
opposition,1371
oppressing,1
oppression,87
oppressive,38
oppressors,11
opprobrium,7
optimistic,308
optimizing,40
optionally,1
orangeades,0
orangeries,0
orangutang,0
orangutans,5
oratorical,3
orchestral,21
orchestras,14
ordainment,0
ordinances,31
ordinaries,0
ordinarily,22
ordination,18
organelles,2
organismic,0
organizers,186
organizing,184
orientated,8
orientates,0
originally,777
originated,103
originates,20
originator,4
ornamental,19
ornamented,0
ornateness,0
orneriness,0
orotundity,0
orphanages,2
orthopedic,16
oscillated,2
oscillates,6
oscillator,0
osculating,0
osculation,0
ostensible,7
ostensibly,61
osteopaths,2
osteopathy,1
ostracisms,0
ostracized,9
ostracizes,0
oubliettes,0
outarguing,0
outbalance,0
outbidding,1
outboasted,0
outclassed,15
outclasses,0
outcropped,1
outdrawing,0
outerwears,0
outfielder,61
outfitters,1
outfitting,1
outflanked,0
outgrowing,4
outgrowths,1
outguessed,0
outguesses,0
outgunning,0
outhitting,1
outlandish,30
outlasting,5
outmatched,4
outmatches,0
outnumbers,2
outpatient,41
outperform,933
outplacing,0
outplaying,1
outpointed,2
outpouring,47
outproduce,1
outputting,0
outrageous,122
outranking,1
outreached,1
outreaches,3
outriggers,1
outrunning,6
outscoring,20
outselling,2
outshining,5
outshouted,0
outsmarted,2
outsourced,20
outsources,2
outspreads,0
outstation,2
outstaying,0
outstretch,0
outwearing,0
outweighed,21
outwitting,0
outworking,2
overacting,0
overactive,5
overarming,0
overbooked,4
overbought,5
overbuilds,0
overburden,2
overbuying,1
overcharge,3
overclouds,0
overcoming,88
overcooked,3
overcrowds,0
overdosing,6
overdrafts,6
overdrives,0
overdubbed,1
overeating,11
overexcite,0
overexerts,0
overexpose,0
overextend,2
overfilled,1
overflight,2
overflowed,9
overflying,1
overgrazed,0
overgrazes,0
overgrowth,10
overhanded,1
overhauled,34
overheated,21
overjoying,0
overlapped,15
overlaying,4
overloaded,24
overlooked,189
overmaster,0
overmodest,0
overnights,1
overpasses,6
overpaying,9
overplayed,3
overpowers,2
overpraise,0
overpriced,24
overprices,0
overprints,0
overrating,0
overreacts,2
overridden,3
overriding,21
overruling,2
overseeing,155
overshadow,32
overshared,0
overshares,0
overshoots,0
oversights,2
oversimple,0
oversleeps,0
overspends,3
overspills,0
overspread,0
overstated,37
overstates,3
overstayed,6
overstocks,1
overstrict,0
overstrung,0
oversubtle,0
oversupply,10
overtaking,33
overtaxing,1
overthinks,1
overthrown,10
overthrows,3
overtiring,0
overturned,214
overvalued,26
overvalues,0
overweight,906
overwhelms,5
overwinter,3
overworked,23
ovulations,0
ownerships,0
oxidations,0
oxygenated,0
oxygenates,1
pacemakers,2
pacesetter,1
pachyderms,0
pacifistic,0
packagings,0
packsaddle,0
paddocking,0
padlocking,0
paediatric,22
paginating,0
pagination,0
painfuller,0
painkiller,12
painlessly,1
paintboxes,0
paintbrush,4
palanquins,0
palatalize,0
palatially,0
palatinate,0
palavering,0
palenesses,0
palimonies,0
palimpsest,0
palindrome,0
palladiums,0
pallbearer,0
palliating,0
palliation,0
palliative,55
pallidness,0
palmettoes,0
palpations,0
palpitated,0
palpitates,0
paltriness,0
pamphleted,0
pancreases,0
pancreatic,35
panegyrics,0
panellings,0
panhandled,0
panhandler,0
panhandles,0
pantaloons,0
pantheisms,0
pantheists,0
pantomimed,0
pantomimes,3
pantomimic,0
pantyliner,0
pantywaist,0
paperbacks,2
paperboard,0
papergirls,0
paperworks,0
parachuted,6
parachutes,9
paragraphs,19
paralegals,1
parallaxes,0
paralleled,2
paralysing,2
paralytics,0
paralyzing,7
paramecium,0
paramedics,225
parameters,88
parametric,1
paranoiacs,0
paranormal,31
paraphrase,11
paraplegia,1
paraplegic,1
parasitism,0
parathions,0
paratroops,0
parboiling,0
parcelling,0
parchments,0
pardonable,0
pardonably,0
paregorics,0
parentages,0
parenthood,28
parentings,0
parimutuel,0
parliament,546
parmigiana,1
parmigiano,0
paroxysmal,0
parqueting,0
parrakeets,0
parricidal,0
parricides,0
parsonages,0
partiality,2
participle,0
particular,1491
partitions,7
partitives,0
partnering,122
partridges,0
passageway,6
passengers,1002
passionate,376
pasteboard,0
pasteurize,0
pastorates,0
pasturages,0
patchiness,0
patchworks,0
paternally,0
pathfinder,4
pathogenic,8
patientest,0
patriarchs,2
patriarchy,20
patricians,0
patricides,0
patriotism,55
patrolling,55
patronages,2
patronized,4
patronizer,0
patronizes,0
patronymic,0
patterning,2
paunchiest,0
pauperisms,0
pauperized,0
pauperizes,0
pawnbroker,1
paymasters,4
peacefully,312
peacemaker,5
peacetimes,0
peashooter,0
peccadillo,0
peculating,0
peculation,0
peculators,0
peculiarly,4
pedagogies,0
pedagogues,0
pedantries,0
pedestrian,299
pediatrics,10
pedicuring,0
pedicurist,0
pedometers,1
pejoration,0
pejorative,4
penalizing,3
pencilling,2
penetrable,0
penetrated,23
penetrates,4
penicillin,7
peninsular,4
peninsulas,3
penitences,0
penitently,0
penmanship,4
penologies,0
penologist,0
pensioners,246
pensioning,0
pentagonal,0
pentagrams,1
pentameter,0
pentathlon,9
penthouses,8
peppercorn,5
peppermint,26
pepperonis,0
perceiving,9
percentage,652
percentile,16
perception,241
perceptive,8
perceptual,2
percipient,0
percolated,4
percolates,0
percolator,1
percussion,17
perditions,0
perdurable,0
peregrines,1
peremptory,4
perennials,12
perfectest,0
perfecting,23
perfection,109
perfidious,1
perforated,11
perforates,0
performers,278
performing,675
pericardia,0
perihelion,2
perilously,14
perimeters,6
periodical,5
peripheral,40
periscopes,0
perishable,11
peristyles,0
peritoneal,1
peritoneum,0
periwinkle,1
permafrost,13
permanence,7
permanency,1
permanents,0
permeating,2
permeation,0
permission,663
permissive,4
permitting,116
pernicious,14
pernickety,0
peroration,1
peroxiding,0
perpetrate,14
perpetuals,0
perpetuate,31
perpetuity,17
perplexing,16
perplexity,1
perquisite,0
persecuted,37
persecutes,2
persecutor,2
persevered,25
perseveres,2
persiflage,0
persimmons,1
persistent,268
persisting,22
personable,9
personages,0
personally,505
personalty,0
personnels,1
perspiring,0
persuaders,0
persuading,21
persuasion,25
persuasive,26
pertaining,34
pertinence,0
pertnesses,0
perturbing,0
perversely,2
perversion,6
perversity,2
perverting,23
pessimisms,0
pessimists,1
pesticides,65
pestilence,0
petitioned,16
petitioner,50
petrifying,3
petrolatum,0
petroleums,0
petticoats,0
petulances,0
petulantly,0
phagocytes,0
phalangers,0
phantasied,0
phantasies,0
phantasmal,0
pharmacies,81
pharmacist,55
pharyngeal,0
phenacetin,0
phenomenal,154
phenomenon,291
pheromones,3
philanders,0
philatelic,0
philippics,0
philistine,0
philosophy,214
phlegmatic,0
phonically,0
phonograph,0
phosphates,7
phosphoric,0
phosphorus,20
photocells,0
photogenic,7
photograph,187
photometer,0
photostats,0
phrenology,0
phylactery,0
physically,438
physicians,103
physicists,13
physicking,0
physiology,16
pianissimi,0
pianissimo,0
pianoforte,0
picaresque,2
piccalilli,1
pickabacks,0
pickpocket,2
picnickers,0
picnicking,3
pictograph,0
pictorials,0
pieceworks,0
piercingly,1
pigeonhole,3
piggybacks,0
pikestaffs,0
pikestaves,0
pilferages,0
pilgrimage,67
pillorying,0
pillowcase,6
pillowslip,0
pilothouse,2
pimpernels,0
pincushion,0
pineapples,5
pinfeather,0
pinknesses,0
pinpointed,16
pinsetters,0
pinstriped,1
pinstripes,2
pinwheeled,0
pioneering,114
pipsqueaks,0
piquancies,0
pirouetted,0
pirouettes,1
pistachios,11
pistillate,0
pitchforks,2
pitilessly,0
placarding,0
placations,0
placekicks,0
placements,54
plagiaries,0
plagiarism,19
plagiarist,1
plagiarize,1
plainsongs,0
plaintiffs,141
planeloads,0
planetaria,0
plantation,50
plasterers,2
plastering,4
plasticity,7
plasticize,0
plastiques,0
plateauing,3
platformed,0
platitudes,6
platooning,1
platypuses,1
playacting,0
playfellow,0
playground,161
playhouses,0
playthings,0
playwright,49
pleasanter,0
pleasantly,42
pleasantry,0
pleasingly,9
pleasuring,3
plebiscite,7
plenitudes,0
pleurisies,0
plexiglass,2
pliability,1
plowshares,0
pluckiness,0
plummeting,17
plunderers,1
plundering,6
pluperfect,0
pluralisms,0
pluralists,0
pluralized,0
pluralizes,0
plutocracy,3
plutocrats,0
plutoniums,0
pneumonias,1
pocketbook,9
pocketfuls,0
pocketsful,0
pockmarked,4
podcasting,10
podiatries,0
podiatrist,0
poetasters,0
poetically,4
poignantly,11
poincianas,0
poinsettia,2
pointblank,0
poisonings,10
polarities,0
polarizing,49
polemicist,0
politburos,0
politeness,2
politesses,0
politician,294
politicize,6
politicoes,0
pollinated,0
pollinates,0
pollinator,8
pollutants,57
pollutions,0
polonaises,0
polyclinic,1
polyesters,0
polygamies,0
polygamist,3
polygamous,3
polygraphs,1
polyhedral,0
polyhedron,0
polymerize,0
polynomial,0
polyphonic,0
polytheism,1
polytheist,0
pommelling,0
pompadours,0
pontifical,0
poorhouses,0
poornesses,0
poppycocks,0
popularity,482
popularize,5
populating,1
population,1643
porcelains,0
porcupines,7
porosities,0
porousness,0
porphyries,0
porpoising,0
porringers,0
portcullis,0
portending,2
portentous,4
portfolios,85
portioning,1
portliness,0
portrayals,19
portraying,53
portulacas,0
positioned,226
positively,180
possessing,125
possession,894
possessive,8
possessors,0
postdating,0
posteriors,0
posthumous,14
postilions,0
postillion,0
postmarked,7
postmaster,9
postmodern,5
postmortem,16
postpartum,33
postponing,14
postscript,2
postseason,225
postulated,1
postulates,1
posturings,0
potability,0
potassiums,0
potbellied,0
potbellies,0
potboilers,0
potentates,0
potentials,12
potholders,0
potpourris,0
poulterers,0
poulticing,0
powerboats,1
powerfully,25
powerhouse,129
practicals,0
practicing,127
practicums,0
practising,48
praetorian,0
pragmatics,1
pragmatism,14
pragmatist,5
prancingly,0
pranksters,2
preachiest,0
preachment,0
prearrange,0
precancels,0
precarious,73
precaution,60
precedence,26
precedents,16
preceptors,0
preciosity,0
preciously,0
precipices,0
precisions,0
precluding,5
preclusion,0
precocious,13
precooking,0
precursors,12
precursory,1
predecease,0
predestine,0
predicable,0
predicated,24
predicates,2
predicting,131
prediction,137
predictive,29
predictors,3
predigests,0
predispose,2
preeminent,4
preempting,3
preemption,5
preemptive,12
preexisted,0
prefabbing,0
prefecture,27
preferable,31
preferably,29
preference,193
preferment,0
preferring,40
prefigured,0
prefigures,1
preforming,1
preheating,4
prehensile,0
prehistory,3
prejudging,1
prejudiced,6
prejudices,25
premarital,2
premedical,0
premiering,30
prenatally,0
prenuptial,5
preordains,0
prepackage,0
prepayment,13
prepossess,0
prerecords,0
presbyopia,2
presbyters,0
presbytery,3
preschools,2
prescience,0
prescribed,176
prescribes,8
prescripts,0
preseasons,1
presenters,61
presenting,288
preservers,1
preserving,182
presetting,0
preshrinks,0
presidency,471
presidents,212
presidiums,0
presorting,0
pressingly,0
pressuring,49
pressurize,1
presumable,0
presumably,132
presuppose,1
pretenders,4
pretending,78
pretension,1
preterites,0
pretesting,0
prettified,0
prettifies,0
prettiness,1
prevailing,85
prevalence,82
preventing,356
prevention,337
preventive,60
previewing,19
previously,2838
previsions,0
prickliest,0
pridefully,0
priesthood,8
priestlier,0
primitives,0
primnesses,0
primordial,8
princedoms,0
princelier,0
princesses,11
principals,36
principled,32
principles,400
prioresses,0
priorities,425
prioritize,263
prissiness,0
privateers,0
privations,0
privatized,3
privatizes,0
privileged,143
privileges,52
prizefight,0
probations,1
procedural,69
procedures,418
proceeding,88
processing,448
procession,113
processors,92
proclaimed,62
proclivity,4
proconsuls,0
procreated,0
procreates,0
proctoring,1
procurable,0
procurator,12
prodigious,15
producible,0
production,2528
productive,224
professing,8
profession,241
professors,94
proffering,1
proficient,34
profitable,186
profitably,4
profiteers,1
profitless,0
profligacy,1
profligate,2
profounder,0
profoundly,106
profundity,7
profusions,0
progenitor,2
prognostic,0
programers,0
programing,3
programmed,45
programmer,7
programmes,356
progressed,121
progresses,98
prohibited,208
projectile,19
projecting,58
projection,94
projectors,15
prolapsing,0
prolonging,18
promenaded,0
promenades,1
promethium,0
prominence,91
promissory,2
promontory,2
promotions,163
promptings,1
promptness,0
promulgate,4
pronghorns,1
pronominal,0
pronounced,326
pronounces,5
pronuclear,0
proofreads,0
propaganda,190
propagated,7
propagates,1
propagator,0
propellant,16
propellent,0
propellers,9
propelling,32
propensity,16
propertied,1
properties,1077
prophecies,7
prophesied,8
prophesier,0
prophesies,1
prophetess,0
propitiate,0
propitious,2
proponents,41
proportion,223
propounded,1
proprietor,17
propulsion,33
propulsive,4
proroguing,0
proscenium,0
prosciutti,0
prosciutto,6
proscribed,18
proscribes,0
prosecuted,171
prosecutes,5
prosecutor,410
proselyted,0
proselytes,0
prospected,1
prospector,1
prospectus,13
prospering,3
prosperity,278
prosperous,124
prostheses,2
prosthesis,1
prosthetic,19
prostitute,27
prostrated,1
prostrates,0
protecting,556
protection,1143
protective,194
protectors,27
protesters,600
protesting,134
protestors,75
protoplasm,0
prototypes,19
protozoans,0
protracted,49
protractor,0
protruding,15
protrusile,0
protrusion,0
provenance,16
provenders,0
proverbial,26
providence,9
provincial,401
provisions,292
provolones,0
prudential,3
pruriences,0
psalteries,0
pseudonyms,2
psychiatry,14
psychology,112
psychopath,12
psychotics,0
ptarmigans,0
pubescence,0
publicists,4
publicized,26
publicizes,0
publishers,106
publishing,186
pugilistic,1
pugnacious,4
pulsations,3
pulverized,3
pulverizes,0
pummelling,2
punctilios,0
punctually,2
punctuated,27
punctuates,1
puncturing,1
punditries,0
pungencies,0
puninesses,0
punishable,50
punishment,262
punitively,0
puppeteers,3
puppetries,0
purchasers,22
purchasing,2469
purenesses,0
purgatives,0
puritanism,0
purloining,0
purporting,15
purposeful,36
pursuances,0
purulences,0
purveyance,1
pussyfoots,0
putrefying,0
putrescent,0
puzzlement,0
pyorrhoeas,0
pyramiding,0
pyrimidine,0
pyromaniac,1
pyromanias,0
quackeries,0
quadrangle,5
quadratics,0
quadrennia,0
quadriceps,4
quadrilles,0
quadrivium,0
quadrupeds,0
quadrupled,18
quadruples,0
quadruplet,0
quaintness,2
qualifiers,77
qualifying,281
quandaries,5
quantified,10
quantifier,0
quantifies,1
quantities,96
quarantine,31
quarrelers,0
quarreling,2
quarrelled,0
quartering,0
quartettes,0
queasiness,1
queenliest,0
quenchable,0
quenchless,0
quesadilla,1
questioned,593
questioner,2
quickening,1
quicklimes,0
quicksands,0
quicksteps,0
quiescence,1
quintettes,0
quintupled,1
quintuples,0
quintuplet,0
quirkiness,5
quitclaims,0
quittances,0
quotations,5
rabbinates,0
rabbinical,2
racecourse,10
racehorses,5
racetracks,1
racialisms,0
racialists,0
racinesses,0
racketeers,0
raconteurs,0
radarscope,0
radiations,0
radicalism,9
radicalize,4
radicchios,0
radiograms,0
radiometer,0
radiometry,0
radiophone,0
radioscopy,0
radiosonde,0
ragamuffin,0
raggediest,0
raggedness,0
railleries,0
railroaded,1
railroader,0
rainmakers,0
rainmaking,1
rainstorms,8
rainwaters,0
rakishness,0
rampancies,0
ramrodding,0
ramshackle,6
rancidness,0
randomized,14
randomizes,0
randomness,6
ranknesses,0
ransacking,4
rapacities,0
rapidities,0
rappelling,4
raptnesses,0
rarenesses,0
rashnesses,0
ratcheting,9
rationales,4
rationally,15
rattletrap,0
raunchiest,2
ravenously,1
ravishment,0
razorbacks,0
razzmatazz,1
reabsorbed,0
reacquaint,2
reacquired,2
reacquires,0
reactivate,4
readership,18
readjusted,4
readmitted,3
readopting,0
reaffirmed,305
realigning,8
realizable,1
reallocate,6
realnesses,0
reanalyses,0
reanalysis,0
reanalyzed,0
reanalyzes,1
reanimated,7
reanimates,0
reappeared,14
reapplying,4
reappoints,0
reappraise,0
rearguards,0
rearmament,2
rearranged,17
rearranges,0
rearrested,3
reascended,0
reasonable,427
reasonably,131
reasonings,1
reassemble,5
reassembly,0
reasserted,6
reassessed,7
reassesses,0
reassigned,17
reassuring,69
reattached,4
reattaches,0
reattained,0
reattempts,0
reawakened,4
rebellions,3
rebellious,22
rebounding,54
rebuilding,168
rebukingly,0
recaptured,8
recaptures,0
recastings,0
receipting,1
receivable,2
recentness,0
receptacle,2
receptions,94
recessions,14
recessives,0
recharging,12
recharters,0
rechecking,0
rechristen,0
recidivism,9
recidivist,0
recipients,194
reciprocal,15
recitalist,1
recitation,9
recitative,0
recklessly,36
reckonings,1
reclaiming,26
reclassify,5
recognized,528
recognizes,122
recollects,0
recolonize,0
recoloring,0
recombined,1
recombines,0
recommence,4
recommends,225
recompense,8
recomposed,0
recomposes,0
recomputed,0
recomputes,0
reconciled,17
reconciles,2
reconfirms,0
reconnects,2
reconquers,0
reconquest,0
reconsider,107
reconsigns,0
recontacts,0
reconvened,9
reconvenes,4
reconverts,0
recordings,124
recounting,38
recoveries,32
recovering,261
recreating,20
recreation,146
recrossing,0
recrudesce,0
recruiters,23
recruiting,206
rectangles,4
rectifiers,0
rectifying,6
rectitudes,0
recuperate,18
recurrence,30
recyclable,36
recyclings,0
redactions,4
redbreasts,0
redecorate,3
rededicate,3
redeemable,13
redefining,31
redelivers,0
redemption,92
redemptive,7
redeployed,18
redeposits,0
redesigned,43
redevelops,1
redialling,0
redirected,31
rediscover,21
redissolve,0
redistrict,0
redividing,0
redlinings,0
redolences,0
redoubling,5
redounding,0
redrafting,0
redressing,0
reductions,136
redundancy,37
reeducated,0
reeducates,0
reelecting,1
reelection,199
reembarked,0
reembodied,0
reembodies,0
reemerging,3
reemployed,0
reenacting,1
reenforced,0
reenforces,0
reengaging,0
reenlisted,0
reentering,0
reequipped,0
reevaluate,17
reexamined,4
reexamines,0
reexplains,0
reexported,0
refashions,0
refastened,0
refections,0
refereeing,21
referenced,137
references,152
referendum,188
refillable,7
refinanced,4
refinances,1
refinement,18
refineries,63
refinished,1
refinishes,0
reflecting,325
reflection,270
reflective,104
reflectors,2
reflexions,0
reflexives,0
refocusing,5
refocussed,1
refocusses,0
reforested,1
refracting,0
refraction,1
refractive,2
refractory,0
refraining,14
refreezing,0
refreshers,2
refreshing,188
refuelling,21
refulgence,0
refundable,6
refutation,3
regalement,0
regardless,518
regathered,0
regeneracy,0
regenerate,30
regimental,3
regimented,1
regionally,25
registered,1030
registrant,3
registrars,6
registries,10
regressing,4
regression,17
regressive,21
regretting,11
regrinding,0
regrouping,6
regularise,12
regularity,17
regularize,2
regulating,74
regulation,352
regulative,0
regulators,210
regulatory,482
rehearings,0
rehearsals,76
rehearsing,25
reigniting,9
reimbursed,33
reimburses,2
reimposing,1
reinfected,0
reinforced,103
reinforces,67
reinserted,0
reinspects,0
reinstated,68
reinstates,4
reinvented,12
reinvested,20
reiterated,513
reiterates,18
rejections,18
rejoicings,0
rejoinders,1
rejuvenate,29
rekindling,7
relabeling,0
relabelled,0
relational,4
relatively,718
relativism,2
relativity,2
relaunched,21
relaunches,2
relaxation,102
relearning,3
relegating,5
relegation,162
relentless,223
relevances,0
relevantly,0
relighting,0
relinquish,22
relocating,57
relocation,79
reluctance,50
remainders,0
remarkable,689
remarkably,107
remarriage,4
remarrying,0
remeasured,0
remeasures,0
remediable,0
remedially,0
remembered,418
remigrated,0
remigrates,0
reminisced,26
reminisces,4
remissions,0
remissness,0
remittance,12
remodeling,12
remodelled,8
remorseful,27
remortgage,3
remoteness,4
remounting,0
remunerate,0
renascence,0
renderings,8
rendezvous,7
renditions,19
renominate,0
renouncing,2
renovating,42
renovation,173
renovators,0
renumbered,0
reoccupied,0
reoccupies,0
reoccurred,0
reordering,1
reorganize,11
reoriented,2
repackaged,3
repackages,1
repainting,2
repairable,3
reparation,12
repatriate,15
repayments,44
repeatable,5
repeatedly,741
repeatings,0
repellants,2
repellents,7
repentance,12
repertoire,53
repetition,23
repetitive,47
rephrasing,0
replanting,5
repletions,0
replicated,49
replicates,6
repopulate,2
reportages,0
reportedly,1523
repository,25
reprehends,0
represents,1565
repressing,3
repression,63
repressive,31
reprieving,0
reprimands,5
reprinting,2
reproached,1
reproaches,0
reprobates,1
reproduced,16
reproducer,0
reproduces,3
reprograms,0
reptilians,0
republican,26
repudiated,2
repudiates,1
repudiator,0
repugnance,1
repulsions,0
repurchase,84
reputation,621
requesting,172
requisites,1
rerecorded,0
reschedule,26
rescinding,3
rescission,1
resealable,3
researched,56
researcher,183
researches,11
resections,0
resembling,48
resentment,56
reserpines,0
reservedly,0
reservists,27
reservoirs,51
resettling,5
resharpens,0
reshipment,0
reshipping,0
reshuffled,6
reshuffles,4
residences,95
resignedly,0
resilience,664
resiliency,44
resistance,464
resistible,0
resistless,0
resolutely,15
resolution,709
resolvable,0
resonances,2
resonantly,0
resonating,20
resonators,2
resorption,0
resounding,78
resourcing,7
respecters,0
respectful,154
respecting,84
respective,386
respelling,0
respirator,4
respondent,32
responding,380
responsive,115
respraying,0
restaffing,0
restarting,28
restaurant,1441
restfuller,0
restitched,0
restitches,0
restlessly,3
restocking,6
restrained,58
restrainer,0
restraints,19
restricted,253
restudying,0
resultants,0
resumption,49
resupplied,0
resupplies,0
resurfaced,57
resurfaces,8
resurgence,93
resurrects,2
resurveyed,0
retaliated,32
retaliates,0
retardants,2
reteaching,0
retentions,2
rethinking,22
reticences,0
reticently,0
retirement,822
retouching,2
retractile,1
retracting,6
retraction,10
retraining,14
retreading,1
retreating,24
retrenched,3
retrenches,0
retrievals,0
retrievers,5
retrieving,13
retrofired,0
retrofires,0
retrograde,16
retrogress,0
retrospect,25
retrovirus,0
returnable,3
retweeting,1
reunifying,4
revampings,0
revelation,150
revengeful,2
reverenced,0
reverences,0
reverently,2
reversible,11
reversibly,1
reversions,0
revertible,0
revetments,0
revilement,0
revisiting,37
revitalize,39
revivalism,0
revivalist,1
revivified,0
revivifies,0
revocation,27
revolution,204
revolvable,0
revulsions,0
reweighing,0
rhapsodies,0
rhapsodize,1
rhetorical,30
rheumatics,0
rheumatism,1
rheumatoid,13
rhinestone,3
rhinitides,0
rhinoceros,3
rhomboidal,0
rhymesters,0
rhythmical,0
ribaldries,0
riboflavin,1
richnesses,0
ricketiest,0
ricocheted,9
riderships,0
ridgepoles,0
ridiculing,3
ridiculous,260
rigamarole,0
rightfully,47
rightsized,0
rightsizes,0
rightwards,0
rigidities,0
rigmaroles,0
rigorously,21
ringleader,10
ringmaster,2
ripenesses,0
risibility,0
ritualisms,0
riverbanks,10
riverboats,0
riversides,0
roadblocks,40
roadhouses,0
roadrunner,0
roadworthy,6
robocalled,0
robotizing,0
robustness,19
rockabilly,3
rocketries,0
roisterers,0
roistering,1
rollicking,9
rosebushes,1
rosemaries,0
rosewaters,0
rosinesses,0
rotisserie,10
rototiller,0
rottenness,1
rotundness,0
roughening,0
roughhouse,0
roughnecks,2
roundabout,164
roundelays,0
roundhouse,7
roundtable,43
roundworms,1
roustabout,0
routinized,0
routinizes,0
rubberiest,0
rubberized,4
rubberizes,0
rubberneck,0
rudderless,2
rudenesses,0
ruefulness,0
ruggedness,2
ruinations,0
ruminating,2
rumination,6
ruminative,0
runarounds,0
rustically,0
rusticated,0
rusticates,0
rustproofs,0
rutheniums,0
ruthlessly,25
sabbatical,13
sabotaging,13
saccharine,3
saccharins,0
sacerdotal,1
sackcloths,0
sacraments,9
sacredness,2
sacrificed,71
sacrifices,130
sacrileges,0
sacristans,0
sacristies,0
sacroiliac,0
sacrosanct,7
saddlebags,1
safeguards,83
safenesses,0
safflowers,0
sagacities,0
sailboards,0
sailcloths,0
sailfishes,0
sailplanes,0
sainthoods,0
saintliest,0
salacities,0
salamander,5
salesclerk,0
salesgirls,0
saleswoman,0
saleswomen,0
salinities,0
salivating,3
salivation,0
sallowness,0
salmonella,17
saltcellar,0
saltpeters,0
saltpetres,0
saltshaker,0
saltwaters,0
salubrious,3
salutation,3
salutatory,0
salvations,0
samenesses,0
sanatorium,2
sanctified,3
sanctifies,0
sanctimony,2
sanctioned,103
sanctities,0
sandalwood,9
sandbagged,1
sandblasts,0
sandcastle,2
sandlotter,0
sandpapers,0
sandpipers,1
sandstones,1
sandstorms,2
sandwiched,22
sandwiches,139
sanenesses,0
sangfroids,0
sanguinary,0
sanguinely,0
sanitarian,0
sanitarium,0
sanitation,78
sanitizing,4
saprophyte,0
sapsuckers,0
sarcophagi,0
satellites,148
satiations,0
satinwoods,0
satirizing,1
satisfying,147
saturating,3
saturation,21
satyriases,0
satyriasis,0
sauerkraut,6
sauntering,1
savageness,0
savageries,0
savoriness,1
savouriest,0
sawboneses,0
saxifrages,0
saxophones,2
scabbiness,0
scalloping,1
scampering,2
scandalize,0
scandalous,32
scantiness,0
scapegoats,5
scapegrace,0
scarceness,0
scarcities,0
scarecrows,5
scarifying,0
scarlatina,0
scathingly,2
scattering,16
scavengers,10
scavenging,7
scenarists,0
scenically,0
scepticism,19
scheduling,109
schematics,4
schillings,0
schismatic,2
schlemiels,0
schlepping,2
schmaltzes,0
schmoozing,2
schnauzers,0
schnitzels,1
schnozzles,0
scholastic,10
schoolbags,0
schoolbook,0
schoolboys,7
schoolgirl,26
schoolings,0
schoolmarm,1
schoolmate,4
schoolroom,2
schoolwork,7
schoolyard,2
scientific,346
scientists,516
scintillas,0
scissoring,0
scolloping,0
scoreboard,83
scorecards,17
scornfully,2
scoundrels,1
scrabblers,0
scrabbling,3
scraggiest,0
scragglier,0
scramblers,0
scrambling,91
scrapbooks,2
scrapheaps,0
scrappiest,1
scrapyards,0
scratchier,0
scratchily,0
scratching,57
scrawniest,0
screechier,0
screeching,18
screenings,92
screenplay,73
screwballs,2
screwiness,0
screwworms,0
scribblers,1
scribbling,5
scrimmaged,0
scrimmages,5
scrimshaws,0
scriptural,5
scriptures,19
scriveners,0
scrofulous,0
scroungers,2
scroungier,0
scrounging,1
scrubbiest,0
scruffiest,1
scrunchies,1
scrunching,2
scrupulous,4
scrutinies,0
scrutinize,31
sculleries,0
sculptress,1
sculptural,19
sculptured,2
sculptures,85
scuppering,1
scurrility,0
scurrilous,1
scutcheons,0
seafarings,0
seamanship,0
seamlessly,191
seamstress,7
seasonable,3
seasonably,1
seasonally,31
seasonings,6
seborrheas,0
seborrhoea,0
secessions,0
seclusions,0
secondhand,37
secretions,4
sectarians,0
sectionals,4
sectioning,0
secularism,11
secularist,0
secularize,0
securities,150
sedateness,0
seductions,0
seductress,2
sedulously,0
seemliness,0
seersucker,0
segmenting,2
segregated,28
segregates,1
seismology,0
selections,89
selectness,0
selflessly,14
semaphored,0
semaphores,0
semblances,0
semiannual,0
semicircle,2
semicolons,0
semifinals,173
seminarian,6
seminaries,3
semivowels,0
semiweekly,0
semiyearly,0
sempstress,0
senatorial,37
senescence,2
senilities,0
sensations,18
sensitives,1
sensitized,1
sensitizes,0
sensualist,0
sensuality,4
sensuously,0
sentencing,354
sentiences,0
sentiments,146
separately,156
separating,69
separation,200
separatism,6
separatist,35
separative,0
separators,0
septicemia,0
septicemic,0
sepulchers,0
sepulchral,0
sepulchred,0
sepulchres,0
sequencing,22
sequential,22
sequesters,2
serenading,3
sereneness,0
serenities,0
serialized,2
serializes,0
serigraphs,0
sermonized,0
sermonizes,0
serologies,0
serpentine,0
serrations,1
serviceman,7
servicemen,32
serviettes,0
servitudes,0
servomotor,0
settlement,493
seventeens,0
seventieth,0
severances,0
severeness,0
severities,0
sexinesses,0
sexologies,0
sexologist,0
sextuplets,0
shabbiness,0
shadowiest,0
shagginess,0
shakedowns,0
shallowest,0
shamefaced,0
shamefully,11
shampooers,0
shampooing,2
shanghaied,0
shantytown,0
shapeliest,0
sharecrops,0
sharewares,0
sharkskins,0
sharpeners,0
sharpening,12
shattering,40
sheathings,0
sheepfolds,0
sheepishly,3
sheepskins,0
sheikhdoms,0
shellacked,1
shellfires,0
sheltering,54
shenanigan,0
shepherded,7
shibboleth,1
shiftiness,0
shillalahs,0
shillelagh,2
shimmering,18
shinguards,0
shipboards,0
shipowners,2
shipwrecks,10
shipwright,0
shirtfront,0
shirttails,0
shirtwaist,0
shockingly,54
shockproof,2
shoddiness,0
shoehorned,5
shoemakers,0
shoeshines,0
shoestring,11
shogunates,0
shopaholic,1
shopkeeper,25
shoplifted,6
shoplifter,17
shorebirds,8
shorelines,9
shortbread,11
shortcakes,0
shortening,12
shortfalls,28
shorthands,0
shorthorns,0
shortstops,0
shortwaves,0
shotgunned,0
shouldered,8
shovelfuls,2
shovelling,6
showbizzes,0
showboated,0
showcasing,369
showpieces,0
showplaces,0
shrewdness,2
shrillness,0
shrinkable,0
shrinkages,0
shriveling,1
shrivelled,0
shrubbiest,0
shuddering,4
shutterbug,1
shuttering,12
sicknesses,1
sideboards,0
sidelights,1
sidelining,9
sidepieces,0
sidesaddle,0
sidestroke,0
sideswiped,1
sideswipes,0
sidetracks,0
sidewinder,1
sightliest,0
sightreads,0
sightseers,1
signalized,3
signalizes,0
signalling,56
signatures,166
signboards,7
signifying,21
signorinas,0
signposted,13
silhouette,46
silkscreen,0
silverfish,1
silverware,58
similarity,33
similitude,0
simonizing,0
simpleness,1
simpletons,0
simplicity,76
simplified,37
simplifies,18
simplistic,19
simulating,12
simulation,55
simulators,9
simulcasts,2
sinfulness,0
singleness,1
singletons,5
singletree,0
singularly,14
sisterhood,15
situations,577
sixshooter,0
sixteenths,0
skateboard,13
skedaddled,1
skedaddles,0
skepticism,73
sketchiest,1
skillfully,20
skimpiness,0
skinflicks,0
skinflints,0
skinniness,1
skippering,2
skirmished,0
skirmishes,11
skittering,0
skittishly,0
skydivings,0
skyjackers,0
skyjacking,0
skylarking,0
skyrockets,5
skyscraper,23
skywriters,0
skywriting,0
slackening,1
slanderers,0
slandering,4
slanderous,5
slantingly,0
slapsticks,0
slathering,1
slatternly,0
slaughters,2
sleaziness,0
sleepiness,4
sleepovers,7
sleepwalks,1
sleepwears,0
sleepyhead,1
sleeveless,16
slenderest,1
slenderize,0
slideshows,1
slightness,0
slimnesses,0
slingshots,2
slipcovers,0
slipperier,1
slipstream,2
slithering,8
slobbering,2
sloppiness,5
slothfully,0
slouchiest,0
slovenlier,0
slownesses,0
sluggishly,2
slumbering,1
slumberous,0
slushiness,0
smallpoxes,0
smartening,1
smartwatch,46
smattering,11
smelliness,0
smokehouse,3
smokestack,3
smoldering,2
smoothness,13
smothering,10
smouldered,0
smugglings,0
smugnesses,0
smuttiness,0
snakebites,2
snapdragon,1
snappiness,0
snappishly,0
snarlingly,0
sneakiness,0
sneakingly,0
sneeringly,0
snickering,2
sniggering,1
snivelling,0
snobberies,0
snobbishly,0
snookering,0
snootiness,0
snorkelers,0
snorkeling,9
snorkelled,1
snottiness,0
snowballed,6
snowblower,1
snowboards,2
snowdrifts,1
snowfields,1
snowflakes,8
snowmobile,13
snowplowed,0
snowstorms,4
snuffboxes,0
snugnesses,0
soapstones,0
sobrieties,0
sobriquets,0
socialisms,0
socialists,7
socialites,5
socialized,12
socializes,1
sociopaths,4
sodomizing,0
softnesses,0
sojourners,0
sojourning,0
soldieries,0
soldiering,1
solemnized,1
solemnizes,0
solemnness,0
soliciting,22
solicitors,29
solicitous,1
solicitude,2
solidarity,296
solidified,63
solidifies,20
solidities,0
solipsisms,0
solitaires,2
solitaries,0
solubility,3
solvencies,0
somberness,0
somebodies,0
somersault,3
somnolence,0
songstress,26
songwriter,70
sonorities,0
sonorously,0
soothingly,0
soothsayer,4
sophomores,24
sophomoric,4
soporifics,0
sordidness,1
sorenesses,0
sororities,5
soubriquet,0
soullessly,0
soundboard,0
soundproof,4
soundtrack,126
sourdoughs,0
sournesses,0
sourpusses,0
sousaphone,0
southbound,161
southeasts,0
southerner,0
southwards,6
southwests,0
sovereigns,1
spacecraft,152
spaceports,2
spaceships,4
spacesuits,5
spacewalks,0
spacewoman,0
spacewomen,0
spaciously,0
spadeworks,0
spaghettis,0
sparseness,0
sparsities,0
spattering,1
spearheads,3
spearmints,0
specialist,513
speciality,23
specialize,29
specifying,16
speciously,0
spectacles,15
spectators,123
speculated,106
speculates,8
speculator,55
speechless,34
speedboats,1
speediness,0
speedsters,4
speedwells,0
speleology,0
spellbinds,1
spellbound,7
spellcheck,1
spelldowns,0
spelunkers,0
spelunking,0
spermicide,0
spheroidal,0
sphincters,0
spiderwebs,0
spillovers,2
spindliest,0
spinnakers,0
spinnerets,0
spiralling,28
spiritless,0
spirituals,2
spirituous,0
spirochete,0
spitefully,1
splashdown,5
splashiest,0
splattered,8
splendider,0
splendidly,5
splendours,0
splintered,12
splittings,0
splotchier,0
splotching,0
spluttered,1
spoilsport,3
spoliation,0
spongecake,0
sponginess,1
sponsoring,62
spookiness,1
spoonbills,0
spoonerism,0
sportiness,3
sportingly,2
sportively,0
sportscast,0
sportswear,22
spotlessly,2
spotlights,19
spottiness,0
spreadable,4
springboks,0
springiest,0
springlike,0
springtime,23
sprinklers,10
sprinkling,15
spruceness,0
sprynesses,0
spuriously,0
sputtering,4
spyglasses,0
squabblers,0
squabbling,5
squalidest,0
squalliest,0
squandered,32
squareness,0
squashiest,0
squeakiest,0
squeezable,0
squelchier,0
squelching,2
squigglier,0
squiggling,0
squirmiest,0
squirreled,0
squishiest,0
stabilized,27
stabilizer,8
stabilizes,5
stagecoach,2
stagecraft,1
stagehands,1
staggering,217
stagnantly,0
stagnating,12
stagnation,29
staircases,8
stairwells,2
stalactite,1
stalagmite,1
stalemated,3
stalemates,2
stammerers,0
stammering,2
stampeding,0
stanchions,0
standalone,83
standpipes,0
standpoint,80
standstill,59
starboards,0
starchiest,0
starfishes,0
stargazers,6
stargazing,11
starlights,0
starvation,70
starveling,0
statecraft,1
statehoods,0
statehouse,8
stateliest,0
statements,755
staterooms,2
statically,1
stationary,54
stationers,1
stationery,15
stationing,5
statistics,355
statuaries,0
statuesque,1
statuettes,2
staunchest,6
staunching,0
steadiness,6
steakhouse,10
stealthier,1
stealthily,6
steamboats,0
steaminess,0
steamrolls,0
steamships,3
steeliness,0
steelworks,9
steelyards,0
steepening,1
stegosauri,0
stenciling,0
stencilled,1
stentorian,0
stepfather,39
stepladder,0
stepmother,21
stepparent,0
stepsister,4
stereotype,30
sterilized,9
sterilizer,0
sterilizes,0
stertorous,0
stevedores,1
stewardess,6
stewarding,6
stickiness,5
stiffeners,0
stiffening,6
stiflingly,0
stigmatize,1
stilettoes,2
stillbirth,5
stimulants,10
stimulated,22
stimulates,11
stinginess,1
stipplings,0
stipulated,46
stipulates,19
stirringly,2
stitchings,0
stockading,0
stockiness,0
stockinets,0
stockpiled,11
stockpiles,22
stockrooms,0
stockyards,1
stodginess,0
stolidness,0
stomachers,0
stomaching,0
stonemason,2
stonewalls,0
stonewares,0
stoneworks,0
stoplights,2
stoppering,0
storefront,30
storehouse,1
storerooms,0
storminess,0
storyboard,3
storybooks,2
stovepipes,0
straddlers,0
straddling,11
stragglers,1
stragglier,0
straggling,0
straighten,13
straighter,8
straightly,0
straitened,2
stranglers,0
strangling,18
strappings,0
stratagems,0
strategics,0
strategies,635
strategist,119
stratified,5
stratifies,0
strawberry,62
streakiest,0
streamline,137
streetcars,1
streetwise,1
strengthen,577
stretchers,6
stretchier,0
stretching,140
striations,0
strictness,1
strictures,2
stridently,4
strikeouts,148
strikingly,26
stringency,2
stringiest,0
striplings,0
striptease,1
stronghold,72
strontiums,0
structural,247
structured,131
structures,435
struggling,1091
strychnine,3
stubbliest,0
stubborner,0
stubbornly,31
studiously,4
stuffiness,0
stultified,0
stultifies,0
stunningly,18
stupefying,0
stupendous,12
sturdiness,6
stutterers,0
stuttering,14
subalterns,0
subcompact,8
subculture,6
subdivided,3
subdivides,0
subheading,1
subjecting,20
subjection,1
subjective,56
subjoining,0
subjugated,3
subjugates,2
subleasing,0
subletting,3
sublimated,0
sublimates,0
subliminal,2
submariner,2
submarines,88
submerging,5
submersing,0
submersion,5
submission,179
submissive,7
submitting,81
suborbital,3
subpenaing,0
subpoenaed,13
subroutine,2
subscribed,36
subscriber,42
subscribes,2
subscripts,0
subsection,7
subsequent,397
subsidence,16
subsidiary,108
subsidized,45
subsidizer,0
subsidizes,7
subsisting,5
subspecies,3
substances,175
substation,37
substitute,236
substrates,5
substratum,0
subsurface,11
subsystems,2
subtenancy,0
subtenants,0
subterfuge,6
subtitling,1
subtleties,4
subtotaled,0
subtracted,3
subtrahend,0
subtropics,0
subvention,6
subversion,15
subversive,18
subverting,10
succeeding,53
successful,1802
succession,119
successive,171
successors,34
succincter,0
succinctly,10
succouring,0
succulence,0
succulency,0
succulents,9
succumbing,19
suctioning,3
suddenness,1
sufferance,0
sufferings,13
sufficient,331
suffocated,12
suffocates,1
suffragans,0
suffragist,1
suffusions,0
sugarcanes,0
sugarcoats,0
sugarplums,0
suggesting,505
suggestion,230
suggestive,21
sullenness,0
sulphuring,0
sulphurous,2
sultanates,0
sultriness,0
summarized,20
summarizes,12
summations,0
summertime,36
summitries,0
summonsing,0
sunbathers,0
sunbathing,13
sunbonnets,0
sunburning,0
sunflowers,11
sunglasses,98
sunscreens,7
sunstrokes,0
suntanning,0
supercargo,0
superhuman,19
supermodel,15
supernovae,4
supernovas,1
superposed,0
superposes,0
superpower,53
superseded,5
supersedes,5
supersized,1
supersizes,0
supersonic,12
superstars,42
superstore,11
supervened,0
supervenes,0
supervised,104
supervises,6
supervisor,131
superwoman,2
superwomen,0
supplanted,4
supplement,150
suppleness,1
suppliants,0
supplicant,1
supplicate,0
supporters,1292
supporting,1602
supportive,434
supposedly,179
suppressed,51
suppresses,9
suppressor,1
suppurated,0
suppurates,0
surceasing,0
surcharged,0
surcharges,15
surcingles,0
surefooted,0
surenesses,0
surfboards,6
surfeiting,0
surgically,16
surmounted,3
surpassing,99
surplusing,0
surplussed,0
surprising,495
surrealism,10
surrealist,6
surrenders,5
surrogates,24
surrounded,457
surveyings,0
suspecting,19
suspenders,2
suspending,47
suspension,382
suspicions,60
suspicious,388
sustaining,106
sustenance,23
suzerainty,0
swaggering,5
swallowing,23
swamplands,0
swankiness,0
swansdowns,0
swarthiest,0
swaybacked,0
swearwords,0
sweatbands,0
sweatpants,14
sweatshirt,34
sweatshops,0
sweepingly,2
sweepstake,0
sweetbread,0
sweetbriar,0
sweetbrier,0
sweeteners,16
sweetening,2
sweetheart,47
sweetmeats,0
swellheads,0
sweltering,32
swimmingly,3
swineherds,0
switchback,0
swivelling,0
swordplays,0
sycophancy,4
sycophants,7
syllabuses,0
syllogisms,0
symbolical,0
symbolisms,0
symbolized,22
symbolizes,29
symmetries,1
sympathies,47
sympathize,13
symphonies,3
symposiums,1
synagogues,17
syncopated,3
syncopates,0
syndicated,22
syndicates,16
synergisms,0
synonymies,0
synonymous,84
synthesize,7
synthetics,2
syphilises,0
syphilitic,1
systematic,88
tabboulehs,0
tabernacle,4
tablecloth,3
tablelands,1
tablespoon,26
tablewares,0
tabulating,1
tabulation,7
tabulators,0
tachometer,0
taciturnly,0
tactically,19
tacticians,3
tactlessly,0
tailgaters,2
tailgating,12
taillights,3
tailorings,0
talebearer,0
tallnesses,0
tallyhoing,0
tambourine,2
tamenesses,0
tangential,3
tangerines,1
tantalised,0
tantalises,0
tantalized,0
tantalizer,0
tantalizes,0
tantamount,14
tapestries,2
tarantella,0
tarantulae,0
tarantulas,1
tarmacking,0
tarnishing,13
tarpaulins,3
tartnesses,0
taskmaster,3
tasselling,0
tastefully,9
tattletale,0
tattooists,0
tauntingly,0
tautnesses,0
tawdriness,0
taximeters,0
taxonomies,0
taxonomist,0
teacupfuls,0
teakettles,0
teargassed,2
teargasses,0
tearjerker,1
technetium,0
technician,77
techniques,296
technocrat,9
technology,2984
teetotaler,1
telecasted,1
telecaster,0
telegraphs,1
telegraphy,0
telemeters,0
telepathic,4
telephoned,8
telephoner,0
telephones,9
telephonic,4
telephotos,1
telescoped,0
telescopes,17
telescopic,4
televising,1
television,910
telluriums,0
temerities,0
temperance,5
temporally,3
temporized,0
temporizer,0
temporizes,0
temptation,47
temptingly,0
tenability,1
tenacities,0
tenantries,0
tendencies,59
tenderfeet,0
tenderfoot,0
tenderized,0
tenderizer,0
tenderizes,0
tenderloin,1
tenderness,12
tendinitis,3
tendonitis,3
tenterhook,0
tepidities,0
termagants,0
terminable,0
terminally,45
terminated,93
terminates,3
terminuses,0
terracotta,11
terrariums,1
terrifying,220
terrorisms,0
terrorists,395
terrorized,11
terrorizes,2
terrycloth,0
tessellate,0
testaments,6
testifiers,0
testifying,31
tetrahedra,0
tetrameter,0
thankfully,96
thatchings,0
theatrical,133
themselves,2733
theocratic,7
theologian,10
theologies,0
theorizing,7
theosophic,0
therapists,53
thereabout,0
thereafter,113
thermostat,22
thickeners,0
thickening,12
thieveries,0
thighbones,0
thimbleful,0
thinnesses,0
thirstiest,1
thirteenth,6
thirtieths,0
thorniness,0
thorougher,0
thoroughly,238
thoughtful,170
thousandth,2
thralldoms,0
thrashings,0
threadbare,12
threadiest,0
threadlike,1
threatened,701
threepence,2
threescore,1
threesomes,2
threnodies,0
thresholds,55
thriftiest,0
thriftless,0
throatiest,0
thromboses,0
thrombosis,5
thrombotic,2
throttlers,0
throttling,4
throughout,2857
throughput,14
throughway,1
throwaways,1
throwbacks,1
thuggeries,0
thumbnails,7
thumbprint,2
thumbscrew,1
thumbtacks,0
thunderers,0
thundering,13
thunderous,25
ticklishly,0
tidewaters,0
tidinesses,0
tiebreaker,23
tighteners,0
tightening,75
tightropes,2
timberland,0
timberline,0
timekeeper,4
timelessly,0
timeliness,12
timepieces,12
timeserver,0
timetabled,5
timetables,16
timidities,0
timorously,0
timpanists,0
tincturing,0
tininesses,0
tinnituses,0
tinselling,0
tirelessly,191
tiresomely,1
titillated,1
titillates,0
titivating,0
titivation,0
tittivated,0
tittivates,0
toadstools,1
tobogganed,0
tobogganer,0
toiletries,18
tolerances,4
tolerantly,0
tolerating,10
toleration,3
tollbooths,0
tomahawked,0
tombstones,3
tomfoolery,5
tomography,1
tonalities,1
tonelessly,0
tongueless,0
toolmakers,1
toothaches,0
toothbrush,43
toothpaste,31
toothpicks,0
topicality,0
topography,15
torchlight,1
tormenters,1
tormenting,7
tormentors,1
torpedoing,2
torrential,59
torridness,0
tortellini,0
tortuously,0
totalities,0
touchdowns,388
touchiness,1
touchingly,2
touchstone,11
tougheners,0
toughening,2
tourmaline,1
tournament,1283
tourniquet,4
towelettes,0
towellings,0
townhouses,20
townswoman,0
townswomen,0
toxicities,0
toxicology,27
trackballs,0
trademarks,15
traditions,261
trafficked,24
trafficker,14
tragedians,0
tragically,162
tragicomic,1
trainloads,0
traitorous,4
trajectory,246
trammeling,0
trammelled,0
trampoline,19
tranquiler,0
tranquilly,0
transacted,5
transactor,0
transcends,56
transcribe,8
transcript,56
transducer,1
transected,0
transferal,1
transfixed,9
transfixes,0
transforms,65
transfused,0
transfuses,0
transgress,0
transience,2
transiency,0
transients,2
transistor,2
transiting,10
transition,917
transitive,1
transitory,4
translated,111
translates,102
translator,30
transmuted,2
transmutes,0
transpired,46
transpires,6
transplant,124
transpolar,0
transports,26
transposed,1
transposes,2
transships,0
transverse,3
trapeziums,0
trapezoids,0
trashiness,0
traumatize,1
travailing,0
travelings,0
travellers,162
travelling,633
travelogue,3
traversals,0
traversing,36
travestied,0
travesties,0
treadmills,10
treasonous,1
treasurers,1
treasuries,0
treasuring,1
treatments,399
trellising,0
trematodes,0
tremendous,305
trenchancy,0
trendiness,0
trespassed,4
trespasser,7
trespasses,1
triangular,15
triathlons,6
tribalisms,0
trickeries,0
trickiness,0
tricksters,3
tricolours,0
triennials,0
triggering,100
trilateral,16
trillionth,0
trilobites,1
trimesters,3
trimnesses,0
trimonthly,0
tripartite,13
triplicate,1
trisecting,0
trisection,0
triumphant,68
triumphing,7
triviality,0
trivialize,2
troglodyte,1
trolleybus,0
trombonist,2
troopships,0
tropically,0
troubadour,1
trousseaus,0
trousseaux,0
trowelling,0
truckloads,8
truculence,0
trumperies,0
trumpeters,1
trumpeting,5
truncating,3
truncation,1
truncheons,0
trustfully,0
trustingly,0
truthfully,6
truthiness,0
tubercular,0
tuberculin,0
tularemias,0
tumbledown,0
tumbleweed,2
tumescence,0
tumidities,0
tumultuous,86
tunelessly,0
tunnellers,0
tunnelling,2
turboprops,0
turbulence,77
turduckens,0
turnabouts,0
turnaround,123
turnbuckle,20
turnstiles,7
turntables,4
turpentine,2
turpitudes,0
turquoises,0
turtledove,0
turtleneck,8
tutorships,0
twentieths,0
twiddliest,0
twinklings,0
twitchiest,0
twittering,0
tympanists,0
typescript,0
typesetter,1
typewriter,10
typewrites,0
typicality,0
typography,3
typologies,1
tyrannical,18
tyrannized,0
tyrannizes,0
ubiquities,0
ubiquitous,66
ufologists,0
uglinesses,0
ulcerating,0
ulceration,0
ultimately,1160
ultimatums,0
ultralight,2
ultrasonic,7
ultrasound,28
ululations,0
unabridged,0
unaccented,0
unaffected,60
unanswered,83
unapparent,0
unapproved,4
unarguable,0
unarguably,6
unassisted,11
unassuming,27
unattached,4
unattended,39
unattested,0
unavailing,0
unbalanced,13
unbaptized,1
unbearable,53
unbearably,6
unbeatable,34
unbecoming,11
unbeliever,1
unbleached,1
unblinking,1
unblocking,1
unblushing,0
unbosoming,0
unbuckling,0
unburdened,5
unbuttoned,7
uncanniest,0
uncensored,3
unchaining,0
unchanging,2
unchastest,0
unclasping,0
uncleanest,0
unclearest,0
uncloaking,0
unclogging,0
unclothing,0
uncombined,0
uncommoner,0
uncommonly,5
unconcerns,0
unconfined,1
unconsumed,0
uncoupling,0
uncovering,42
uncritical,4
uncrossing,0
unctuously,1
uncultured,1
undeceived,0
undeceives,0
undecideds,2
undeclared,15
undefeated,114
undefended,0
undeniable,91
undeniably,47
underacted,0
underbelly,14
underbrush,5
underclass,4
undercoats,0
undercover,86
underfeeds,0
undergoing,259
underlined,64
underlines,30
underlings,7
underlying,268
undermined,87
undermines,81
underneath,204
underpants,13
underparts,0
underplays,0
underrated,78
underrates,0
underscore,99
undersells,0
undersexed,0
undershirt,2
undershoot,0
undersides,0
undersigns,0
undersized,7
underskirt,1
understand,2622
understate,0
understood,591
understudy,11
undertaken,200
undertaker,1
undertakes,18
undertones,9
undervalue,2
underwater,130
underwears,0
underwhelm,3
underworld,37
underwrite,8
underwrote,1
undeserved,5
undetected,23
undeterred,26
undigested,1
undismayed,0
undisputed,57
undramatic,1
undressing,4
undulating,7
undulation,0
unearthing,9
uneasiness,5
uneconomic,2
unedifying,2
uneducated,6
unemphatic,0
unemployed,97
unenclosed,0
unenforced,0
unenviable,14
unequalled,0
unequipped,0
unerringly,0
unevenness,2
uneventful,8
unexampled,1
unexciting,4
unexpected,512
unexplored,9
unfairness,18
unfaithful,15
unfamiliar,90
unfastened,0
unfeasible,6
unfeminine,0
unfettered,16
unfiltered,12
unfinished,63
unflagging,1
unflavored,1
unforeseen,64
unfreezing,1
unfriended,0
unfriendly,19
unfrocking,0
unfruitful,3
ungainlier,0
ungenerous,1
ungodliest,0
ungoverned,1
ungraceful,0
ungracious,1
ungrateful,9
ungrudging,0
unhallowed,0
unhampered,0
unhandiest,0
unhappiest,3
unhardened,0
unheralded,9
unhindered,7
unhitching,0
unholiness,0
unicameral,0
uniforming,0
uniformity,14
unilateral,47
unimpaired,1
unimposing,0
unimproved,2
uninfected,0
uninformed,16
uninspired,13
uninstalls,0
unintended,47
uninviting,2
unionizing,10
uniqueness,30
universals,0
university,1108
unkindlier,0
unkindness,0
unknowable,6
unladylike,3
unlatching,0
unlawfully,74
unlearning,2
unleashing,39
unleavened,0
unlettered,1
unlicensed,34
unlikelier,0
unlikeness,1
unlimbered,0
unloosened,0
unlovelier,0
unluckiest,0
unmanliest,0
unmannerly,0
unmeasured,0
unmediated,0
unmerciful,2
unmodified,2
unmolested,2
unmorality,0
unnameable,0
unnumbered,1
unobserved,1
unoccupied,26
unofficial,86
unoriginal,3
unorthodox,21
unpleasant,96
unpleasing,0
unplugging,3
unpolished,1
unpolluted,0
unprepared,22
unprompted,7
unprovided,0
unprovoked,31
unpunished,18
unquietest,0
unraveling,18
unravelled,4
unreadable,7
unrealized,9
unrecorded,6
unreformed,1
unreliable,62
unreliably,0
unrelieved,0
unreported,24
unrequited,1
unreserved,9
unresolved,79
unrewarded,1
unrivalled,9
unromantic,0
unruliness,0
unsaddling,0
unsanitary,11
unschooled,1
unscramble,0
unscrewing,0
unscripted,21
unseasoned,0
unseeingly,0
unseemlier,0
unsettling,67
unshackled,2
unshackles,0
unshakable,5
unshakably,1
unsheathed,1
unsheathes,0
unsinkable,3
unskillful,1
unsnapping,0
unsnarling,0
unsociable,0
unsolvable,0
unsoundest,0
unspecific,0
unstablest,0
unsteadier,0
unsteadily,3
unstinting,3
unstopping,0
unstrapped,0
unstressed,1
unsuitable,38
unsuitably,1
unswerving,4
untalented,1
untangling,5
untenanted,1
unthinking,4
untidiness,0
untimelier,0
untiringly,0
untraveled,0
untroubled,1
untruthful,4
untwisting,0
unverified,22
unwariness,0
unwavering,363
unwearable,1
unwieldier,0
unworkable,13
unworthier,0
unworthily,0
unwrapping,2
unwrinkled,0
unyielding,16
upbraiding,0
upbringing,86
upchucking,1
upholsters,0
upholstery,32
uppercases,0
uproarious,3
upstanding,2
upstarting,0
urbanities,0
urbanizing,0
urbanology,0
urinalyses,0
urinalysis,3
urinations,0
urogenital,0
urological,3
urologists,2
urticarias,0
useability,0
usefulness,16
usherettes,1
usurpation,2
utterances,11
uttermosts,0
vacationed,7
vacationer,0
vaccinated,80
vaccinates,0
vacillated,1
vacillates,1
vagrancies,0
valentines,1
validating,23
validation,66
validities,0
valorously,0
valuations,78
vandalised,36
vandalises,0
vandalisms,0
vandalized,24
vandalizes,0
vanquished,8
vanquisher,0
vanquishes,0
vapidities,0
vaporising,0
vaporizers,0
vaporizing,0
variations,85
variegated,5
variegates,0
varnishing,0
vassalages,0
vastnesses,0
vaudeville,3
vegetables,323
vegetarian,61
vegetating,0
vegetation,102
vegetative,9
vehemences,0
vehemently,61
velocipede,0
velocities,0
velveteens,0
venalities,0
venerating,1
veneration,2
vengeances,0
vengefully,1
venomously,1
ventilated,15
ventilates,0
ventilator,22
ventricles,0
veracities,0
verbalized,0
verbalizes,0
verifiable,13
vermicelli,2
vermilions,0
vermillion,1
vernacular,15
versifiers,0
versifying,0
vertebrate,4
vertically,26
vertigines,0
vesiculate,0
vestibules,1
veterinary,105
vibraharps,0
vibrancies,0
vibraphone,0
vibrations,19
vicegerent,0
vicinities,0
victimized,16
victimizes,1
victorious,144
victualing,0
victualled,0
videodiscs,0
videodisks,0
videophone,0
videotaped,5
videotapes,1
viewership,82
viewfinder,2
viewpoints,39
vigilances,0
vigilantes,13
vigilantly,0
vignetting,0
vignettist,0
vigorously,38
vilenesses,0
villainies,0
villainous,37
villeinage,0
vindicated,20
vindicates,2
vindicator,0
vindictive,14
violations,345
violinists,0
virilities,0
virologies,0
virologist,1
virtuosity,5
virtuously,0
virulences,0
virulently,1
viscerally,5
viscountcy,0
visibility,236
visitation,47
visualized,1
visualizer,2
visualizes,1
vitalities,0
vitalizing,0
vitiations,0
vitrifying,0
vituperate,0
vivacities,0
viviparous,0
vivisected,0
vixenishly,0
vocabulary,44
vocalizing,3
vocational,54
vociferate,0
vociferous,8
voicemails,5
volatility,180
volatilize,0
volitional,1
volleyball,170
voltmeters,0
volubility,0
voluminous,16
volunteers,857
voluptuary,0
voluptuous,3
voodooisms,0
voracities,0
vouchsafed,0
vouchsafes,0
voyeurisms,0
vulcanized,0
vulcanizes,0
vulgarians,0
vulgarisms,0
vulgarized,0
vulgarizer,0
vulgarizes,0
vulnerable,944
vulnerably,2
wainscoted,0
wainwright,0
waistbands,2
waistcoats,3
waistlines,0
waitperson,0
waitresses,2
waitstaffs,0
wallboards,0
wallflower,3
wallopings,0
wallpapers,7
wanderings,1
wanderlust,4
wantonness,0
warbonnets,0
warehoused,1
warehouses,66
warinesses,0
warmnesses,0
warmongers,3
warrantied,0
warranties,12
warranting,3
washbasins,1
washboards,0
washcloths,2
washstands,0
wassailing,0
wastefully,0
wastelands,3
wastepaper,3
watchbands,0
watchfully,1
watchmaker,3
watchtower,2
watchwords,1
waterbirds,2
waterboard,1
waterborne,8
watercolor,8
watercraft,11
watercress,3
waterfalls,32
waterfowls,0
waterfront,90
waterholes,0
wateriness,0
waterlines,1
watermarks,7
watermelon,30
watermills,0
waterpower,0
waterproof,61
watersheds,9
watersides,0
waterspout,7
watertight,7
waterwheel,1
waterworks,4
wavelength,16
waveringly,0
wavinesses,0
waxinesses,0
wayfarings,0
weakfishes,0
weaknesses,100
wealthiest,70
weaponless,0
weaponries,0
weaselling,0
weathering,13
weatherize,1
weatherman,5
weathermen,0
webcasting,1
webmasters,0
weekending,0
weeknights,3
weightiest,1
weightless,5
wellington,5
wellnesses,0
wellspring,6
werewolves,4
westerlies,2
westerners,4
westernize,0
whaleboats,0
whalebones,0
whatsoever,101
wheelbases,0
wheelchair,194
wheelhouse,7
wheeziness,0
whensoever,0
wherefores,0
whetstones,0
whimpering,2
whiplashes,0
whipsawing,0
whirligigs,0
whirlpools,0
whirlwinds,1
whirlybird,0
whisperers,1
whispering,19
whiteheads,1
whitenings,0
whitetails,0
whitewalls,0
whitewater,8
whizzbangs,0
whodunnits,1
wholesaled,0
wholesaler,9
wholesales,2
wholesomer,0
whomsoever,0
whorehouse,1
wickedness,12
wickerwork,0
widenesses,0
widescreen,0
widespread,615
widowhoods,0
wigwagging,0
wildcatted,0
wildcatter,0
wildebeest,2
wilderness,80
wildflower,15
wildnesses,0
wilfulness,0
wilinesses,0
willowiest,0
willpowers,0
windbreaks,1
windburned,0
windchills,1
windflower,0
windjammer,0
windlasses,0
windmilled,0
windowless,9
windowpane,1
windowsill,6
windshield,44
windstorms,1
windsurfed,0
windsurfer,0
winegrower,1
winemakers,5
wingspread,0
winteriest,0
winterized,1
winterizes,0
wintertime,12
wirelesses,0
wiretapped,1
wiretapper,0
wirinesses,0
wisecracks,0
witchcraft,22
witcheries,0
withdrawal,287
withstands,5
witnessing,165
witticisms,1
wizardries,0
wobbliness,1
woefullest,0
woefulness,0
wolfhounds,0
wolverines,3
womanhoods,0
womanizers,0
womanizing,3
womanliest,0
womenfolks,0
wonderland,23
wonderment,1
wondrously,1
woodblocks,0
woodcarver,0
woodchucks,1
woodcrafts,0
woodcutter,2
woodenness,0
woodpecker,1
woodsiness,0
woodworker,5
woolliness,0
wordlessly,3
workaholic,7
workforces,11
workhorses,3
workhouses,0
workingman,0
workingmen,0
workplaces,55
worksheets,5
worktables,0
worldliest,0
worldviews,8
worriments,0
worryingly,10
worrywarts,0
worshipers,2
worshipful,0
worshiping,4
worshipped,12
worshipper,1
worthiness,3
worthwhile,107
wraparound,15
wrathfully,0
wrestlings,0
wretcheder,0
wretchedly,0
wriggliest,0
wrinkliest,0
wristbands,8
wristwatch,6
wrongdoers,2
wrongdoing,106
wrongfully,33
xenophobes,1
xenophobia,17
xenophobic,23
xerography,0
xylophones,0
yardmaster,0
yardsticks,0
yellowness,0
yeomanries,0
yesterdays,0
yesteryear,18
youngsters,191
yourselves,45
youthfully,0
ytterbiums,0
zaninesses,0
zealotries,0
zeitgeists,0
zigzagging,2
zinfandels,0
zirconiums,0
zookeepers,6
zoological,0
zoologists,2
abandonment,44
abbreviated,13
abbreviates,0
abdications,0
aberrations,3
abhorrences,0
abhorrently,0
abjurations,0
abnegations,0
abnormality,7
abominating,0
abomination,10
aboriginals,0
abortionist,1
abracadabra,1
abridgement,1
abridgments,0
abrogations,0
abscissions,0
absenteeism,11
absolutions,0
absolutisms,0
absolutists,0
absorbingly,1
absorptions,0
abstentions,5
abstinences,0
abstracting,3
abstraction,13
absurdities,3
abusiveness,0
academician,2
accelerated,157
accelerates,31
accelerator,37
accentuated,6
accentuates,4
acceptances,1
acceptation,0
accessories,257
accidentals,0
acclamation,0
acclimating,1
acclimation,1
acclimatize,2
acclivities,0
accommodate,298
accompanied,390
accompanies,28
accompanist,0
accomplices,33
accordances,0
accordingly,153
accountable,374
accountancy,23
accountants,23
accountings,0
accoutering,0
accrediting,3
acculturate,0
accumulated,100
accumulates,2
accumulator,4
accusations,325
accusatives,0
accustoming,0
acerbically,0
achievement,474
acknowledge,318
acquainting,0
acquiescent,0
acquiescing,4
acquirement,0
acquisition,474
acquisitive,2
acridnesses,0
acrimonious,6
acrophobias,0
acropolises,0
activations,13
actualities,0
actualizing,0
acupressure,0
acupuncture,9
acutenesses,0
adaptations,64
adeptnesses,0
adjacencies,0
adjournment,30
adjudicated,6
adjudicates,1
adjudicator,5
adjurations,0
adjustments,196
administers,16
admiralties,0
admirations,0
admittances,0
admonishing,5
admonitions,0
adolescence,24
adolescents,36
adrenalines,0
adsorptions,0
adulterants,1
adulterated,7
adulterates,0
adumbrating,0
adumbration,0
advancement,141
advantaging,1
adventurers,14
adventuress,0
adventuring,5
adventurous,69
adverbially,0
adversarial,24
adversaries,95
adverseness,0
adversities,10
advertisers,71
advertising,427
advertizing,1
advertorial,2
advisements,0
aerobically,1
aerodynamic,15
aeronautics,2
affectation,1
affectingly,1
affiliating,1
affiliation,77
affirmation,37
affirmative,42
afflictions,1
afforesting,0
aficionados,23
afterbirths,0
afterburner,0
aftereffect,1
afterimages,0
aftermarket,20
aftershaves,0
aftershocks,16
aftertastes,0
agelessness,0
agglomerate,0
agglutinate,0
aggrandized,0
aggrandizes,0
aggravating,26
aggravation,7
aggregating,9
aggregation,6
aggressions,6
agnosticism,0
agonizingly,3
agoraphobia,0
agoraphobic,1
agrarianism,0
agriculture,473
agronomists,1
aimlessness,0
airbrushing,1
airdropping,0
airfreights,0
airlessness,0
airsickness,0
airworthier,0
albatrosses,3
alcoholisms,0
alertnesses,0
algorithmic,17
alienations,0
alivenesses,0
allegations,1128
allegiances,14
allegorical,2
allegorists,0
allegrettos,0
alleviating,33
alleviation,15
alliterated,0
alliterates,0
allocations,73
allurements,0
aloofnesses,0
alphabetize,0
altarpieces,0
alterations,67
altercation,173
alternately,7
alternating,37
alternation,1
alternative,1049
alternators,0
amalgamated,1
amalgamates,0
amaryllises,0
amateurisms,0
ambassadors,65
ambergrises,0
ambiguities,3
ambiguously,1
ambitiously,2
ambivalence,15
ambulations,0
ambuscading,0
ameliorated,1
ameliorates,0
amenability,1
amercements,0
amicability,0
ammunitions,4
amontillado,1
amoralities,0
amorousness,0
amorphously,0
amphetamine,9
amputations,7
anachronism,4
anaesthesia,1
anaesthetic,15
analogizing,0
analogously,1
anarchistic,0
anatomizing,0
ancestrally,1
anchorwoman,0
anchorwomen,0
ancientness,0
ancillaries,0
androgynies,0
androgynous,4
anemometers,0
anesthesias,0
anesthetics,2
anesthetist,2
anesthetize,0
angelfishes,0
angelically,0
angioplasty,3
angiosperms,0
anglicizing,0
animadverts,0
animalcules,0
animosities,1
annexations,0
annihilated,6
annihilates,1
annihilator,0
anniversary,912
annotations,3
anointments,0
anomalously,0
anonymities,0
anonymously,150
antagonisms,0
antagonists,14
antagonized,2
antagonizes,0
antecedence,0
antecedents,5
antechamber,0
anthologies,1
anthologist,0
anthologize,0
anthracites,0
anthropoids,0
antibiotics,85
antichrists,0
anticipated,615
anticipates,110
anticyclone,0
antifascist,1
antifreezes,0
antimatters,0
antimissile,1
antinuclear,0
antioxidant,25
antipathies,0
antiphonals,0
antipodeans,1
antipoverty,0
antiquarian,1
antiquaries,0
antiquating,0
antiquities,5
antisemitic,152
antiseptics,0
antislavery,0
anxiousness,3
aphrodisiac,3
apocalypses,1
apocalyptic,28
apologizing,28
apostatized,0
apostatizes,0
apostleship,0
apostrophes,0
appallingly,8
apparatuses,5
apparelling,0
apparitions,9
appealingly,1
appearances,611
appeasement,21
appellation,5
appertained,0
applesauces,0
application,1592
applicators,2
appliqueing,0
appointment,668
apportioned,2
appositions,0
appositives,0
appreciable,4
appreciably,1
appreciated,323
appreciates,74
appreciator,0
apprehended,153
apprenticed,4
apprentices,63
approaching,314
approbation,0
appropriate,774
approvingly,3
approximate,38
appurtenant,0
aquaculture,19
aquamarines,1
aquaplaning,1
aquatically,0
aquiculture,0
arabilities,0
arbitragers,1
arbitrageur,0
arbitraging,1
arbitrament,0
arbitrarily,30
arbitrating,0
arbitration,73
arbitrators,1
arborvitaes,0
archaeology,25
archaically,0
archbishops,3
archdeacons,0
archdiocese,19
archduchess,0
archenemies,0
archipelago,32
architraves,1
arduousness,0
aristocracy,5
aristocrats,4
arithmetics,0
arraignment,56
arrangement,238
arrhythmias,3
arrogations,0
arthritides,0
arthroscope,0
articulated,46
articulates,5
artilleries,0
artlessness,0
ascendances,0
ascertained,18
ascetically,0
asceticisms,0
ascriptions,0
aseptically,0
asininities,0
asparaguses,0
asphyxiated,2
asphyxiates,0
aspidistras,0
aspirations,240
assassinate,47
assemblages,1
assemblyman,9
assemblymen,0
assertively,3
assessments,177
asseverated,0
asseverates,0
assiduities,0
assiduously,18
assignation,0
assignments,69
assimilated,7
assimilates,0
assistances,0
associating,16
association,446
associative,0
assortments,1
assumptions,80
asterisking,0
astigmatism,1
astonishing,89
astringency,0
astringents,0
astrologers,2
astrologies,0
astrologist,1
astronautic,0
astronomers,25
astronomies,0
asymmetries,1
atmospheres,11
atmospheric,94
atonalities,0
atrociously,0
attachments,48
attainments,3
attendances,10
attentively,11
attenuating,0
attenuation,4
attestation,5
attitudinal,5
attractable,0
attractants,5
attractions,192
attributing,46
attribution,12
attributive,0
auctioneers,9
audaciously,1
audiologies,0
audiologist,3
audiometers,0
audiophiles,5
audiovisual,8
auditioning,16
auditoriums,3
auscultated,0
auscultates,0
austerities,0
authoresses,0
authorities,1924
authorizing,19
authorships,0
autocracies,4
autodidacts,0
autographed,11
automations,2
automatisms,0
automatized,0
automatizes,0
automobiles,34
autoworkers,3
auxiliaries,0
avocational,1
avoirdupois,0
awarenesses,0
awesomeness,1
awestricken,0
awfulnesses,0
awkwardness,18
babysitters,2
babysitting,16
bacchanalia,0
backbencher,10
backgammons,0
backgrounds,205
backhanders,0
backhanding,0
backlogging,0
backpackers,4
backpacking,17
backpedaled,0
backslapper,0
backslashes,0
backslidden,0
backsliders,0
backsliding,7
backspacing,0
backstabber,3
backstopped,0
backstretch,3
backstroked,0
backstrokes,0
backtracked,19
bactericide,0
badmouthing,3
bafflements,0
bagginesses,0
baksheeshes,0
balefulness,0
balloonists,0
ballplayers,2
ballyhooing,0
balminesses,0
balustrades,1
bamboozling,0
bandmasters,0
banishments,0
bankrolling,7
bankrupting,4
banteringly,0
baptistries,0
barbarities,0
barbarizing,0
barbarously,0
barbershops,3
barbiturate,0
barcarolles,0
barefacedly,0
barnstormed,1
barnstormer,2
baronetcies,0
barricading,10
bashfulness,0
basketballs,4
basketworks,0
bassoonists,0
bastardized,1
bastardizes,0
bathyscaphe,0
bathyscaphs,0
bathysphere,0
battledores,0
battlefield,151
battlefront,2
battlements,1
battleships,24
bawdinesses,0
bayonetting,0
beachcomber,2
bearishness,1
beastliness,0
beauteously,0
beauticians,1
beautifiers,0
beautifully,175
beautifying,6
bedevilling,8
bedevilment,0
bedraggling,0
beefburgers,0
beefinesses,0
beekeepings,0
befittingly,0
befriending,8
beguilement,0
beguilingly,1
behaviorism,0
behaviorist,0
bejewelling,0
belabouring,0
beleaguered,31
belladonnas,0
belletrists,0
bellicosity,0
belligerent,14
bellwethers,2
bellyaching,0
bellybutton,0
bemusements,0
benediction,5
benedictory,0
benefaction,0
benefactors,10
beneficence,0
beneficiary,78
benefitting,45
benevolence,7
benightedly,0
benignities,0
bequeathing,2
bereavement,31
besmirching,0
bespangling,0
bespattered,0
bestsellers,15
betterments,0
bewhiskered,0
bewildering,9
bewitchment,0
bibliophile,0
bicarbonate,7
bicentenary,3
bifurcating,0
bifurcation,7
bilaterally,5
bilingually,1
biliousness,0
billionaire,254
bimetallics,0
bimetallism,0
bimonthlies,0
biochemical,9
biochemists,1
biodegraded,0
biodegrades,0
biofeedback,1
biographers,3
biographies,10
biophysical,0
birdbrained,0
birdwatcher,2
birthplaces,2
birthrights,0
birthstones,0
bisexuality,3
bittersweet,74
bivouacking,0
blackamoors,0
blackballed,2
blackboards,3
blackguards,0
blackjacked,0
blacklisted,13
blackmailed,14
blackmailer,3
blacknesses,0
blacksmiths,1
blacksnakes,0
blackthorns,0
blacktopped,1
blamelessly,0
blameworthy,1
blancmanges,0
blandishing,0
blandnesses,0
blanknesses,0
blasphemers,0
blasphemies,0
blaspheming,0
blasphemous,9
bleaknesses,0
blessedness,0
blindfolded,18
blindnesses,0
blindsiding,0
blitzkriegs,0
blockbuster,131
blockhouses,0
blondnesses,0
bloodhounds,0
bloodlessly,1
bloodmobile,1
bloodstains,3
bloodstocks,0
bloodstream,29
bloodsucker,0
blowtorched,0
blowtorches,2
bludgeoning,4
blueberries,26
bluebonnets,3
bluebottles,0
bluegrasses,0
bluejackets,0
blueprinted,0
bluffnesses,0
blunderbuss,0
bluntnesses,0
bobbysoxers,0
bobsledders,0
bobsledding,1
bobsleighed,0
bodybuilder,7
bohemianism,0
boilermaker,0
boilerplate,6
bombardiers,0
bombardment,116
bombproofed,0
bondholders,3
bookbinders,1
bookbindery,0
bookbinding,1
bookkeepers,1
bookkeeping,13
bookmakings,0
bookmarking,1
bookmobiles,1
booksellers,10
bookshelves,14
boomeranged,0
boondoggled,0
boondoggler,0
boondoggles,0
boorishness,0
bootleggers,3
bootlegging,1
borderlands,2
borderlines,0
bossinesses,0
botanically,0
bottlenecks,28
boundlessly,1
bounteously,0
bountifully,0
bourgeoisie,4
boutonniere,0
bowdlerized,1
bowdlerizes,0
boysenberry,0
braggadocio,3
brainlessly,0
brainstorms,0
brainteaser,15
brainwashed,16
brainwashes,0
brandishing,28
brashnesses,0
bravenesses,0
breadbasket,2
breadboards,0
breadcrumbs,6
breadfruits,0
breadwinner,9
breakfasted,0
breakfronts,0
breakwaters,1
breastbones,0
breastplate,0
breastworks,0
breathalyze,0
bricklayers,0
bricklaying,3
bridegrooms,0
bridesmaids,10
bridgeheads,0
bridgeworks,0
briefnesses,0
brigandages,0
brigantines,0
brighteners,0
brightening,16
brilliances,0
brilliantly,93
brininesses,0
brisknesses,0
brittleness,2
broadcasted,11
broadcaster,249
broadcloths,0
broadminded,0
broadnesses,0
broadsheets,0
broadsiding,0
broadswords,1
brontosauri,0
brontosaurs,0
broomsticks,1
brotherhood,23
browbeating,0
brownnesses,0
brownstones,0
brusqueness,0
brutalities,2
brutalizing,0
brutishness,0
bucktoothed,0
bucolically,0
budgerigars,0
bulimarexia,0
bulkinesses,0
bulldogging,0
bulletining,0
bulletproof,27
bullfighter,1
bullfinches,0
bullishness,3
bullshitted,0
bullshitter,0
bumpinesses,0
bumptiously,0
bureaucracy,80
bureaucrats,44
burglarized,3
burglarizes,0
burgomaster,0
burlesquing,0
burlinesses,0
bushinesses,0
bushmasters,0
bushwhacked,0
bushwhacker,1
businessman,207
businessmen,46
butterballs,0
butterflied,1
butterflies,58
buttermilks,0
buttonholed,0
buttonholes,0
buttonwoods,0
buttressing,2
cabinetries,0
cabinetwork,0
cablecasted,0
cacophonies,0
cacophonous,6
caddishness,0
cajolements,0
calciferous,0
calcimining,0
calculating,36
calculation,50
calculative,0
calculators,7
calendaring,0
calendering,0
calibrating,5
calibration,10
calibrators,0
californium,0
calisthenic,0
calligraphy,9
callipering,0
callosities,0
callousness,10
calumniated,0
calumniates,0
calumniator,0
camaraderie,90
camerawoman,1
camerawomen,0
camouflaged,7
camouflager,0
camouflages,1
campaigners,101
campaigning,289
campanology,0
campgrounds,13
candelabras,1
candelabrum,0
candidacies,6
candidature,12
candlelight,25
candlepower,0
candlestick,0
candlewicks,0
cannibalism,14
cannibalize,3
canninesses,0
cannonading,0
cannonballs,1
canonically,3
cantaloupes,1
cantilevers,0
cantonments,0
canvasbacks,0
capaciously,0
capacitance,1
caparisoned,0
capillaries,2
capillarity,0
capitalisms,0
capitalists,17
capitalized,36
capitalizes,7
capitations,0
capitulated,3
capitulates,0
cappuccinos,3
capsulizing,0
captaincies,1
captivating,162
captivation,0
captivators,0
captivities,0
caramelized,9
caramelizes,0
caravansary,0
carbonating,0
carbonation,7
carbonizing,0
carborundum,0
carbuncular,0
carburetors,2
carburetter,0
carburettor,0
carcinogens,5
carcinomata,0
cardiograms,0
cardiograph,0
cardsharper,0
carefullest,0
carefulness,0
caricatured,1
caricatures,6
carjackings,6
carnalities,0
carnivorous,8
carpentered,0
carpentries,0
carsickness,0
cartography,3
cartoonists,1
cartwheeled,0
casehardens,0
caseworkers,12
casseroling,0
cassowaries,1
castellated,1
castigating,3
castigation,0
castigators,0
castrations,0
casuistries,0
cataclysmal,0
cataclysmic,10
catafalques,0
catalepsies,0
cataleptics,0
cataloguers,0
cataloguing,4
catapulting,2
catastrophe,101
catchphrase,19
catechizing,0
categorical,7
categorized,22
categorizes,2
catercorner,0
caterpillar,7
caterwauled,0
catheterize,0
catholicity,0
cattinesses,0
cauliflower,21
causalities,3
caustically,1
cauterizing,0
cavernously,0
ceaselessly,5
celebrating,738
celebration,1003
celebrators,1
celebratory,78
celebrities,332
celestially,1
cellophanes,0
censorships,1
centenarian,7
centenaries,0
centennials,0
centerboard,0
centerfolds,0
centerpiece,38
centigramme,0
centiliters,0
centimeters,21
centimetres,24
centralized,42
centralizer,0
centralizes,2
centrifugal,2
centrifuged,0
centrifuges,3
centripetal,0
ceramicists,1
cerebellums,0
cerebrating,0
cerebration,0
ceremonials,1
ceremonious,1
certainties,4
certifiable,0
certifiably,2
certificate,243
chaffinches,1
chagrinning,0
chainsawing,0
chairperson,83
chalkboards,2
challengers,49
challenging,1144
chamberlain,0
chambermaid,2
championing,55
chancellery,1
chancellors,6
chandeliers,11
changelings,0
changeovers,1
channelized,2
channelizes,0
channelling,11
chanticleer,0
chaotically,4
chaperonage,0
chaperoning,0
charbroiled,0
chardonnays,1
charinesses,0
charioteers,0
charismatic,70
charlatanry,0
chartreuses,0
chatelaines,0
chauffeured,2
chauvinisms,0
chauvinists,1
cheapnesses,0
cheapskates,0
checkmating,0
checkpoints,40
cheerfuller,0
cheerleader,28
cheerlessly,0
cheesecakes,4
cheesecloth,1
chemistries,4
chessboards,0
chewinesses,0
chiaroscuro,0
chicaneries,0
chickenfeed,0
chiffoniers,0
childbirths,1
childproofs,0
chillnesses,0
chimpanzees,6
chinchillas,0
chirography,0
chiropodies,0
chiropodist,1
chirrupping,0
chitchatted,0
chlorinated,1
chlorinates,0
chloroforms,0
chlorophyll,2
chlorophyls,0
chloroplast,0
chocaholics,0
chockablock,1
chocoholics,0
choirmaster,0
chokecherry,2
cholesterol,104
choreograph,7
christening,6
chromosomal,1
chromosomes,11
chronically,25
chroniclers,4
chronicling,14
chronograph,1
chronometer,0
chrysalides,0
chrysalises,0
churchgoers,3
churchgoing,0
churchyards,0
circuitries,0
circularity,5
circularize,0
circulating,176
circulation,136
circulatory,13
circumcised,3
circumcises,0
circumpolar,0
circumspect,11
circumvents,4
citizenries,0
citizenship,197
citronellas,0
clairvoyant,6
clandestine,25
clapboarded,0
clarinetist,2
classically,10
classicisms,0
classicists,0
classifieds,0
classifiers,2
classifying,8
clavichords,0
cleanliness,66
cleannesses,0
clearheaded,0
clearnesses,0
clergywoman,0
clergywomen,0
clericalism,0
cliffhanger,43
climacteric,1
climatology,0
cliometrics,0
clodhoppers,0
cloistering,0
closefisted,0
closenesses,0
clothesline,50
clothespins,0
cloudbursts,1
cloverleafs,0
coagulating,0
coagulation,0
coagulators,0
coalescence,1
coauthoring,0
cobblestone,6
cobwebbiest,0
cockatrices,0
cockinesses,0
cockleshell,0
cockroaches,19
cocksuckers,0
codependent,1
coeducation,0
coefficient,3
coexistence,31
coextensive,0
coffeecakes,0
coffeehouse,2
coffeemaker,0
cogitations,0
cognitional,0
cognitively,11
cognizances,0
cognoscente,0
cognoscenti,1
cohabitants,1
coherencies,0
coincidence,91
coinsurance,5
coldblooded,1
collaborate,232
collapsible,5
collarbones,0
collaterals,0
collectable,9
collectedly,0
collectible,20
collections,230
collectives,7
collocating,0
collocation,0
colloquiums,0
colonelcies,0
colonialism,45
colonialist,3
colonoscopy,9
colorations,1
coloraturas,0
colorlessly,0
colostomies,0
combination,585
combustible,17
combustions,0
comediennes,0
comestibles,0
comeuppance,7
comfortable,975
comfortably,181
commandants,0
commandeers,0
commandment,12
commemorate,124
commendable,76
commendably,2
commentated,0
commentates,2
commentator,144
commercials,85
commingling,1
commiserate,8
commissions,63
commitments,296
commodities,100
commonplace,42
commonsense,16
commonweals,0
communicant,1
communicate,303
communiques,0
communistic,1
communities,2870
commutation,4
commutative,0
commutators,0
compactness,1
comparative,28
comparisons,102
compartment,38
compassions,0
compatibles,0
compatriots,25
compendious,0
compendiums,0
compensated,52
compensates,8
competences,4
competently,4
competition,2015
competitive,947
competitors,359
compilation,42
complacence,0
complacency,35
complainant,126
complainers,8
complaining,164
complaisant,0
complements,39
completions,26
complexions,4
compliances,1
compliantly,0
complicated,432
complicates,25
compliments,54
comportment,1
compositely,0
composition,107
compositors,0
compounding,40
comprehends,1
compressing,7
compression,28
compressors,2
compromised,152
compromises,49
comptroller,9
compulsions,3
compunction,2
computation,14
computerize,0
comradeship,0
concatenate,0
concaveness,0
concavities,0
concealable,0
concealment,10
conceitedly,0
conceivable,10
conceivably,15
concentrate,113
conceptions,7
concertedly,0
concertinas,0
concertized,0
concertizes,0
concessions,110
conciliated,0
conciliates,0
conciliator,1
conciseness,1
conclusions,99
concoctions,9
concomitant,2
concordance,0
concretions,0
concubinage,0
concurrence,7
concussions,20
condensates,2
condescends,1
conditional,112
conditioned,28
conditioner,38
condolences,244
condominium,21
conductance,1
conductible,0
conductions,0
conductress,0
confabulate,0
confections,6
confederacy,1
confederate,2
conferences,119
conferments,0
conferrable,0
confessedly,0
confessions,18
confidantes,2
confidences,2
confidently,98
configuring,4
confinement,63
confiscated,80
confiscates,0
confiscator,0
conflations,0
conflicting,59
confluences,0
conformable,0
conformance,2
conformisms,0
conformists,0
confounding,9
confronting,101
confusingly,3
confutation,0
congealment,0
congenially,0
congestions,2
congregants,19
congregated,7
congregates,1
congressman,80
congressmen,8
congruences,0
congruently,0
congruities,0
conjectural,1
conjectured,1
conjectures,0
conjugating,1
conjugation,1
conjunction,106
conjunctiva,0
conjunctive,0
conjuncture,1
conjuration,0
connectable,0
connectible,0
connections,556
connectives,0
conniptions,1
connivances,0
connoisseur,5
connotation,8
connotative,0
conquerable,0
consciences,3
consciously,28
conscripted,7
consecrated,16
consecrates,1
consecutive,656
consensuses,1
consequence,150
conservancy,6
conservator,5
considerate,25
considering,988
consignment,24
consistence,0
consistency,235
consolation,71
consolatory,1
consolidate,74
consolingly,0
consonances,0
consonantly,0
consortiums,2
conspicuous,16
conspirator,3
constancies,0
constipated,1
constipates,0
constituent,29
constituted,75
constitutes,82
constrained,38
constraints,147
constricted,4
constrictor,3
construable,0
constructed,258
constructor,3
consulships,0
consultancy,83
consultants,86
consumables,16
consumerism,13
consumerist,1
consummated,6
consummates,0
consumption,488
consumptive,0
containable,0
containment,43
contaminant,9
contaminate,11
contemplate,46
contentedly,4
contentions,3
contentious,150
contentment,14
contestable,4
contestants,184
continences,0
continental,64
contingency,64
contingents,11
continually,145
continuance,9
contortions,0
contrabands,0
contractile,0
contracting,86
contraction,47
contractors,268
contractual,44
contradicts,34
contraption,9
contrariety,0
contrasting,79
contravened,6
contravenes,3
contretemps,2
contributed,743
contributes,157
contributor,118
contritions,0
contrivance,1
controllers,67
controlling,207
controversy,395
controverts,0
contumacies,0
contumelies,0
conurbation,1
convalesced,0
convalesces,0
convections,0
convenience,270
conventicle,0
conventions,62
convergence,35
conversions,50
convertible,37
convexities,0
conveyances,1
convictions,263
convivially,0
convocation,22
convolution,0
convulsions,11
cooperating,61
cooperation,652
cooperative,92
cooperators,2
coordinated,167
coordinates,35
coordinator,383
copiousness,0
copperheads,0
copperplate,0
copulations,0
copulatives,0
copycatting,2
copyrighted,14
copywriters,0
cordilleras,0
corkscrewed,1
cornerstone,138
cornflowers,0
corninesses,0
cornucopias,0
corollaries,2
coronations,2
corporately,1
corporation,146
corporeally,0
corpulences,0
corpuscular,0
correctable,1
corrections,70
correctives,0
correctness,12
correlating,2
correlation,61
correlative,1
corresponds,21
corroborate,18
corrosively,0
corrugating,0
corrugation,0
corruptible,1
corruptions,0
corruptness,1
coruscating,2
coruscation,0
cosignatory,0
cosmetician,0
cosmetology,6
cosmogonies,0
cosmogonist,0
cosmologies,0
cosmologist,1
cosponsored,4
coterminous,0
cottonmouth,0
cottonseeds,0
cottontails,0
cottonwoods,0
councillors,471
counselling,101
counsellors,25
countenance,8
counteracts,1
counterfeit,53
counterfoil,1
countermand,0
counterpane,0
counterpart,150
countersank,0
countersign,0
countersink,0
countersunk,0
countervail,0
countrified,0
countryside,227
courteously,0
courthouses,5
courtliness,0
covenanting,0
cowcatchers,0
cowpunchers,0
crabgrasses,0
crackerjack,3
craftswoman,0
craftswomen,0
cranberries,13
crankshafts,0
crapshooter,0
crassnesses,0
crawlspaces,0
crazinesses,0
creationism,0
creationist,0
credentials,147
credibility,197
credulities,0
credulously,2
crematories,0
crematorium,23
crenelating,0
crenelation,0
crenellated,1
crenellates,0
crestfallen,4
crewelworks,0
criminality,66
criminology,12
crispnesses,0
criticizers,0
criticizing,81
crochetings,0
crookedness,0
crossbowman,0
crossbowmen,0
crossbreeds,1
crosschecks,0
crossnesses,0
crosspieces,0
crowdfunded,4
crucifixion,10
crudenesses,0
cruelnesses,0
crumbliness,0
crunchiness,1
crustaceans,5
cryosurgery,0
cryptically,2
cryptograms,0
crystalline,7
crystallize,4
cuckoldries,0
culminating,82
culmination,78
culpability,28
cultivating,56
cultivation,72
cultivators,1
cummerbunds,0
cumulonimbi,0
cunnilingus,0
curiosities,5
curiousness,0
curlinesses,0
curmudgeons,0
curriculums,11
currycombed,0
cursoriness,0
curtailment,3
customarily,6
customhouse,0
customizing,9
cybernetics,0
cyberspaces,0
cyclometers,0
cyclopaedia,0
cyclopedias,0
cylindrical,5
cytologists,0
cytoplasmic,0
daffinesses,0
dailinesses,0
damselflies,1
dangerously,86
daredevilry,0
dauntlessly,0
daydreamers,0
daydreaming,6
deaconesses,0
deactivated,14
deactivates,0
deadlocking,1
deadpanning,1
deadweights,0
deafeningly,2
dealerships,25
deathlessly,0
debarkation,1
debasements,0
debilitated,2
debilitates,0
debriefings,0
decadencies,0
decampments,0
decapitated,20
decapitates,2
decapitator,0
deceitfully,1
deceivingly,1
decelerated,0
decelerates,1
decelerator,0
deceptively,17
decimations,0
deciphering,5
declamation,0
declamatory,0
declaration,234
declarative,3
declaratory,3
declensions,0
declination,0
declivities,0
decolletage,3
decolonized,1
decolonizes,0
decomposing,11
decoratings,0
decorations,138
decoupaging,0
decrepitude,3
decrescendi,0
decrescendo,0
dedications,0
deductibles,6
deductively,0
deescalated,0
deescalates,0
defacements,0
defalcating,0
defalcation,0
defamations,0
defecations,0
defectively,0
defenseless,12
defensively,103
deferential,8
defilements,0
definitions,40
deflections,10
deflowering,0
defoliating,0
defoliation,0
defoliators,0
deforesting,0
deformation,8
deformities,3
degenerated,4
degenerates,1
degradation,63
dehumanized,6
dehumanizes,1
dehydrating,1
dehydration,51
dehydrators,0
deification,2
delectation,0
delegations,39
deleterious,8
deleveraged,0
deleverages,1
deliberated,27
deliberates,2
deliciously,21
delightedly,0
delineating,4
delineation,6
delinquency,12
delinquents,0
deliquesced,0
deliquesces,0
deliriously,1
deliverance,6
deliveryman,0
deliverymen,0
delphiniums,0
demagnetize,0
demagoguery,4
demarcating,2
demarcation,14
demigoddess,0
demobilized,3
demobilizes,0
democracies,39
democratize,12
demodulated,0
demodulates,0
demographer,8
demographic,183
demolishing,32
demolitions,24
demonetized,1
demonetizes,0
demonstrate,364
demoralized,5
demoralizes,0
demystified,0
demystifies,1
denigrating,10
denigration,1
denominated,7
denominates,0
denominator,8
denotations,0
denouements,0
densenesses,0
dentifrices,0
dentistries,0
denudations,0
deodorizers,0
deodorizing,3
departments,354
dependances,0
dependences,0
dependently,0
deployments,41
depolarized,0
depolarizes,0
depopulated,2
depopulates,0
deportation,137
deportments,0
depositions,9
depravities,1
deprecating,2
deprecation,2
deprecatory,0
depreciated,15
depreciates,0
depredation,1
depressants,0
depressions,6
depressives,0
deprivation,49
deprogramed,0
deputations,0
derailleurs,0
derailments,3
derangement,2
deregulated,6
deregulates,0
dereliction,14
derivations,0
derivatives,23
dermatology,7
derogations,0
desalinated,0
desalinates,0
desalinized,0
desalinizes,0
descendants,63
descendents,1
describable,0
description,267
descriptive,13
desecrating,2
desecration,7
desegregate,2
desensitize,1
deshabilles,0
desiccating,0
desiccation,1
desiccators,0
desideratum,0
designating,16
designation,121
desolations,0
despatching,1
desperadoes,0
desperately,251
desperation,70
despoilment,0
despondence,1
despondency,5
destabilize,25
destination,559
destitution,4
destructing,0
destruction,390
destructive,120
desultorily,0
detachments,7
detainments,0
deteriorate,55
determinant,10
determinate,0
determiners,0
determining,171
determinism,2
deterrences,0
detestation,0
detonations,4
detoxifying,3
detractions,0
detrimental,95
devaluation,23
devastating,573
devastation,108
devastators,0
development,4646
deviousness,0
devitalized,0
devitalizes,0
devolutions,0
devotionals,0
dexterities,0
dexterously,0
diacritical,0
diagnostics,30
diagramming,0
dialectical,5
diametrical,0
diamondback,0
diathermies,0
dichotomies,0
dichotomous,0
dicotyledon,0
dictatorial,12
dielectrics,0
differences,435
differently,322
difficultly,0
diffidences,0
diffidently,0
diffraction,2
diffuseness,0
digitalises,0
dignitaries,49
digressions,3
dilapidated,47
dilatations,0
dilettantes,0
dimensional,7
diminishing,57
diminuendos,0
diminutions,0
diminutives,0
dinginesses,0
dinnertimes,0
dinnerwares,0
diphtherias,0
diplomacies,0
diplomatist,0
dipsomaniac,0
dipsomanias,0
directional,16
directorate,21
directorial,66
directories,2
dirtinesses,0
disablement,1
disaffected,15
disagreeing,15
disallowing,5
disappeared,220
disappoints,4
disapproval,40
disapproved,12
disapproves,6
disarmament,13
disarmingly,0
disarranged,0
disarranges,0
disarraying,0
disassemble,2
disbandment,3
disbarments,0
disbelieved,1
disbeliever,0
disbelieves,0
discernible,19
discernibly,1
discernment,10
discharging,26
disciplined,104
disciplines,75
disclaimers,3
disclaiming,0
disclosures,42
discography,16
discoloring,0
discoloured,9
discomfited,0
discomforts,4
discommoded,0
discommodes,0
discomposed,0
discomposes,0
disconcerts,0
disconnects,7
discontents,2
discontinue,27
discordance,1
discotheque,0
discounters,2
discounting,12
discouraged,60
discourages,19
discoursing,0
discourtesy,1
discoverers,0
discoveries,82
discovering,121
discredited,19
discreetest,0
discrepancy,27
discretions,0
discussants,0
discussions,735
disembarked,11
disembodied,4
disembodies,0
disembowels,0
disenchants,0
disencumber,0
disengaging,1
disentangle,5
disesteemed,0
disfavoring,0
disfiguring,0
disgraceful,64
disgruntled,51
disgruntles,0
disgustedly,0
dishabilles,0
disheartens,0
disheveling,0
dishevelled,4
dishonestly,8
dishonoring,1
dishwashers,11
disillusion,1
disinclined,2
disinclines,0
disinfected,4
disinherits,0
disinterest,6
disinterred,1
disjointing,0
disjunctive,0
dislocating,4
dislocation,7
dismantling,77
dismembered,12
dismounting,0
disobedient,1
disobliging,0
disordering,0
disorganize,1
disoriented,13
disparaging,21
disparately,0
disparities,106
dispassions,0
dispatchers,22
dispatching,14
dispensable,1
dispersions,0
dispiriting,4
displeasing,0
displeasure,43
disposables,2
disposition,30
dispraising,0
disprovable,1
disputation,1
disquieting,8
disquietude,0
disregarded,30
disrespects,4
disruptions,197
dissections,1
dissemblers,0
dissembling,1
disseminate,15
dissensions,0
disservices,0
dissevering,0
dissidences,0
dissimulate,0
dissipating,1
dissipation,2
dissociated,2
dissociates,0
dissolutely,0
dissolution,46
dissonances,0
dissuasions,0
distasteful,10
distensions,0
distentions,0
distillates,1
distinctest,0
distinction,132
distinctive,187
distinguish,59
distortions,19
distracting,38
distraction,118
distressful,0
distressing,99
distributed,322
distributes,42
distributor,43
distrustful,5
distrusting,2
disturbance,134
divergences,2
diverseness,0
diversified,85
diversifies,2
diversities,2
divestiture,5
divestments,2
divinations,0
divorcement,0
dizzinesses,0
dockworkers,6
doctrinaire,1
documentary,561
documenting,89
dogcatchers,0
doggonedest,0
dogtrotting,0
dolefulness,0
doltishness,0
domesticate,1
domesticity,5
domiciliary,7
dominations,0
domineering,8
donnybrooks,0
doorkeepers,0
doorstepped,0
dormitories,6
doublespeak,1
doubtfuller,0
doubtlessly,1
dovetailing,1
dowdinesses,0
downgrading,8
downhearted,2
downloading,35
downplaying,16
downscaling,0
downshifted,0
downsizings,0
downtrodden,10
draftswoman,0
draftswomen,0
dragonflies,9
drainboards,0
dramatizing,1
drastically,119
draughtiest,0
draughtsman,2
draughtsmen,0
drawbridges,0
drawstrings,1
dreadnaught,0
dreadnought,1
dreamworlds,0
dressmakers,2
dressmaking,2
drillmaster,0
drollnesses,0
dromedaries,0
drunkenness,7
dubiousness,0
ductilities,0
dumbfounded,9
dumbwaiters,0
dumfounding,0
dumpinesses,0
dunderheads,1
duplicating,10
duplication,16
duplicators,0
duplicities,0
duplicitous,3
duskinesses,0
dustinesses,0
dutifulness,0
dynamically,14
dysenteries,0
dysfunction,45
dysprosiums,0
eagernesses,0
earlinesses,0
earnestness,6
earthenware,1
earthquakes,72
easternmost,2
ebulliences,0
ebulliently,0
ebullitions,0
echinoderms,1
eclecticism,0
economizers,0
economizing,0
ecotourisms,0
ecumenicism,0
edelweisses,0
edibilities,0
edification,0
editorially,1
editorships,1
educability,0
educational,645
edutainment,1
effacements,0
effectively,925
effectually,0
effectuated,0
effectuates,0
effervesced,0
effervesces,0
efficacious,2
efficiently,165
effulgences,0
egalitarian,8
egocentrics,0
egotistical,6
egregiously,11
eighteenths,0
einsteinium,0
ejaculating,1
ejaculation,2
ejaculatory,0
elaborately,1
elaborating,23
elaboration,6
elastically,0
elasticized,0
elasticizes,0
electioneer,0
electorates,11
electrician,39
electricity,921
electrified,31
electrifier,0
electrifies,0
electrocute,1
electrolyte,14
electronica,8
electronics,173
electrotype,0
elementally,1
elephantine,1
elicitation,0
eligibility,222
eliminating,181
elimination,150
ellipsoidal,1
elongations,0
elucidating,3
elucidation,2
elusiveness,1
emaciations,0
emancipated,3
emancipates,0
emancipator,0
emasculated,4
emasculates,0
embankments,5
embarkation,3
embarrassed,117
embarrasses,2
embellished,9
embellishes,1
embittering,0
emblazoning,0
embodiments,1
emboldening,7
embouchures,0
embraceable,0
embrocation,0
embroidered,19
embroiderer,1
embroilment,0
emendations,0
emergencies,168
emigrations,0
emotionally,186
empanelling,0
empathizing,0
emphasizing,227
empirically,4
empiricisms,0
empiricists,0
emplacement,1
employments,1
empowerment,146
emptinesses,0
emulsifiers,5
emulsifying,0
enamelwares,0
encampments,90
encapsulate,15
encasements,0
enchantment,6
enchantress,2
enciphering,0
encompassed,19
encompasses,75
encountered,232
encouraging,596
encroaching,20
encumbering,0
encumbrance,1
encyclicals,1
encystments,0
endangering,46
endearingly,7
endearments,0
endeavoring,5
endeavoured,2
endemically,0
endlessness,0
endorsement,240
endoscopies,2
endothermic,0
enervations,0
enforceable,15
enforcement,1262
enfranchise,0
engagements,117
engendering,1
engineering,522
engorgement,0
engrossment,0
engulfments,0
enhancement,66
enjambement,0
enjambments,0
enlargeable,0
enlargement,11
enlightened,15
enlistments,0
enlivenment,0
enmeshments,0
ennoblement,0
enrapturing,0
enrichments,1
enrollments,6
enshrouding,0
enslavement,10
ensnarement,0
entailments,0
enteritides,0
enteritises,0
enterprises,211
entertained,112
entertainer,50
enthralling,30
enthusiasms,1
enthusiasts,303
enticements,1
entitlement,55
entombments,0
entrapments,2
entrenching,8
enumerating,4
enumeration,6
enumerators,0
enunciating,1
enunciation,1
envelopment,0
enviousness,0
environment,2029
envisioning,17
ephemerally,1
epidermises,0
epigraphies,0
epinephrine,1
epinephrins,0
episcopates,0
epitheliums,0
epitomizing,1
equestrians,0
equidistant,1
equilateral,1
equilibrium,29
equinoctial,0
equitations,0
equivalence,7
equivalency,3
equivalents,25
equivocally,0
equivocated,0
equivocates,0
equivocator,0
eradicating,29
eradication,29
eradicators,0
erectnesses,0
ergosterols,0
erratically,21
erroneously,15
eructations,0
erythrocyte,0
escalations,9
escalloping,0
escapements,0
escarpments,1
escritoires,0
escutcheons,0
espadrilles,4
espaliering,0
essentially,459
established,1192
establishes,46
estimations,7
eternalness,0
ethnicities,20
ethnologies,0
ethnologist,0
ethological,0
ethologists,0
etiological,1
etymologies,1
etymologist,0
eugenically,0
eugenicists,0
euphemistic,2
euthanasias,0
euthanizing,1
evacuations,36
evaluations,50
evanescence,0
evangelical,39
evangelisms,0
evangelists,5
evangelized,0
evangelizes,1
evaporating,4
evaporation,16
evaporators,0
evasiveness,3
eventuality,16
eventuating,0
everlasting,21
eviscerated,3
eviscerates,0
evocatively,2
exacerbated,106
exacerbates,19
exactitudes,0
exactnesses,0
exaggerated,56
exaggerates,4
exaggerator,0
exaltations,0
examination,318
exasperated,22
exasperates,0
excavations,27
exceedingly,33
excellences,0
excellently,10
exceptional,506
excessively,34
excitations,0
excitements,0
exclamation,16
exclamatory,0
exclusively,279
exclusivity,30
excoriating,5
excoriation,0
excremental,0
excrescence,0
exculpating,0
exculpation,0
exculpatory,2
excursively,0
execrations,0
executioner,5
executrices,0
executrixes,0
exemplified,45
exemplifies,54
exhalations,0
exhaustible,0
exhaustions,0
exhibitions,120
exhilarated,2
exhilarates,0
exhortation,7
exhumations,1
existential,127
exonerating,5
exoneration,6
exorbitance,0
exoskeleton,4
expansively,1
expatiating,0
expatiation,0
expatriated,1
expatriates,11
expectantly,2
expectation,217
expectorant,0
expectorate,0
expediences,0
expediently,0
expeditions,19
expeditious,4
expendables,0
expenditure,163
expensively,3
experienced,1354
experiences,1306
experiments,110
expirations,2
explainable,2
explanation,273
explanatory,11
explicating,0
explication,1
exploitable,2
exploration,449
exploratory,19
explosively,4
exponential,27
exportation,7
expositions,2
expostulate,0
expressible,0
expressions,93
expressways,2
expropriate,2
expurgating,0
expurgation,0
exquisitely,12
extemporize,0
extensively,96
extenuating,3
extenuation,0
exterminate,10
externalize,1
extinctions,7
extirpating,0
extirpation,0
extortioner,0
extractions,7
extraditing,3
extradition,71
extrapolate,10
extravagant,54
extremeness,0
extremities,7
extricating,2
extrication,4
extroverted,5
exuberances,1
exuberantly,0
exultations,0
exurbanites,0
eyedroppers,0
fabricating,12
fabrication,32
fabricators,2
facetiously,4
facilitated,119
facilitates,55
facilitator,25
faintnesses,0
fairgrounds,20
faithlessly,0
fallibility,1
falsenesses,0
falteringly,0
familiarity,50
familiarize,7
fanatically,3
fanaticisms,0
fancinesses,0
fantasizing,1
fantastical,37
farinaceous,0
farthermost,0
fascinating,253
fascination,46
fashionable,52
fashionably,2
fashionista,7
fatefulness,0
fatherhoods,0
fatherlands,0
fattinesses,0
fatuousness,0
faultfinder,0
faultlessly,1
favoritisms,0
fearfulness,0
feasibility,78
featheriest,0
featherless,0
featureless,1
fecundating,0
fecundation,0
fecundities,0
federalisms,0
federalists,0
federalized,0
federalizes,0
federations,20
felicitated,9
felicitates,1
fellowships,11
ferociously,9
fertilities,0
fertilizers,35
fertilizing,1
festiveness,0
festivities,197
fetidnesses,0
fetishistic,1
fettuccines,0
feudalistic,0
fiberboards,0
fibrillated,0
fibrillates,0
fictionally,0
fiduciaries,1
fieldworker,0
fierinesses,0
figurations,0
figureheads,3
filamentous,0
filibusters,0
filigreeing,0
filminesses,0
filtrations,0
financially,297
fingerboard,0
fingerlings,1
fingernails,11
fingerprint,34
finickiness,0
firebombing,1
firecracker,6
firefighter,128
fireproofed,0
fishinesses,0
fishmongers,1
fishtailing,0
fissionable,0
flabbergast,0
flagellated,1
flagellates,0
flagrancies,0
flakinesses,0
flamboyance,0
flamboyancy,2
flameproofs,0
flannelette,0
flannelling,0
flashlights,10
flashpoints,9
flatulences,0
flauntingly,0
fledgelings,0
fleetnesses,0
flexibility,298
flightiness,0
flimflammed,0
flippancies,0
flirtations,0
flirtatious,14
floodlights,10
floodplains,8
floodwaters,42
floorboards,14
floorwalker,0
florescence,0
floundering,8
flourishing,40
floweriness,0
fluctuating,22
fluctuation,10
fluorescent,11
fluorescing,0
fluoridated,2
fluoridates,0
fluoroscope,0
flycatchers,0
flyspecking,0
flyswatters,0
foaminesses,0
fogginesses,0
folklorists,1
folksingers,0
folksinging,0
fomentation,0
fontanelles,0
foolhardier,0
foolhardily,0
foolishness,16
footballers,61
footbridges,2
footlockers,1
foppishness,0
forbearance,7
forebodings,0
forecasters,71
forecasting,71
forecastles,0
foreclosing,3
foreclosure,18
foredooming,0
forefathers,10
forefingers,1
foregathers,0
foregrounds,2
foreignness,0
foreknowing,0
foreordains,0
forepersons,0
forequarter,0
forerunners,3
foreseeable,78
foreshadows,3
foreshorten,0
foresighted,1
forestalled,0
forestation,1
forestlands,0
foretasting,0
foretelling,2
forethought,3
forevermore,2
forewarning,5
forfeitures,4
forgathered,0
forgetfully,0
forgettable,16
forgiveness,90
formalities,15
formalizing,3
formattings,0
formfitting,0
formulating,14
formulation,39
formulators,0
fornicating,2
fornication,1
fornicators,0
forswearing,0
forthcoming,207
fortnightly,23
fortunately,49
forwardness,0
fossilizing,0
foulmouthed,1
foundations,151
fourposters,0
fourteenths,0
foxtrotting,0
fractiously,0
fragilities,2
fragmentary,3
fragmenting,1
frailnesses,0
franchisees,18
franchisers,1
franchising,8
franchisors,0
frankfurter,2
franknesses,0
frantically,27
fraternally,0
fraternized,0
fraternizer,0
fraternizes,0
fratricidal,0
fratricides,0
fraudulence,1
freebooters,0
freeholders,7
freelancers,16
freelancing,10
freeloaders,1
freeloading,1
freethinker,0
freewheeled,0
frequencies,23
frequenters,3
frequentest,0
frequenting,6
freshnesses,0
freshwaters,0
fretfulness,0
friendliest,9
friendships,157
frightening,124
frightfully,2
frigidities,0
frivolities,1
frivolously,0
frontrunner,46
frostbiting,0
frostbitten,0
frowardness,0
fructifying,0
frugalities,0
fruitlessly,3
frustrating,286
frustration,404
fulfillment,51
fulfilments,0
fulminating,0
fulmination,0
fulsomeness,0
fumigations,0
functionary,9
functioning,169
fundamental,453
fundraisers,42
funkinesses,0
funninesses,0
furloughing,0
furnishings,30
furrinesses,0
furtherance,8
furthermore,7
furthermost,1
furtiveness,0
fussbudgets,0
fussinesses,0
fustinesses,0
fuzzinesses,0
gabbinesses,0
gadoliniums,0
gallantries,0
gallbladder,6
gallimaufry,0
gallivanted,0
galvanising,3
galvanizing,6
gamekeepers,3
gangbusters,2
garnishment,2
garrisoning,0
garrulities,0
garrulously,0
gastritides,0
gastritises,0
gastronomic,10
gatecrashed,0
gatecrasher,1
gatecrashes,1
gatekeepers,11
gaudinesses,0
gauntnesses,0
gauzinesses,0
gawkinesses,0
gemmologies,0
gemological,0
gemologists,0
genealogies,1
genealogist,1
generalists,0
generalized,12
generalizes,0
generalship,0
generations,662
generically,3
genetically,32
geneticists,0
genialities,0
genteelness,0
gentilities,0
gentlefolks,0
gentlemanly,3
gentlewoman,0
gentlewomen,0
gentrifying,6
genuflected,0
genuineness,1
geographers,0
geographies,14
geomagnetic,11
geometrical,2
geophysical,19
geopolitics,22
geosyncline,0
germinating,1
germination,5
gerontology,0
gerrymander,1
gestational,7
gesticulate,2
ghastliness,0
ghettoizing,0
ghostliness,0
ghostwriter,5
ghostwrites,0
gibberishes,0
giddinesses,0
gimcrackery,0
gimmickries,0
gingerbread,16
gingersnaps,0
girlfriends,34
girlishness,0
glaciations,0
gladioluses,0
glamorizing,2
glamorously,1
glamourized,0
glamourizes,0
glassblower,0
gleefulness,0
glimmerings,0
globalizing,2
glossolalia,0
glutinously,0
goalkeepers,29
goalkeeping,21
goaltenders,8
godchildren,0
goddaughter,1
godforsaken,1
godlessness,0
godlinesses,0
goldbricked,0
goldbricker,0
goldfinches,3
gonorrhoeas,0
goodhearted,0
goofinesses,0
gormandized,0
gormandizer,0
gormandizes,0
governances,1
governesses,0
governments,776
gracelessly,1
gradualisms,0
gradualness,0
graduations,9
grammarians,0
grammatical,5
gramophones,0
grandfather,275
grandiosely,0
grandiosity,4
grandmother,318
grandnephew,0
grandnesses,0
grandnieces,2
grandparent,14
grandstands,5
granduncles,0
granularity,0
granulating,0
granulation,0
grapefruits,3
graphically,3
grasshopper,2
gravedigger,0
gravenesses,0
gravestones,9
gravimeters,0
gravitating,8
gravitation,0
greasepaint,0
greatnesses,0
greengrocer,4
greenhouses,19
greennesses,0
greenswards,0
griddlecake,0
griminesses,0
grindstones,0
grossnesses,0
grotesquely,0
grouchiness,0
groundswell,9
groundwater,63
groundworks,5
gruffnesses,0
guarantying,0
guardhouses,0
guesstimate,2
guilelessly,0
guillotined,1
guillotines,1
gullibility,5
gunfighters,0
gunrunnings,0
gunslingers,2
gutlessness,0
guttersnipe,0
gymnosperms,0
gynaecology,4
gynecologic,3
haberdasher,0
habiliments,0
habitations,1
habituating,0
habituation,3
hacktivists,1
haemoglobin,4
haemophilia,5
haemorrhage,13
haggardness,0
hagiography,3
hairbreadth,0
hairbrushes,1
hairdresser,25
hairinesses,0
hairsprings,0
hairstylist,7
halfhearted,1
halfpennies,0
halleluiahs,0
hallelujahs,0
hallmarking,0
hallucinate,8
hammerheads,0
hammerlocks,0
handbarrows,0
handcrafted,28
handcuffing,2
handicapped,18
handicapper,6
handicrafts,11
handinesses,0
handmaidens,0
handpicking,0
handsprings,0
handwriting,24
handwritten,47
haphazardly,3
haplessness,0
happinesses,0
harassments,1
hardhearted,0
hardinesses,0
hardworking,75
harebrained,1
harmfulness,0
harmonizers,0
harmonizing,7
harpsichord,2
harshnesses,0
hastinesses,0
hatefulness,1
hatemongers,1
haughtiness,0
hawkishness,1
hazardously,0
headdresses,1
headhunters,1
headhunting,1
headinesses,0
headmasters,2
headquarter,2
headwaiters,0
healthcares,0
healthfully,1
healthiness,1
heartbreaks,1
heartbroken,127
hearthstone,0
heartlessly,1
heartthrobs,6
heathendoms,0
heathenisms,0
heatproofed,0
heatstrokes,0
heavenliest,0
heavenwards,0
heavinesses,0
heavyweight,141
hectometers,0
hedgehopped,0
heftinesses,0
heightening,18
heinousness,0
helicopters,142
heliotropes,0
hellishness,0
helpfulness,4
hematologic,0
hemispheres,8
hemispheric,3
hemoglobins,0
hemophiliac,0
hemophilias,0
hemorrhaged,0
hemorrhages,2
hemorrhagic,4
hemorrhoids,1
hemstitched,0
hemstitches,0
hepatitides,0
heptathlons,0
herbivorous,2
herniations,0
herpetology,0
herringbone,1
hesitancies,0
hesitations,0
hexadecimal,0
hibernating,6
hibernation,12
hibernators,0
hiccoughing,0
hideousness,0
hierarchies,12
hieroglyphs,0
highfalutin,0
highjacking,0
highlanders,0
highlighted,1153
highlighter,7
hightailing,0
hilariously,36
hillbillies,0
hillinesses,0
hindquarter,1
hinterlands,3
hippodromes,0
hippopotami,0
hirsuteness,0
histologies,0
histologist,0
historicity,2
histrionics,2
hitchhikers,1
hitchhiking,3
hoarinesses,0
hobbyhorses,0
hodgepodges,0
holographic,12
homecomings,0
homemakings,0
homeopathic,3
homeostases,0
homeostasis,6
homeostatic,0
homesteaded,0
homesteader,2
homestretch,4
homeynesses,0
homogeneity,3
homogeneous,5
homogenized,2
homogenizes,0
homophobias,0
homosexuals,8
honeycombed,1
honeylocust,0
honeymooned,1
honeymooner,1
honeysuckle,5
honorariums,0
hoodwinking,0
hooliganism,8
hopefulness,3
hopscotched,0
hopscotches,0
horizontals,0
hornblendes,0
horological,2
horologists,1
horselaughs,0
horseradish,6
hospitality,319
hospitalize,1
hostilities,75
hotheadedly,0
hourglasses,1
housebreaks,0
housebroken,1
housecleans,0
householder,4
housekeeper,24
houselights,0
housemother,0
houseparent,0
houseplants,20
housewifely,0
hovercrafts,0
huckleberry,2
huckstering,0
hucksterism,0
huffinesses,0
hullabaloos,0
humannesses,0
humidifiers,3
humidifying,0
humiliating,56
humiliation,54
hummingbird,6
humorlessly,0
hunchbacked,0
hundredfold,0
hurtfulness,0
husbandries,0
huskinesses,0
hybridizing,0
hydrocarbon,12
hydrogenate,0
hydrogenous,0
hydrologies,0
hydrologist,4
hydrolyzing,0
hydrometers,0
hydrophobia,0
hydrophobic,3
hydrophones,1
hydroplaned,0
hydroplanes,0
hydroponics,3
hydrosphere,0
hygrometers,0
hyperactive,3
hyperlinked,1
hypermedias,0
hypertrophy,3
hyphenating,0
hyphenation,0
hypnotizing,0
hypocrisies,0
hypodermics,0
hypotenuses,0
hypothalami,0
hypothermia,19
hypothesize,4
hypothyroid,1
icebreakers,0
ichthyology,0
iconoclasms,0
iconoclasts,1
iconography,9
identically,3
identifying,284
ideological,112
ideologists,1
idiotically,1
idolization,2
idyllically,0
ignominious,6
ignoramuses,1
illiberally,0
illicitness,1
illimitable,0
illiterates,1
illogically,1
illuminable,0
illuminated,55
illuminates,10
illusionist,5
illustrated,69
illustrates,58
illustrator,22
illustrious,75
imagination,195
imaginative,45
imbrication,0
imitatively,0
immanencies,0
immediacies,0
immediately,2042
immensities,0
immigrating,5
immigration,817
immobilized,6
immobilizes,1
immodesties,0
immolations,0
immortality,9
immortalize,2
immunologic,0
impairments,22
impalements,0
impanelling,0
impartially,5
impassioned,27
impassively,4
impassivity,0
impatiences,0
impatienses,0
impatiently,6
impeachable,8
impeachment,150
impecunious,1
impedimenta,0
impediments,16
impenitence,0
imperatives,19
imperfectly,2
imperialism,42
imperialist,20
imperilling,0
imperilment,0
imperiously,0
impermanent,1
impermeable,2
impermeably,0
impersonate,14
impertinent,1
impetuosity,1
impetuously,1
impingement,5
impiousness,0
implantable,7
implausible,14
implausibly,1
implemented,523
implicating,8
implication,43
imploringly,0
importances,0
importantly,342
importation,53
importunate,0
importuning,0
importunity,0
impositions,1
impotencies,0
impractical,22
imprecating,0
imprecation,0
imprecisely,0
imprecision,1
impregnable,3
impregnably,0
impregnated,7
impregnates,1
impresarios,1
impressible,0
impressions,57
imprimaturs,0
imprisoning,5
impropriety,15
improvement,739
improvident,0
improvisers,0
improvising,6
improvisors,0
imprudences,0
imprudently,0
impulsively,5
imputations,4
inabilities,1
inactivated,0
inactivates,0
inadvertent,11
inadvisable,1
inalienable,10
inalienably,0
inanimately,0
inaptnesses,0
inattention,5
inattentive,4
inaugurated,127
inaugurates,4
inauthentic,4
inbreedings,0
incantation,2
incarcerate,3
incarnadine,0
incarnating,0
incarnation,18
incertitude,0
incessantly,7
incidentals,0
incinerated,9
incinerates,1
incinerator,10
incipiences,0
incipiently,0
incitements,0
inclination,29
inclusively,2
incoherence,5
incommoding,0
incompetent,61
incompletes,0
incongruity,0
incongruous,5
inconstancy,0
incontinent,5
incorporate,171
incorporeal,0
incorrectly,70
incredulity,5
incredulous,8
incremental,32
incriminate,5
incubations,0
inculcating,1
inculcation,0
inculpating,0
incumbering,0
incunabulum,0
indecencies,0
indecisions,1
indefinable,2
indefinably,0
indemnified,0
indemnifies,1
indemnities,1
indentation,1
indenturing,0
independent,1396
indexations,0
indications,99
indicatives,0
indictments,38
indifferent,35
indigestion,6
indignantly,4
indignation,9
indignities,5
indirecting,0
indirection,1
individuals,2075
individuate,0
indivisible,6
indivisibly,0
indomitable,6
indomitably,0
indubitable,0
indubitably,2
inducements,6
inductances,0
indulgences,8
indulgently,2
industrious,9
inebriating,0
inebriation,1
ineffective,84
ineffectual,6
inefficient,31
inelegances,0
inelegantly,0
ineligibles,0
ineluctable,1
ineluctably,1
ineptitudes,0
ineptnesses,0
inequitable,9
inequitably,0
inertnesses,0
inescapable,28
inescapably,0
inessential,0
inestimable,1
inestimably,0
inevitables,0
inexactness,0
inexcusable,20
inexcusably,1
inexpedient,0
inexpensive,40
infanticide,3
infantryman,2
infantrymen,4
infarctions,0
infatuating,0
infatuation,5
inferential,0
inferiority,7
infertility,25
infestation,38
infightings,0
infiltrated,39
infiltrates,4
infiltrator,0
infinitival,0
infinitives,1
infinitudes,0
infirmaries,0
infirmities,4
inflammable,0
inflatables,16
inflections,1
inflictions,0
influencing,90
influential,267
infomercial,1
informality,3
information,5478
informative,57
infractions,31
infrequence,0
infrequency,2
infuriating,18
ingeniously,4
ingenuities,0
ingenuously,0
ingratiated,2
ingratiates,0
ingratitude,3
ingredients,519
inhabitable,2
inhabitants,77
inhalations,1
inheritable,0
inheritance,134
inhibitions,4
initialized,0
initializes,0
initialling,0
initiations,1
initiatives,817
injudicious,1
injunctions,7
innerspring,5
innervating,0
innervation,0
innocuously,1
innovations,136
innumerable,13
innumerably,0
inoculating,1
inoculation,2
inoffensive,3
inoperative,4
inopportune,1
inquietudes,0
inquiringly,0
inquisition,3
inquisitive,10
inquisitors,1
inscription,17
inscrutable,3
inscrutably,0
insecticide,6
insectivore,0
inseminated,0
inseminates,0
insensitive,31
insentience,0
inseparable,28
inseparably,1
insidiously,2
insincerely,1
insincerity,1
insinuating,7
insinuation,6
insinuative,0
insinuators,0
insistences,0
insistently,1
insistingly,0
insouciance,3
inspections,140
inspiration,516
inspiriting,0
instability,153
installment,149
instalments,22
instantiate,0
instigating,9
instigation,5
instigators,2
instinctive,18
instinctual,5
instituters,0
instituting,13
institution,415
institutors,0
instructing,35
instruction,107
instructive,11
instructors,72
instruments,269
insulations,0
insultingly,2
insuperable,2
insuperably,0
insurgences,0
intangibles,9
integrating,141
integration,311
integrative,5
integrities,0
integuments,0
intelligent,189
intemperate,1
intensified,153
intensifier,0
intensifies,36
intensities,1
intensively,14
intentional,144
interacting,95
interaction,244
interactive,242
interbreeds,0
interceding,0
intercepted,156
interceptor,9
intercessor,0
interchange,66
intercourse,40
interdicted,2
interesting,1161
interfacing,5
interfering,68
interferons,1
interfiling,0
interjected,14
interlacing,0
interlarded,0
interleaved,1
interleaves,0
interleukin,0
interlinear,0
interlining,0
interlinked,4
interlocked,1
interlopers,1
interloping,0
intermezzos,0
intermingle,3
intermixing,0
internalize,4
internecine,2
internments,0
internships,37
interoffice,1
interpolate,1
interposing,0
interpreted,70
interpreter,54
interracial,9
interregnum,6
interrelate,0
interrogate,14
interrupted,129
interrupter,0
intersected,25
intersperse,0
interstates,6
interstices,0
intertwined,61
intertwines,7
intervening,46
interviewed,271
interviewee,1
interviewer,42
interweaved,0
interweaves,2
intestacies,0
intimations,1
intimidated,70
intimidates,2
intolerable,23
intolerably,3
intolerance,23
intonations,0
intoxicants,4
intoxicated,74
intoxicates,1
intractable,11
intractably,0
intravenous,15
intrenching,0
intrepidity,0
intricacies,39
intricately,20
introducing,262
introspects,0
introverted,14
intrusively,0
intuitively,7
inundations,0
invalidated,18
invalidates,1
invalidisms,0
invariables,0
inventively,1
inventoried,1
inventories,34
investigate,554
investiture,7
investments,821
invidiously,0
invigorated,10
invigorates,1
invitations,39
invocations,1
involuntary,53
involutions,0
involvement,635
ionizations,1
ionospheres,0
ionospheric,1
iratenesses,0
iridescence,0
irksomeness,0
irradiating,0
irradiation,1
irrationals,0
irreducible,1
irreducibly,0
irrefutable,6
irrefutably,1
irregularly,6
irrelevance,5
irrelevancy,0
irreligious,2
irremovable,0
irreparable,21
irreparably,13
irreverence,4
irrevocable,2
irrevocably,6
irrigations,0
irritations,4
isinglasses,0
italicizing,0
itchinesses,0
itemization,0
itineraries,10
jackhammers,1
jackknifing,0
jackrabbits,0
jadednesses,0
jardinieres,0
jawbreakers,0
jaywalkings,0
jellyfishes,0
jeopardized,4
jeopardizes,4
jerkinesses,0
jettisoning,4
jewelleries,0
jimsonweeds,0
jinrickshas,0
jinrikishas,0
joblessness,7
jocundities,0
johnnycakes,0
jollinesses,0
journaleses,0
journalisms,0
journalists,550
jovialities,0
joylessness,0
jubilations,1
judicatures,0
judiciaries,0
judiciously,11
juggernauts,4
juicinesses,0
jumpinesses,0
juridically,0
justifiable,15
justifiably,10
juxtaposing,2
keelhauling,0
kettledrums,0
keyboarders,0
keyboarding,0
keyboardist,8
keypunchers,0
keypunching,0
kidnappings,36
kilohertzes,0
kindhearted,6
kinetically,2
kingfishers,5
kinkinesses,0
kitchenette,8
kitchenware,3
kleptomania,0
knackwursts,0
kneecapping,1
knickknacks,0
knighthoods,1
knightliest,0
knockwursts,0
knucklehead,3
kookaburras,0
kookinesses,0
laboriously,2
laborsaving,0
lacerations,20
laconically,0
ladyfingers,0
lallygagged,0
lamebrained,0
lamentation,1
laminations,0
lamplighter,0
landholders,7
landholding,2
landlubbers,0
landscapers,5
landscaping,89
landslidden,0
landsliding,0
languidness,0
languishing,19
lankinesses,0
largenesses,0
lateralling,0
latitudinal,0
latticework,1
launderette,2
laundresses,0
laundrettes,0
laundromats,3
lawbreakers,6
lawbreaking,3
lawlessness,22
lawrenciums,0
leaderships,4
leafletting,0
leakinesses,0
leapfrogged,9
leaseholder,2
leatherette,2
leatherneck,0
lecherously,0
lectureship,0
leerinesses,0
legendarily,3
legerdemain,0
legginesses,0
legionaries,0
legionnaire,0
legislating,5
legislation,1005
legislative,456
legislators,185
legislature,217
legitimated,1
legitimates,0
legitimized,3
legitimizes,1
leisurewear,0
lengthening,7
lengthiness,0
leprechauns,3
lesbianisms,0
letterheads,1
letterpress,2
levelheaded,2
levelnesses,0
levitations,0
liabilities,60
liberalisms,0
liberalized,1
liberalizes,0
liberalness,0
liberations,0
libertarian,24
librettists,0
licentiates,0
lieutenancy,0
lieutenants,10
lifesavings,0
lightheaded,6
lighthouses,4
lightnesses,0
lightninged,0
lightweight,194
likableness,0
likelihoods,0
lilliputian,0
limitations,198
limpidities,0
linearities,0
linebackers,38
lingeringly,0
linguistics,6
lionhearted,0
lionization,0
liposuction,6
lipreadings,0
liquidating,5
liquidation,43
liquidators,5
liquidities,0
liquidizers,0
liquidizing,0
literalness,0
literatures,1
lithenesses,0
lithographs,0
lithography,5
lithosphere,0
litigations,4
litterateur,0
livelihoods,97
liverwursts,0
loathsomely,0
lobotomized,1
lobotomizes,0
locomotions,0
locomotives,16
loftinesses,0
logarithmic,3
loggerheads,17
logrollings,0
lollygagged,0
longevities,0
longsighted,0
loosenesses,0
loquacities,0
loudhailers,1
loudmouthed,1
loudspeaker,12
lousinesses,0
lovableness,0
lovemakings,0
lowlinesses,0
lubricating,1
lubrication,9
lubricators,1
lubricities,0
lucidnesses,0
luckinesses,0
lucratively,0
lucubrating,0
lucubration,0
ludicrously,6
lumberjacks,1
lumberyards,1
luminescent,0
lumpinesses,0
luridnesses,0
lustinesses,0
luxuriances,0
luxuriantly,1
luxuriating,1
luxuriation,0
luxuriously,3
lymphocytes,2
macadamized,0
macadamizes,0
macerations,0
machinating,0
machination,1
machineries,0
macintoshes,0
macrobiotic,0
macroscopic,2
maddeningly,0
magisterial,8
magistrates,105
magnanimity,5
magnanimous,6
magnetising,0
magnetizing,1
magnificent,109
maidenhairs,0
maidenheads,0
maidenhoods,0
maidservant,1
mainsprings,0
mainstreams,0
maintaining,648
maintenance,736
maisonettes,3
maladjusted,0
maladroitly,0
malapropism,0
malcontents,3
malediction,0
malefaction,0
malefactors,0
maleficence,0
malevolence,2
malfeasance,8
malfunction,32
maliciously,11
malignantly,0
malignities,0
malingerers,0
malingering,0
malpractice,26
maltreating,1
mammography,3
managements,2
maneuvering,27
manginesses,0
manhandling,2
manicurists,3
manifesting,15
manifestoes,0
manifolding,0
manipulable,1
manipulated,72
manipulates,8
manipulator,2
manlinesses,0
mannishness,0
manoeuvring,10
mantelpiece,5
manufacture,102
manumission,0
manumitting,0
manuscripts,18
maraschinos,0
marathoners,3
marbleizing,0
marchioness,0
marginalize,3
marinations,0
marionettes,3
marketplace,115
marlinspike,0
marquetries,0
marquisette,0
marshalling,6
marshmallow,8
martingales,0
marvelously,1
masculinity,40
masochistic,0
masqueraded,3
masquerader,2
masquerades,2
massiveness,0
masterfully,19
masterminds,11
masterpiece,87
masterworks,0
masticating,2
mastication,1
masturbated,3
masturbates,0
matchmakers,1
matchmaking,21
matchsticks,1
materialise,31
materialism,5
materialist,0
materialize,27
maternities,0
mathematics,63
matriarchal,4
matriculate,1
matrimonial,3
matrimonies,0
maturations,0
mawkishness,0
mayonnaises,0
mayoralties,0
meadowlarks,0
mealinesses,0
meanderings,0
meaningless,57
measureless,0
measurement,58
meatinesses,0
meatpacking,4
mechanistic,1
mechanizing,0
medicaments,0
medications,199
medicinally,0
medievalist,1
meditations,3
meerschaums,0
megahertzes,0
megalomania,1
megalopolis,0
megaphoning,0
melancholia,0
melancholic,4
meliorating,0
melioration,0
meliorative,0
mellifluous,3
melodically,2
melodiously,1
memberships,41
memorabilia,67
memorandums,5
memorialize,3
mendacities,0
mendelevium,0
menservants,0
menstruated,0
menstruates,0
mensuration,0
mentalities,4
mentholated,0
mercenaries,25
mercerizing,0
merchandise,155
merchandize,0
merchantman,0
merchantmen,1
mercilessly,14
mercurially,0
meritocracy,6
meritorious,9
merrinesses,0
merrymakers,0
merrymaking,1
mesmerizers,0
mesmerizing,25
mesospheres,0
messinesses,0
metabolisms,0
metabolites,1
metabolized,2
metabolizes,1
metacarpals,0
metallurgic,0
metalworker,1
metamorphic,0
metaphysics,0
metastasize,1
metatarsals,0
meteorology,4
methodology,69
metricating,0
metrication,0
metricizing,0
microcosmic,0
microfibers,0
microfiches,0
microfilmed,0
microgroove,0
microlights,0
micromanage,1
micrometers,1
microphones,43
microscopes,3
microscopic,16
microsecond,1
microwaving,0
middlebrows,0
midsections,1
midwiferies,0
mignonettes,0
militancies,0
militarisms,0
militarists,0
militarized,11
militarizes,0
milkinesses,0
millennials,46
millenniums,0
milliliters,1
millilitres,20
millimeters,13
millimetres,35
millineries,0
millionaire,52
millisecond,4
millstreams,0
millwrights,0
milquetoast,3
mimeographs,1
mindfulness,61
minestrones,0
minesweeper,2
miniaturist,0
miniaturize,0
minimalisms,0
minimalists,0
ministerial,88
ministering,6
ministrants,0
minnesinger,0
mirthlessly,0
misalliance,0
misanthrope,1
misanthropy,2
misapplying,0
misbegotten,2
misbehaving,7
misbehavior,2
miscarriage,53
miscarrying,1
mischievous,44
miscibility,0
misconceive,0
misconducts,0
misconstrue,1
miscounting,0
misdemeanor,85
misdiagnose,1
misdirected,2
miserliness,1
misfeasance,1
misfortunes,9
misgoverned,0
misguidance,1
misguidedly,0
mishandling,32
misidentify,2
misinformed,10
misjudgment,1
mislabeling,2
mislabelled,1
mismanaging,3
mismatching,0
misogamists,0
misogynists,4
misprinting,0
misprisions,0
misreadings,0
misreported,2
missileries,0
misspeaking,1
misspelling,3
misspending,2
mistinesses,0
mistreating,2
mistrustful,1
mistrusting,0
mitigations,5
mizzenmasts,0
mockingbird,0
moderations,0
modernistic,0
modernities,0
modernizers,0
modernizing,29
modulations,0
moistnesses,0
moisturized,6
moisturizer,17
moisturizes,2
moldinesses,0
molestation,9
mollycoddle,0
molybdenums,0
momentarily,36
momentously,0
monarchical,1
monarchisms,0
monarchists,0
monasteries,11
monasticism,0
monetarisms,0
monetarists,0
moneylender,0
moneymakers,1
moneymaking,3
monkeyshine,0
monochromes,0
monogamists,0
monogrammed,2
monolingual,2
monologists,0
monologuist,0
monomaniacs,0
monopolists,1
monopolized,6
monopolizer,0
monopolizes,0
monotheisms,0
monotheists,0
monseigneur,0
monstrances,0
monstrosity,11
monstrously,1
moodinesses,0
moonlighted,1
moonlighter,0
moonshiners,0
moratoriums,3
morbidities,0
moronically,0
mortalities,0
mortarboard,0
mothballing,2
motherboard,19
motherhoods,0
motherlands,0
motivations,54
motocrosses,0
motorbiking,1
motorboated,0
motorcycled,0
motorcycles,122
motormouths,0
mountaineer,8
mountainous,65
mountaintop,7
mountebanks,0
mousinesses,0
mouthpieces,7
mouthwashes,0
mozzarellas,0
muddinesses,0
mudslingers,0
mudslinging,6
mugginesses,0
muleskinner,0
multifamily,22
multiplayer,61
multiplexed,1
multiplexer,0
multiplexes,3
multiplexor,0
multipliers,6
multiplying,16
multiracial,9
multiverses,1
mumbletypeg,0
municipally,1
munificence,2
munitioning,0
murderesses,0
murderously,0
murkinesses,0
musclebound,0
muscularity,0
musculature,3
mushinesses,0
mushrooming,2
muskellunge,0
muskinesses,0
mustinesses,0
mutilations,1
muttonchops,0
mutualities,0
mycologists,0
mythologies,2
mythologist,0
mythologize,1
nailbrushes,0
nakednesses,0
namedropped,0
nanoseconds,0
naphthalene,0
narcissisms,0
narcissists,3
narcissuses,0
narcotizing,0
nastinesses,0
nasturtiums,1
nationalism,65
nationalist,87
nationality,49
nationalize,0
nationhoods,0
nattinesses,0
naturalisms,0
naturalists,1
naturalized,11
naturalizes,1
naturalness,0
naughtiness,3
navigations,1
neanderthal,0
nearsighted,0
necessaries,1
necessarily,532
necessitate,29
necessities,59
necessitous,0
neckerchief,0
necrologies,0
necromancer,1
necropoleis,0
needinesses,0
needlepoint,2
needlewoman,0
needlewomen,0
needleworks,0
nefariously,0
negativisms,0
negligences,0
negligently,7
negotiating,154
negotiation,106
negotiators,30
neighboring,194
neighboured,0
nephritides,0
nephritises,0
nervelessly,0
nervinesses,0
nervousness,15
netherworld,2
networkings,0
neurologies,0
neurologist,16
neutralisms,0
neutralists,0
neutralized,19
neutralizer,0
neutralizes,2
newscasters,2
newsdealers,0
newsletters,29
nickelodeon,1
nightingale,0
nightmarish,11
nightshades,0
nightshirts,0
nightstands,2
nightsticks,0
nincompoops,0
nineteenths,0
nippinesses,0
nitpickings,0
nitrogenous,0
noblenesses,0
nocturnally,0
noiselessly,0
noisemakers,4
noisinesses,0
nominations,264
nominatives,0
nonabrasive,1
nonacademic,0
nonadhesive,0
nonadjacent,0
nonallergic,0
nonathletic,0
nonbeliever,0
nonburnable,0
nonchalance,2
nonclerical,0
nonclinical,1
noncriminal,0
noncritical,0
nondelivery,0
nondescript,12
nondramatic,0
nondrinkers,0
nonelectric,0
nonentities,0
nonetheless,89
nonexistent,22
nonfictions,0
nonfreezing,0
nongranular,0
noninvasive,3
nonjudicial,0
nonliterary,0
nonmagnetic,0
nonmetallic,2
nonmilitant,0
nonmilitary,0
nonnarcotic,0
nonofficial,0
nonparallel,0
nonpartisan,41
nonpayments,0
nonphysical,0
nonplussing,0
nonreactive,1
nonresident,7
nonresidual,0
nonrhythmic,0
nonsalaried,0
nonseasonal,0
nonsensical,27
nonspeaking,0
nonspecific,0
nonstaining,0
nonstandard,4
nonstarters,0
nonstriking,0
nonsupports,0
nonsurgical,0
nonthinking,0
nontropical,0
nonvenomous,0
nonviolence,4
nonvirulent,0
nonvolatile,0
nonyielding,0
normalities,0
normalizing,26
northeaster,1
northerlies,0
northerners,1
northwester,0
nothingness,4
notorieties,0
notoriously,64
nourishment,24
nucleations,0
numerations,0
numerically,4
numismatics,0
numismatist,0
nutcrackers,1
nutritional,96
nuttinesses,0
nymphomania,0
obfuscating,1
obfuscation,9
objectified,1
objectifies,0
objectively,27
objectivity,11
objurgating,0
objurgation,0
obligations,228
obliqueness,0
obliquities,0
obliterated,20
obliterates,3
obliviously,0
obnoxiously,2
obscenities,6
obscurities,0
observances,3
observantly,0
observation,128
observatory,22
obsessional,0
obsessively,7
obsolescent,0
obsolescing,0
obstetrical,1
obstinacies,0
obstinately,0
obstructing,50
obstruction,72
obstructive,17
obtainments,0
obtrusively,0
obviousness,0
occasioning,26
occidentals,0
occupancies,2
occupations,27
occurrences,43
oceanfronts,0
odoriferous,0
offensively,78
offertories,0
offhandedly,0
officialdom,3
officialism,0
officiating,63
officiators,0
officiously,0
offshorings,0
olfactories,0
oligarchies,0
oligopolies,0
ominousness,0
omnipotence,1
omnipresent,7
omniscience,0
oncologists,4
onerousness,0
ontological,0
opalescence,0
openhearted,1
operational,665
opinionated,10
opportunely,0
opportunism,5
opportunist,2
opportunity,3589
oppositions,1
oppressions,1
opprobrious,0
opprobriums,0
optometries,0
optometrist,3
orangutangs,0
orchestrate,18
ordainments,0
orderliness,3
ordinations,1
organically,37
orientating,1
orientation,107
originality,28
originating,42
origination,7
originators,4
ornamenting,0
ornithology,2
orthodontia,0
orthodontic,2
orthodoxies,2
orthography,1
orthopaedic,6
orthopedics,3
orthopedist,1
oscillating,6
oscillation,3
oscillators,1
oscillatory,0
osculations,0
ostentation,1
osteopathic,3
ostracizing,2
outbalanced,0
outbalances,0
outboasting,0
outbuilding,20
outclassing,2
outcropping,7
outdistance,0
outfielders,7
outfighting,0
outflanking,0
outguessing,0
outmaneuver,5
outmatching,0
outnumbered,28
outpatients,1
outperforms,8
outpointing,2
outpourings,1
outproduced,0
outproduces,0
outreaching,0
outshouting,0
outsmarting,3
outsourcing,32
outspending,0
outspokenly,1
outstanding,735
outstations,0
outstripped,7
outweighing,1
overachieve,4
overanxious,0
overbalance,1
overbearing,20
overbidding,1
overbooking,1
overburdens,0
overcareful,0
overcasting,0
overcharged,16
overcharges,0
overclouded,0
overcooking,4
overcrowded,58
overdevelop,0
overdrawing,0
overdressed,0
overdresses,0
overdubbing,0
overexcited,2
overexcites,0
overexerted,0
overexposed,0
overexposes,0
overextends,0
overfeeding,1
overfilling,1
overflights,2
overflowing,38
overgrazing,3
overgrowing,0
overgrowths,0
overhanging,3
overhauling,20
overhearing,4
overheating,34
overindulge,2
overlapping,33
overloading,11
overlooking,115
overmasters,1
overplaying,2
overpowered,26
overpraised,0
overpraises,0
overprecise,0
overpricing,0
overprinted,0
overproduce,0
overprotect,0
overreached,1
overreaches,0
overreacted,7
overrefined,0
overrunning,4
overselling,2
overshadows,6
oversharing,4
overspilled,0
overspreads,0
overstating,6
overstaying,6
overstepped,8
overstocked,0
overstuffed,3
overthought,1
overturning,43
overvaluing,3
overweening,0
overweights,0
overwhelmed,221
overwinters,0
overworking,0
overwrought,1
overzealous,6
oxidization,1
oxygenating,1
oxygenation,2
pacesetters,2
pachysandra,0
pacifically,0
packsaddles,0
paediatrics,0
pageantries,0
paginations,0
painfullest,0
painfulness,0
painkillers,18
painkilling,0
painstaking,30
palatalized,0
palatalizes,0
palatinates,0
paleography,0
paleolithic,1
palimpsests,0
palindromes,0
pallbearers,4
palliations,0
palliatives,23
palmistries,0
palpitating,0
palpitation,0
pamphleteer,0
pamphleting,0
pandemonium,9
panhandlers,1
panhandling,2
pantheistic,0
pantomiming,2
pantomimist,0
pantyliners,0
pantywaists,0
paperboards,0
paperhanger,0
paperweight,2
parachuting,7
parachutist,0
paradoxical,4
paragliding,5
paragraphed,0
paralleling,3
parallelism,0
parallelled,0
parameciums,0
paramedical,6
paraphrased,5
paraphrases,1
paraplegias,0
paraplegics,0
parasailing,1
parasitisms,0
parathyroid,2
paratrooper,8
paratyphoid,0
parentheses,3
parenthesis,0
parenthetic,0
parenthoods,0
parimutuels,0
parishioner,15
parliaments,13
parochially,0
parquetries,0
parsimonies,0
participant,112
participate,707
participial,0
participles,1
particulars,15
particulate,18
partitioned,3
partnership,1204
parturition,0
passageways,5
passionless,0
passiveness,0
passivities,0
pasteboards,0
pasteurized,6
pasteurizer,0
pasteurizes,0
pastinesses,0
pastureland,3
paternalism,1
paternities,0
paternoster,0
pathfinders,0
pathologies,3
pathologist,31
patriarchal,18
patrimonial,1
patrimonies,0
patriotisms,0
patrolwoman,0
patrolwomen,0
patronesses,0
patronizers,0
patronizing,3
patronymics,0
pauperizing,0
pawnbrokers,0
pawnbroking,0
peacekeeper,3
peacemakers,3
peacemaking,2
peasantries,0
peashooters,0
peccadillos,0
peculations,0
peculiarity,3
pedagogical,6
pederasties,0
pedestrians,186
pedicurists,0
peevishness,0
pejorations,0
pejoratives,0
penetrating,20
penetration,65
penetrative,2
penicillins,0
penitential,2
penmanships,0
pennyweight,0
penologists,0
pensionable,6
pensiveness,0
pentameters,0
pentathlete,2
pentathlons,0
penultimate,50
penuriously,0
peppercorns,4
peppermints,0
peppinesses,0
perambulate,0
perceivable,2
percentages,48
percentiles,2
perceptible,6
perceptibly,0
perceptions,84
percipience,0
percolating,1
percolation,0
percolators,0
percussions,1
peregrinate,0
perennially,9
perestroika,0
perfectible,0
perfections,1
perfectness,0
perforating,1
perforation,2
performance,3474
perfumeries,0
perfunctory,6
pericardium,0
perihelions,0
periodicals,1
periodicity,1
periodontal,2
peripatetic,2
peripherals,12
peripheries,7
periphrases,0
periphrasis,0
perishables,6
peristalses,0
peristalsis,0
peristaltic,0
peritoneums,0
peritonitis,2
periwinkles,0
perkinesses,0
permafrosts,0
permanences,0
permanently,217
permeations,0
permissible,20
permissibly,0
permissions,32
permutation,0
perorations,0
perpetrated,50
perpetrates,1
perpetrator,74
perpetually,24
perpetuated,19
perpetuates,18
perplexedly,0
perquisites,0
persecuting,4
persecution,73
persecutors,4
persevering,6
persiflages,0
persistence,57
persnickety,0
personality,506
personalize,29
personified,9
personifies,7
perspective,735
perspicuity,0
perspicuous,0
persuadable,7
persuasions,5
pertinacity,0
pertinences,0
pertinently,3
pertussises,0
pervasively,0
perversions,1
peskinesses,0
pessimistic,26
pestiferous,0
pestilences,1
petitioners,39
petitioning,10
petrodollar,0
petrolatums,0
petrologies,0
petrologist,0
pettifogged,0
pettifogger,0
pettinesses,0
phantasying,0
pharmacists,27
pharyngitis,0
phenacetins,0
phenomenons,1
philandered,0
philanderer,4
philatelies,0
philatelist,0
philistines,0
philodendra,0
philologies,0
philologist,0
philosopher,29
philosophic,2
phlebitides,0
phonetician,0
phoninesses,0
phonographs,0
phonologies,0
phonologist,0
phosphorous,6
photocopied,1
photocopier,1
photocopies,2
photographs,235
photography,192
photometers,0
photostated,0
photostatic,0
phraseology,1
phylogenies,0
physiognomy,0
physiologic,1
pianissimos,0
pianofortes,0
piccalillis,0
pickabacked,0
pickpockets,2
pictographs,0
pictorially,0
picturesque,121
pieceworker,0
pigeonholed,4
pigeonholes,1
piggishness,0
piggybacked,4
pigheadedly,0
pilgrimages,10
pillowcases,10
pillowslips,0
pilothouses,0
pincushions,0
pinfeathers,0
pinpointing,7
pinwheeling,0
piousnesses,0
piratically,0
pirouetting,1
piscatorial,0
pitchblende,0
pitchforked,0
piteousness,0
pithinesses,0
pituitaries,0
placeholder,7
placekicked,0
placekicker,1
placidities,0
plagiarisms,0
plagiarists,0
plagiarized,4
plagiarizer,0
plagiarizes,0
plainnesses,0
plainspoken,1
plaintively,0
planetarium,4
plangencies,0
plantations,35
plasticized,0
plasticizes,0
platforming,15
playactings,0
playfellows,0
playfulness,13
playgrounds,51
playwrights,6
pleasantest,0
pleasurable,10
pleasurably,0
pleasureful,0
plebiscites,0
plentifully,0
plumpnesses,0
pluperfects,0
pluralistic,8
pluralities,0
pluralizing,0
plushnesses,0
plutocratic,0
pocketbooks,7
pocketknife,1
pockmarking,0
podiatrists,4
poignancies,0
poinsettias,4
pointillism,0
pointillist,0
pointlessly,4
poisonously,0
polemically,0
polemicists,0
policewoman,3
policewomen,0
politically,297
politicians,722
politicized,17
politicizes,0
politicking,12
pollinating,4
pollination,8
pollinators,34
poltergeist,2
polyamories,0
polyandries,0
polyandrous,0
polyclinics,0
polygamists,1
polygraphed,0
polyhedrons,0
polymerized,0
polymerizes,0
polynomials,0
polyphonies,0
polystyrene,9
polytechnic,8
polytheisms,0
polytheists,0
pomegranate,13
pomposities,0
pompousness,0
ponderously,0
pontificate,10
popularized,17
popularizes,0
populations,289
pornography,86
porphyritic,0
portability,26
porterhouse,0
portmanteau,1
portraitist,0
portraiture,6
positioning,159
possessions,94
possessives,0
possibility,772
posterities,0
postillions,0
postmarking,0
postmasters,14
postmortems,0
postscripts,0
postseasons,5
postulating,0
postulation,1
potentially,1324
powerhouses,32
powerlessly,0
practicable,9
practicably,0
practically,149
pragmatical,0
pragmatisms,0
pragmatists,0
prayerfully,5
preachments,0
prearranged,1
prearranges,0
preassigned,0
precanceled,0
precautions,97
precedences,0
precipitant,0
precipitate,4
precipitous,5
preciseness,1
preclusions,0
precocities,0
precolonial,0
preconceive,0
predeceased,62
predeceases,1
predecessor,223
predestined,3
predestines,0
predicament,51
predicating,0
predication,0
predicative,0
predictable,123
predictably,20
predictions,235
predigested,0
predisposed,6
predisposes,0
predominant,10
predominate,0
preeminence,1
preemptions,0
preexisting,10
prefectures,8
preferences,235
preferments,0
prefiguring,0
pregnancies,56
prehistoric,29
prejudgment,1
prejudicial,8
prejudicing,0
preliminary,336
preliterate,0
prematurely,64
premeditate,1
premiership,72
premonition,6
premonitory,0
preoccupied,22
preoccupies,1
preordained,2
prepackaged,1
prepackages,0
preparation,436
preparatory,25
prepayments,0
preposition,1
prerecorded,3
preregister,1
prerogative,12
presbyopias,0
preschooler,0
presciences,0
presciently,4
prescribing,31
presentable,6
presentably,0
presentment,0
preservable,0
preshrunken,0
pressurized,8
pressurizer,0
pressurizes,0
prestigious,382
presumption,20
presumptive,66
presupposed,0
presupposes,0
pretensions,1
pretentious,10
prettifying,0
prevalences,0
prevaricate,0
preventable,69
preventible,0
preventions,1
preventives,0
prickliness,0
priestesses,2
priesthoods,0
priestliest,0
primitively,0
princeliest,0
principally,16
prioritized,78
prioritizes,69
privatizing,2
privileging,0
prizefights,0
prizewinner,0
probability,87
probational,0
probationer,1
problematic,149
proboscides,0
proboscises,0
proceedings,455
processions,25
proclaiming,25
proconsular,0
procreating,1
procreation,5
procreative,1
procurators,1
procurement,164
prodigality,0
productions,101
profanation,0
profaneness,0
profanities,3
professedly,0
professions,41
proficiency,42
proficients,0
profiteered,0
profiterole,0
profligates,0
profoundest,0
profuseness,0
progenitors,0
prognathous,0
prognostics,1
programmers,14
programming,259
progressing,131
progression,126
progressive,368
prohibiting,55
prohibition,59
prohibitive,18
prohibitory,11
projectiles,43
projections,162
proletarian,2
proletariat,3
proliferate,15
prolixities,0
promenading,1
promethiums,0
prominences,1
prominently,70
promiscuity,5
promiscuous,6
promisingly,1
promotional,118
promptitude,0
promulgated,11
promulgates,0
promulgator,0
pronenesses,0
pronominals,0
pronouncing,13
proofreader,0
propagandas,2
propagating,9
propagation,9
propagators,1
propellants,3
propellents,0
prophesiers,0
prophesying,2
prophetical,0
prophylaxes,0
prophylaxis,4
propinquity,0
propitiated,0
propitiates,0
proportions,50
proposition,109
propounding,1
proprietary,71
proprieties,0
proprietors,8
propulsions,0
prorogation,1
prosaically,1
prosceniums,0
prosciuttos,0
proscribing,1
prosecuting,133
prosecution,517
prosecutors,549
proselyting,0
proselytism,0
proselytize,0
prospecting,6
prospective,181
prospectors,3
prostituted,1
prostitutes,18
prostrating,0
prostration,2
protagonist,112
protections,223
protoplasms,0
protracting,0
protraction,0
protractors,1
protrusions,1
protuberant,0
provability,0
provenances,0
provenience,0
providences,0
providently,0
provincials,4
provisional,115
provisioned,3
provocation,42
provocative,68
provokingly,0
proximities,0
prudishness,0
psittacoses,0
psittacosis,0
psychedelic,43
psychiatric,83
psychically,1
psychodrama,1
psychogenic,1
psychopaths,2
psychopathy,1
pterodactyl,0
pubescences,0
publication,361
publicities,0
publicizing,6
publishings,0
puckishness,0
pudginesses,0
puerilities,0
puffinesses,0
pugnacities,0
pulchritude,0
pulpinesses,0
pulverizing,0
punctilious,1
punctuality,10
punctuating,4
punctuation,10
punishments,27
purchasable,2
purgatorial,0
purgatories,0
puritanical,2
puritanisms,0
purportedly,57
purposeless,2
purveyances,0
pushinesses,0
pussyfooted,0
putrescence,0
puzzlements,0
pyrimidines,0
pyromaniacs,0
pyrotechnic,10
quadrangles,0
quadrennial,4
quadrennium,0
quadrillion,1
quadrupedal,1
quadruplets,0
quadrupling,5
qualitative,13
quantifiers,0
quantifying,2
quarantined,4
quarantines,6
quarrelling,3
quarrelsome,0
quarterback,882
quarterdeck,0
quarterlies,0
queernesses,0
querulously,0
quesadillas,5
questioners,2
questioning,331
quicknesses,0
quicksilver,1
quiescences,0
quiescently,0
quietnesses,0
quintuplets,0
quintupling,0
quizzically,0
quotability,0
rabidnesses,0
racecourses,5
racketeered,0
racquetball,1
radarscopes,0
radicalisms,0
radicalized,9
radicalizes,0
radioactive,40
radiocarbon,6
radiography,1
radiologies,0
radiologist,15
radiometers,0
radiometric,4
radiophones,0
radiosondes,0
raffishness,0
ragamuffins,0
railroaders,0
railroading,1
rainmakings,0
rancidities,0
rancorously,0
randinesses,0
randomizing,0
ranginesses,0
rapaciously,0
rapidnesses,0
rapscallion,1
rapturously,0
rarefaction,0
raspberries,18
ratatouille,1
rathskeller,0
ratiocinate,0
rationalism,1
rationalist,2
rationality,11
rationalize,5
rattlebrain,0
rattlesnake,4
rattletraps,0
raucousness,0
raunchiness,0
ravishingly,0
ravishments,0
reabsorbing,0
reacquaints,0
reacquiring,1
reactionary,17
reactivated,8
reactivates,3
readability,9
readdressed,0
readdresses,0
readerships,0
readinesses,0
readjusting,2
readmission,5
readmitting,0
reaffirming,37
realignment,26
realization,65
reallocated,8
reallocates,0
realpolitik,0
reanalyzing,0
reanimating,1
reanimation,1
reappearing,3
reappointed,8
reapportion,0
reappraisal,2
reappraised,0
reappraises,0
rearmaments,0
rearranging,8
rearresting,0
reascending,0
reassembled,5
reassembles,0
reasserting,1
reassertion,0
reassessing,6
reassigning,5
reassurance,68
reattaching,2
reattaining,0
reattempted,0
reauthorize,0
reawakening,4
rebroadcast,1
recalculate,0
recantation,1
recapturing,6
receivables,9
receptacles,1
receptively,0
receptivity,1
recessional,1
rechartered,0
rechristens,0
recidivisms,0
recidivists,0
reciprocals,0
reciprocate,10
reciprocity,12
recirculate,2
recitalists,0
recitations,2
recitatives,0
reclaimable,0
reclamation,30
recognition,692
recognizing,189
recollected,3
recolonized,0
recolonizes,0
recombining,0
recommenced,1
recommences,1
recommended,663
recommitted,3
recompensed,0
recompenses,1
recomposing,0
recomputing,0
reconciling,11
recondition,0
reconfirmed,5
reconnected,14
reconnoiter,0
reconnoitre,0
reconquered,0
reconquests,0
reconsiders,0
reconsigned,0
reconstruct,24
recontacted,0
reconvening,4
reconverted,0
recoverable,7
recreations,8
recriminate,0
recrudesced,0
recrudesces,0
recruitment,350
rectangular,23
rectifiable,0
rectilinear,1
recuperated,1
recuperates,4
recurrences,0
recurrently,0
recyclables,9
redecorated,1
redecorates,0
rededicated,4
rededicates,0
redelivered,0
redemptions,3
redeploying,2
redeposited,0
redesigning,7
redetermine,0
redeveloped,33
redirecting,16
rediscovers,1
rediscovery,3
redissolved,0
redissolves,0
redistricts,0
redoubtable,2
redoubtably,0
redundantly,2
reduplicate,0
reedinesses,0
reeducating,0
reeducation,1
reelections,1
reembarking,0
reembodying,0
reemergence,4
reemphasize,1
reemploying,0
reenactment,9
reenforcing,0
reenlisting,0
reequipping,0
reestablish,11
reevaluated,7
reevaluates,2
reexamining,5
reexplained,0
reexporting,0
refashioned,0
refastening,0
refectories,0
referencing,101
referendums,12
refinancing,18
refinements,5
refinishing,2
reflections,31
reflexively,11
refocussing,1
reforesting,0
reformation,6
reformative,1
reformatory,0
reformulate,1
refortified,0
refortifies,0
refractions,0
refreshment,14
refrigerant,7
refrigerate,9
refulgences,0
refurbished,81
refurbishes,0
refurnished,1
refurnishes,0
refutations,0
regalements,0
regathering,1
regenerated,7
regenerates,2
regimenting,0
regionalism,1
registering,115
registrants,10
regressions,0
regretfully,6
regrettable,31
regrettably,9
regularised,3
regularises,0
regularized,1
regularizes,0
regulations,713
regurgitate,6
reimbursing,6
reincarnate,1
reinfecting,0
reinfection,1
reinforcing,79
reinoculate,0
reinserting,0
reinsertion,0
reinspected,0
reinstating,21
reintegrate,7
reinterpret,8
reintroduce,22
reinventing,17
reinvention,10
reinvesting,5
reiterating,41
reiteration,4
reiterative,0
rejuvenated,21
rejuvenates,2
relabelling,0
relatedness,1
relativisms,0
relaunching,7
relaxations,1
relegations,4
relevancies,0
reliability,157
religiously,26
reliquaries,1
relocations,7
reluctances,0
reluctantly,42
remarriages,0
remeasuring,0
remediation,59
remembering,95
remembrance,65
remigrating,0
reminiscent,103
reminiscing,24
remittances,25
remodelling,10
remonstrant,0
remonstrate,1
remorseless,3
remortgaged,1
remortgages,1
remunerated,3
remunerates,0
renaissance,53
renascences,0
renegotiate,19
renominated,2
renominates,0
renovations,119
renumbering,0
reoccupying,1
reoccurring,3
reorganized,3
reorganizes,1
reorienting,2
repackaging,6
reparations,62
repatriated,15
repatriates,1
repentances,0
repentantly,0
repertoires,1
repertories,0
repetitions,6
repetitious,0
replaceable,11
replacement,591
replenished,21
replenishes,3
repleteness,0
replicating,20
replication,7
repopulated,0
repopulates,0
reportorial,0
repossessed,8
repossesses,0
reprehended,1
represented,669
repressions,6
reprimanded,19
reproachful,0
reproaching,0
reprocessed,2
reprocesses,0
reproducers,0
reproducing,6
reprogramed,0
reprovingly,0
republicans,12
republished,9
republishes,0
repudiating,2
repudiation,3
repudiators,0
repugnances,0
repulsively,0
repurchased,5
repurchases,8
reputations,24
requirement,347
requisition,2
rerecording,3
rescheduled,60
reschedules,1
rescissions,2
researchers,750
researching,88
resemblance,42
resentfully,0
resentments,5
reservation,132
resharpened,0
reshipments,0
reshuffling,5
residencies,7
residential,747
resignation,312
resiliences,0
resiliently,0
resistances,2
resolutions,141
resorptions,0
resourceful,23
respectable,56
respectably,1
respiration,4
respirators,4
respiratory,168
resplendent,5
respondents,271
responsible,1523
responsibly,86
restatement,3
restaurants,759
restfullest,0
restfulness,1
restitching,0
restitution,52
restiveness,1
restoration,303
restorative,31
restrainers,0
restraining,99
restricting,85
restriction,104
restrictive,107
restringing,0
restructure,46
resubmitted,6
resubscribe,2
resumptions,0
resupplying,0
resurfacing,64
resurgences,0
resurrected,35
resurveying,0
resuscitate,22
retaliating,10
retaliation,153
retaliative,0
retaliatory,72
retardation,0
retentively,0
retirements,22
retractable,16
retractions,0
retrenching,2
retribution,45
retributive,0
retrievable,2
retroactive,9
retrofiring,0
retrofitted,12
retrograded,1
retrogrades,0
retrorocket,0
retrospects,0
returnables,0
reupholster,1
revaluation,7
revealingly,0
revelations,120
reverberate,20
reverencing,0
reverential,1
revilements,0
revisionism,4
revisionist,9
revitalized,23
revitalizes,3
revivalisms,0
revivalists,1
revivifying,0
revocations,1
revoltingly,0
revolutions,12
rhapsodical,0
rhapsodized,0
rhapsodizes,0
rhetorician,0
rheumatisms,0
rhinestones,4
riboflavins,0
ricocheting,2
ricochetted,0
rigamaroles,0
righteously,1
rightnesses,0
rightsizing,0
rigidnesses,0
ringleaders,4
ringmasters,0
riskinesses,0
ritualistic,3
roadblocked,0
roadrunners,0
robocalling,2
rockinesses,0
roguishness,0
rollickings,0
romanticism,2
romanticist,0
romanticize,6
roominesses,0
rotisseries,0
rotogravure,0
rototillers,0
rotundities,0
roughhoused,0
roughhouses,0
roughnecked,0
roughnesses,0
roundabouts,30
roundhouses,2
roundnesses,0
roundtables,8
roustabouts,1
routinizing,0
rowdinesses,0
rubberizing,0
rubbernecks,0
ruddinesses,0
rudimentary,18
ruminations,0
rumormonger,0
rusticating,0
rustication,0
rusticities,0
rustinesses,0
rustproofed,0
sabbaticals,0
sacramental,7
sacrificial,14
sacrificing,60
sacroiliacs,0
safeguarded,29
safekeeping,7
sagaciously,0
sagebrushes,0
sailboarder,0
saintliness,1
salaciously,0
salamanders,8
salesclerks,0
salesladies,0
salespeople,9
salesperson,11
salivations,0
salmonellae,0
salmonellas,0
saltcellars,0
saltinesses,0
saltshakers,0
salutations,0
salvageable,0
sanatoriums,0
sanctifying,1
sanctioning,19
sanctuaries,14
sandalwoods,0
sandbagging,1
sandblasted,2
sandblaster,0
sandcastles,6
sandinesses,0
sandlotters,0
sandpapered,0
sandwiching,4
sanitarians,0
sanitariums,0
sanitations,0
sappinesses,0
saprophytes,0
saprophytic,0
sarcophagus,4
sartorially,0
sassafrases,0
satanically,0
satirically,1
saturations,0
saucinesses,0
sauerkrauts,0
saxophonist,9
scaffolding,31
scalinesses,0
scandalized,3
scandalizes,0
scantnesses,0
scapegoated,1
scapegraces,0
scaremonger,1
scarinesses,0
scarlatinas,0
scatologies,0
scatterings,0
scepticisms,0
schismatics,0
schmaltzier,0
scholarship,216
schoolbooks,1
schoolchild,0
schoolgirls,8
schoolhouse,8
schoolmarms,0
schoolmates,3
schoolrooms,0
schoolworks,0
schoolyards,2
scintillate,0
scoreboards,4
scorekeeper,0
scoutmaster,1
scraggliest,0
scratchiest,0
scrawniness,0
screechiest,0
screenplays,6
screwdriver,21
scrimmaging,1
scrimshawed,0
scroungiest,0
scruffiness,0
scrumptious,11
scrutinized,26
scrutinizes,0
sculpturing,0
scuttlebutt,2
seamanships,0
searchingly,1
searchlight,2
seasickness,1
seaworthier,0
seborrhoeas,0
secondaries,4
secondarily,3
secretarial,5
secretariat,36
secretaries,31
secretively,0
secularisms,0
secularists,2
secularized,0
secularizes,0
sedimentary,4
seductively,4
seedinesses,0
seersuckers,1
segregating,1
segregation,37
seigniorial,0
seismically,1
seismograph,0
seismologic,0
selectively,19
selectivity,1
selfishness,14
semanticist,0
semaphoring,0
semicircles,0
semimonthly,0
seminarians,9
semiprivate,0
semiretired,0
semiskilled,0
semitrailer,0
senescences,0
seniorities,0
sensational,86
senselessly,1
sensibility,18
sensitively,8
sensitivity,123
sensitizing,2
sensualists,0
sententious,1
sentimental,31
separations,5
separatisms,0
separatists,22
septicemias,0
sepulchered,0
sepulchring,0
sequencings,0
sequestered,8
sequestrate,0
serendipity,6
serializing,0
seriousness,78
sermonizing,0
serpentines,0
serviceable,15
servilities,0
servomotors,0
settlements,158
seventeenth,1
seventieths,0
sexologists,1
sexualities,3
shadinesses,0
shadowboxed,0
shadowboxes,0
shakinesses,0
shallowness,2
shamelessly,12
shanghaiing,0
shantytowns,1
shapelessly,0
shapeliness,0
shareholder,178
sharpnesses,0
sheepherder,0
sheernesses,0
shellacking,6
shellfishes,0
shenanigans,29
shepherdess,0
shepherding,5
shibboleths,0
shiftlessly,0
shillelaghs,0
shininesses,0
shinsplints,0
shipbuilder,6
shipwrecked,1
shipwrights,0
shirtfronts,0
shirtsleeve,0
shirtwaists,0
shoehorning,1
shoestrings,1
shopaholics,1
shopkeepers,10
shoplifters,20
shoplifting,110
shortbreads,0
shortchange,0
shortcoming,5
shortenings,0
shorthanded,28
shortnesses,0
shotgunning,2
shouldering,4
showboating,4
showinesses,0
showmanship,6
showstopper,9
shrivelling,0
shrubberies,1
shutterbugs,1
shuttlecock,0
sickeningly,2
sidesaddles,0
sidestepped,11
sidestroked,0
sidestrokes,0
sideswiping,0
sidetracked,5
sidewinders,0
sightseeing,18
signalizing,0
signatories,26
significant,4341
signposting,7
silhouetted,5
silhouettes,34
silkinesses,0
silkscreens,0
sillinesses,0
silversmith,2
silverwares,1
similitudes,0
simplifying,16
simulations,34
simulcasted,0
sincerities,0
singletrees,0
singularity,3
sinuosities,0
sinusitises,0
sisterhoods,0
sixshooters,0
skateboards,6
skedaddling,0
skeptically,2
skepticisms,0
sketchiness,0
skirmishing,0
skulduggery,0
skyjackings,0
skyrocketed,71
skyscrapers,18
skywritings,0
slacknesses,0
slaphappier,0
slaughtered,28
slaughterer,0
slaveholder,1
slavishness,0
sleeknesses,0
sleeplessly,0
sleepwalked,2
sleepwalker,0
sleepyheads,0
slenderized,0
slenderizes,0
slenderness,0
slicknesses,0
sliminesses,0
slipperiest,0
slipstreams,0
slovenliest,0
smallnesses,0
smartnesses,0
smartypants,0
smatterings,0
smithereens,4
smokehouses,0
smokescreen,6
smokestacks,1
smokinesses,0
smorgasbord,8
smouldering,5
snapdragons,0
snorkelings,0
snorkelling,5
snowballing,4
snowblowers,0
snowboarded,0
snowboarder,3
snowinesses,0
snowmobiled,0
snowmobiles,9
snowplowing,1
snowshoeing,8
soapinesses,0
sobernesses,0
sociability,2
socialistic,0
socializing,22
sociologies,0
sociologist,13
softhearted,0
sogginesses,0
solemnesses,0
solemnified,0
solemnifies,0
solemnities,1
solemnizing,0
solicitudes,0
solidifying,37
solidnesses,0
soliloquies,0
soliloquize,0
somersaults,4
somersetted,0
somnolences,0
songwriters,24
soothsayers,0
soothsaying,0
sophistical,0
sophistries,0
sorceresses,1
sorrinesses,0
sorrowfully,0
soubriquets,0
soulfulness,1
soundboards,0
soundlessly,1
soundnesses,0
soundproofs,0
soundtracks,11
sousaphones,0
southeaster,0
southerlies,2
southerners,4
southwester,0
sovereignty,220
spacecrafts,1
spaceflight,13
spacewalked,0
spacinesses,0
sparenesses,0
speakeasies,2
spearfished,0
spearfishes,0
spearheaded,80
specialists,152
specialized,170
specializes,72
specialties,23
specificity,16
spectacular,279
speculating,44
speculation,433
speculative,69
speculators,30
speedometer,4
spellbinder,0
spellchecks,0
spelunkings,0
spendthrift,2
spermatozoa,0
spermicidal,0
spermicides,0
spherically,0
spicinesses,0
spikinesses,0
spinelessly,0
spinsterish,0
spiritually,26
spirochetes,0
spitefuller,0
splashdowns,1
splashiness,0
splattering,3
splayfooted,0
splendidest,0
splendorous,1
splintering,0
splotchiest,0
spluttering,1
spoilsports,0
spokeswoman,209
spokeswomen,0
spoliations,0
spongecakes,0
sponsorship,114
spontaneity,8
spontaneous,59
spoonerisms,0
sportscasts,0
sportswears,0
sportswoman,1
sportswomen,2
spotlighted,22
spreadsheet,24
sprightlier,0
springboard,59
springiness,0
springtimes,0
sprinklings,0
squalidness,0
squandering,7
squatnesses,0
squeakiness,0
squeamishly,0
squeegeeing,0
squelchiest,0
squiggliest,0
squirreling,0
squirrelled,2
stabilities,0
stabilizers,3
stabilizing,33
stagecrafts,0
stagestruck,0
stagflation,7
stagnancies,0
stagnations,0
staidnesses,0
stainlesses,0
stakeholder,65
stalactites,2
stalagmites,2
stalemating,1
stalenesses,0
standardize,5
standoffish,2
standpoints,0
standstills,0
starchiness,0
starknesses,0
starvations,0
starvelings,0
statecrafts,0
statehouses,3
stateliness,0
statemented,0
stateswoman,0
stateswomen,0
statistical,66
statutorily,4
staunchness,0
steadfastly,20
steakhouses,4
stealthiest,1
steamfitter,0
steamrolled,4
steamroller,2
steelworker,3
steeplejack,0
steepnesses,0
stegosaurus,0
stencilling,1
stenography,1
stepbrother,2
stepfathers,0
stepladders,0
stepmothers,0
stepparents,0
stepsisters,2
stereoscope,0
stereotyped,5
stereotypes,95
sterilities,0
sterilizers,0
sterilizing,2
sternnesses,0
stethoscope,3
stewardship,87
stickleback,0
stiffenings,0
stiffnesses,0
stigmatized,9
stigmatizes,0
stillbirths,4
stillnesses,0
stimulating,48
stimulation,33
stimulative,2
stipulating,3
stipulation,18
stitcheries,0
stockbroker,6
stockholder,3
stockinette,0
stockpiling,12
stocktaking,0
stolidities,0
stomachache,2
stonemasons,3
stonewalled,5
stonewashed,0
stoninesses,0
stopwatches,1
storefronts,20
storehouses,1
storekeeper,2
storyboards,2
storyteller,30
stoutnesses,0
straggliest,0
straightens,1
straightest,1
straightway,0
straitening,0
straitlaced,1
strangeness,3
strangulate,0
straplesses,0
strategical,0
strategists,35
stratifying,0
streamlined,69
streamlines,14
streetlight,3
strengthens,57
strenuously,3
stretchable,3
stretchiest,0
stridencies,0
stringently,3
stringiness,0
stripteased,0
stripteaser,0
stripteases,0
stroboscope,0
strongboxes,0
strongholds,24
structuring,8
strychnines,0
stubbornest,0
stultifying,1
stupidities,1
stylishness,0
suavenesses,0
subbasement,0
subbranches,0
subcategory,1
subcompacts,0
subcontract,1
subcultures,9
subdividing,1
subdivision,37
subfamilies,0
subfreezing,0
subheadings,1
subjections,0
subjugating,1
subjugation,4
subjunctive,0
sublimating,0
sublimation,3
sublimities,0
submarginal,0
submariners,0
submergence,1
submersible,26
submersions,0
submissions,126
subordinate,17
subornation,0
subpoenaing,0
subroutines,3
subscribers,200
subscribing,14
subsections,4
subservient,16
subsidences,0
subsidizers,0
subsidizing,7
subsistence,17
substandard,39
substantial,673
substantive,65
substations,15
substituted,46
substitutes,49
substratums,0
subsurfaces,0
subterfuges,0
subtotaling,0
subtotalled,0
subtracting,0
subtraction,1
subtrahends,0
subtropical,5
suburbanite,1
subventions,4
subversions,0
subversives,1
successions,3
succinctest,0
succotashes,0
succulences,0
sufferances,0
sufficiency,9
suffixation,0
suffocating,27
suffocation,10
suffragette,1
suffragists,3
sugarcoated,0
suggestible,2
suggestions,223
suitability,30
sulkinesses,0
summarizing,14
summerhouse,3
summertimes,0
sumptuously,2
sunbathings,0
sunninesses,0
supercargos,0
supercharge,12
supercities,0
superficial,45
superfluity,0
superfluous,7
superheroes,52
superimpose,0
superintend,1
superiority,55
superlative,6
supermarket,304
supermodels,4
superposing,0
superpowers,19
superscribe,0
superscript,0
superseding,5
supersizing,0
superstores,5
supertanker,0
supervening,0
supervising,25
supervision,156
supervisors,63
supervisory,32
supplanting,2
supplements,136
supplicants,0
supplicated,0
supplicates,0
supportable,0
supposition,2
suppository,0
suppressant,3
suppressing,40
suppression,61
suppressors,1
suppurating,0
suppuration,0
supremacies,0
supremacist,38
surcharging,1
surfboarded,0
surlinesses,0
surmounting,3
surplussing,0
surrealisms,0
surrealists,2
surrendered,97
surrogacies,1
surrounding,1127
survivalist,3
susceptible,98
suspenseful,15
suspensions,57
sustainable,1131
sustenances,0
swallowtail,0
sweatshirts,8
sweepstakes,17
sweetbreads,0
sweetbriars,0
sweetbriers,0
sweetenings,0
sweethearts,9
sweetnesses,0
swellheaded,0
swiftnesses,0
switchbacks,0
switchblade,1
switchboard,5
swordfishes,0
sycophantic,2
syllabicate,0
syllabified,0
syllabifies,0
syllogistic,0
symbolizing,21
symmetrical,12
sympathetic,82
sympathized,2
sympathizer,3
sympathizes,4
symptomatic,22
synchronize,8
synchronous,3
syncopating,0
syncopation,0
syndicating,0
syndication,11
synergistic,4
syntactical,0
synthesized,9
synthesizer,8
synthesizes,2
syphilitics,0
systematize,1
tabernacles,0
tablecloths,3
tablespoons,18
tabulations,2
tachometers,0
tachycardia,3
tacitnesses,0
taciturnity,0
tackinesses,0
tactfulness,0
tactilities,0
talebearers,0
talkatively,0
tambourines,1
tangibility,0
tantalising,12
tantalizers,0
tantalizing,20
tarantellas,0
tardinesses,0
taskmasters,0
tastelessly,0
tastinesses,0
tattletales,0
tautologies,0
tautologous,0
taxidermies,0
taxidermist,1
taxonomical,0
taxonomists,1
teargassing,0
tearjerkers,0
teaspoonful,0
technetiums,0
technically,187
technicians,63
technocracy,0
technocrats,4
tediousness,0
teenybopper,0
teetotalers,0
teetotalism,0
teetotaller,0
telecasters,0
telecasting,0
telecommute,0
telegraphed,8
telegrapher,0
telegraphic,1
telekineses,0
telekinesis,3
telekinetic,3
telemetries,0
telepathies,0
telephoners,0
telephonies,0
telephoning,0
teleprinter,0
telescoping,3
televisions,24
temperament,28
temperances,0
temperately,0
temperature,617
tempestuous,4
temporaries,1
temporarily,376
temporizers,0
temporizing,0
temptations,11
temptresses,0
tenaciously,3
tendentious,1
tenderfoots,0
tenderizers,0
tenderizing,0
tenderloins,0
tensenesses,0
tentatively,26
tenterhooks,8
tenuousness,0
tepidnesses,0
terminating,23
termination,75
terminology,35
terracottas,0
terrestrial,20
territorial,161
territories,189
terrorizing,11
terrycloths,0
tersenesses,0
tessellated,0
tessellates,0
testatrices,0
testimonial,13
testimonies,43
testinesses,0
tetrahedral,0
tetrahedron,0
tetrameters,0
thalidomide,0
thanklessly,0
theatergoer,1
theatricals,0
thenceforth,0
theocracies,0
theologians,6
theological,19
theoretical,45
theosophies,0
theosophist,0
therapeutic,89
thereabouts,9
theretofore,0
thermometer,17
thermostats,12
thesauruses,0
thickenings,0
thickheaded,0
thicknesses,3
thimblefuls,0
thingamabob,0
thingamajig,2
thirstiness,0
thirteenths,0
thistledown,0
thoroughest,0
thoughtless,7
thousandths,2
threatening,483
threepences,0
threescores,0
thriftiness,1
thrillingly,2
throatiness,0
throughputs,0
throughways,0
thumbprints,0
thumbscrews,0
thunderbolt,9
thunderclap,1
thunderhead,0
ticktacktoe,0
tiddlywinks,0
tiebreakers,4
tightfisted,0
tightnesses,0
timberlands,0
timberlines,0
timekeepers,3
timekeeping,4
timeservers,0
timeserving,0
timetabling,2
timidnesses,0
tinderboxes,0
tinninesses,0
tipsinesses,0
tirednesses,0
titillating,3
titillation,1
titivations,0
titleholder,7
tittivating,0
toastmaster,0
tobacconist,2
tobogganers,0
tobogganing,5
tolerations,0
tomahawking,0
tomographic,0
tonsillitis,3
toothpastes,0
topdressing,0
topographer,2
topographic,5
torchbearer,5
torchlights,0
torpidities,0
torridities,0
tortellinis,0
totalisator,0
totalizator,0
touchscreen,53
touchstones,4
toughnesses,0
tourmalines,0
tournaments,185
tourniquets,4
townspeople,10
tracheotomy,2
trademarked,5
tradeswoman,0
tradeswomen,0
traditional,1784
traffickers,34
trafficking,372
tragedienne,0
tragicomedy,3
trailblazer,38
trammelling,0
trampolined,0
trampolines,8
tranquilest,0
tranquility,32
tranquilize,0
tranquiller,0
transacting,8
transaction,3433
transactors,0
transceiver,1
transcended,25
transcribed,13
transcriber,1
transcribes,1
transcripts,33
transducers,2
transecting,0
transferals,0
transferred,357
transfigure,1
transfixing,2
transformed,330
transformer,25
transfusing,1
transfusion,21
transgender,275
transiences,0
transiently,0
transistors,3
transitions,57
transitives,0
translating,49
translation,78
translators,7
translucent,15
transmittal,1
transmitted,63
transmitter,19
transmuting,0
transparent,301
transpiring,2
transplants,31
transponder,6
transported,356
transporter,7
transposing,2
transsexual,0
transverses,1
trapezoidal,0
traumatized,45
traumatizes,1
travelogues,1
travestying,0
treacheries,0
treacherous,48
treasonable,6
tremulously,0
trenchantly,0
trencherman,0
trenchermen,0
trepidation,22
trespassers,13
trespassing,54
triangulate,3
tribeswoman,0
tribeswomen,0
tribulation,2
tributaries,15
triceratops,1
trichinoses,0
trichinosis,0
triennially,0
trillionths,0
triplicated,0
triplicates,0
trisections,0
tritenesses,0
triumvirate,7
trivialized,0
trivializes,0
troglodytes,1
trombonists,0
troposphere,0
troubadours,2
troubleshot,0
troublesome,26
truculences,0
truculently,0
truncations,0
trusteeship,1
trustworthy,62
tuberculins,0
tuberculous,0
tumbleweeds,1
tumescences,0
tunefulness,0
turbidities,0
turbocharge,4
turbulences,0
turbulently,0
turgidities,0
turnarounds,4
turnbuckles,5
turpentines,0
turtledoves,1
turtlenecks,1
twelvemonth,0
typecasting,1
typescripts,0
typesetters,0
typesetting,0
typewriters,6
typewriting,0
typewritten,0
typographer,0
typographic,0
tyrannizing,0
tyrannosaur,0
ulcerations,0
ultralights,0
ultramarine,2
ultramodern,3
ultrasounds,6
ultraviolet,20
umbilicuses,0
unabashedly,10
unabridgeds,0
unaccounted,29
unadvisedly,0
unaesthetic,0
unalienable,4
unalterable,1
unalterably,0
unambiguous,12
unambitious,3
unanimities,0
unanimously,184
unannounced,31
unappealing,7
unashamedly,5
unassertive,3
unauthentic,1
unavailable,97
unavoidable,42
unavoidably,5
unawareness,1
unbeknownst,5
unbelievers,1
unbelieving,1
unblemished,15
unbreakable,19
unburdening,0
unbuttoning,0
unceasingly,1
uncertainly,2
uncertainty,445
unchristian,1
uncivilized,3
uncleanlier,0
uncleanness,0
uncluttered,7
uncollected,6
uncommitted,28
uncommonest,0
uncompleted,7
unconcealed,0
unconcerned,5
unconfirmed,27
uncongenial,1
unconnected,6
unconquered,2
unconscious,136
uncontested,17
unconverted,3
unconvinced,17
uncorrected,0
uncountable,4
uncustomary,0
undauntedly,0
undeceiving,0
undefinable,1
undemanding,0
underacting,0
undercharge,0
undercoated,0
underexpose,0
underground,291
undergrowth,11
underhanded,2
underlining,23
undermanned,3
undermining,113
underneaths,0
underpasses,6
underpaying,1
underpinned,26
underplayed,2
underrating,0
underscored,196
underscores,282
undershirts,0
undershoots,0
undershorts,0
undersigned,6
underskirts,0
understands,332
understated,48
understates,3
undertakers,5
undertaking,126
underthings,1
undervalued,77
undervalues,4
underweight,115
underwhelms,0
underworlds,0
underwriter,2
underwrites,0
undeserving,5
undesirable,28
undesirably,0
undeveloped,20
undeviating,0
undignified,5
undisclosed,117
undisguised,0
undissolved,0
undisturbed,10
undoubtedly,266
undrinkable,0
undulations,0
unearthlier,0
unemotional,3
unendurable,1
unequivocal,22
unessential,0
unethically,1
unexplained,56
unexploited,1
unexpressed,0
unfailingly,2
unfaltering,1
unfastening,0
unfavorable,24
unfavorably,5
unfeelingly,0
unfettering,0
unfitnesses,0
unflappable,9
unflappably,0
unflinching,15
unforgiving,28
unforgotten,0
unfortified,2
unfortunate,311
unfriending,1
unfulfilled,23
unfurnished,1
ungainliest,0
ungodliness,0
unhappiness,21
unharnessed,0
unharnesses,0
unharvested,0
unhealthful,1
unhealthier,0
unhealthily,2
unhelpfully,1
unhurriedly,0
unicellular,0
unidiomatic,0
unification,26
unimportant,14
unimpressed,42
uninhabited,12
uninhibited,10
uninitiated,13
uninspiring,11
uninstalled,1
universally,53
unjustified,18
unkindliest,0
unknowables,0
unknowingly,37
unlikeliest,3
unlimbering,0
unloosening,0
unloveliest,0
unluckiness,0
unmentioned,2
unmitigated,12
unmotivated,2
unnaturally,7
unnecessary,314
unobservant,0
unobtrusive,7
unoffensive,0
unorganized,4
unpalatable,6
unpatriotic,7
unperceived,0
unperformed,0
unpersuaded,0
unperturbed,4
unpolitical,0
unpractical,0
unpracticed,0
unprintable,2
unprocessed,3
unpromising,2
unprotected,27
unpublished,5
unqualified,21
unravelling,8
unrealistic,74
unrealities,0
unreasoning,1
unregulated,55
unrehearsed,1
unrelenting,36
unremitting,2
unrepentant,9
unresistant,0
unrewarding,0
unrighteous,0
unsatisfied,15
unsaturated,2
unscheduled,11
unscrambled,1
unscrambles,0
unscratched,0
unseemliest,0
unsegmented,0
unselfishly,4
unshackling,0
unshakeable,4
unsheathing,0
unsightlier,0
unsolicited,31
unsoundness,0
unsparingly,0
unspeakable,17
unspeakably,1
unspecified,77
unsteadiest,0
unstoppable,59
unstrapping,0
unsubscribe,1
unsupported,10
unsurpassed,8
unsuspected,3
unsweetened,4
untarnished,0
unteachable,0
unthinkable,47
unthinkably,2
untimeliest,0
untouchable,21
untraceable,6
untrammeled,1
unutterable,1
unutterably,0
unvarnished,5
unwarranted,34
unwholesome,2
unwieldiest,0
unwillingly,2
unwittingly,27
unworldlier,0
unworthiest,0
upbringings,2
upcountries,0
upholstered,4
upholsterer,0
uprightness,0
upthrusting,0
usabilities,0
uselessness,1
usurpations,0
utilitarian,12
utilization,45
vacationers,7
vacationing,16
vacationist,0
vaccinating,6
vaccination,122
vacillating,2
vacillation,0
vacuousness,0
vagabondage,0
vaguenesses,0
vainglories,0
valediction,0
valedictory,8
validations,1
validnesses,0
vandalising,7
vandalizing,7
vanquishers,0
vanquishing,3
vapidnesses,0
variability,33
varicolored,0
variegating,0
variegation,0
vasectomies,3
vaudevilles,0
vegetarians,22
vegetations,0
vehemencies,0
velocipedes,0
venerations,0
ventilating,1
ventilation,60
ventilators,3
ventricular,3
ventriloquy,0
venturesome,0
venturously,0
veraciously,0
verbalizing,1
verbosities,0
verdigrises,0
vermicellis,0
vermiculite,3
vermillions,0
vernaculars,0
versatility,127
vertebrates,4
vertiginous,3
vestigially,0
vexatiously,0
viabilities,0
vibraphones,0
vicariously,6
vicegerents,0
vichyssoise,0
viciousness,4
vicissitude,0
victimizing,3
victualling,0
videophones,0
videotaping,1
viewerships,0
viewfinders,1
vigilantism,4
vigilantist,0
vignettists,0
villeinages,0
vinaigrette,8
vindicating,6
vindication,19
vindicators,0
violoncello,0
virginities,1
virologists,1
viscosities,0
viscountess,1
visionaries,8
visitations,3
visualizers,0
visualizing,9
viticulture,2
vituperated,0
vituperates,0
vivaciously,0
vividnesses,0
vivisecting,0
vivisection,1
vociferated,0
vociferates,0
voicelessly,0
volatilized,0
volatilizes,0
volleyballs,2
voluntaries,0
voluntarily,99
voluntarism,1
volunteered,84
voraciously,2
vouchsafing,0
voyeuristic,4
vulcanizing,1
vulgarities,0
vulgarizers,0
vulgarizing,0
wackinesses,0
waggishness,0
wainscoting,1
wainscotted,0
wainwrights,0
waitpersons,0
wakefulness,3
wallflowers,1
wallpapered,1
wanderlusts,0
warehousing,16
warmblooded,1
warmhearted,1
warrantying,0
washerwoman,0
washerwomen,0
waspishness,0
wastebasket,0
wastepapers,0
watchmakers,1
watchmaking,3
watchtowers,2
waterboards,0
watercolors,2
watercourse,8
waterfronts,0
waterlilies,0
waterlogged,27
watermarked,2
watermelons,6
waterpowers,0
waterproofs,1
waterspouts,3
waterwheels,0
wavelengths,10
waywardness,1
wealthiness,0
wearinesses,0
wearisomely,0
weathercock,0
weatherings,0
weatherized,0
weatherizes,0
weightiness,1
weirdnesses,0
wellingtons,1
wellsprings,0
westernized,0
westernizes,0
westernmost,2
wheelbarrow,10
wheelchairs,27
wheelhouses,0
wheelwright,1
whereabouts,171
wheresoever,0
wherewithal,6
whiffletree,0
whimsically,2
whippletree,0
whirlybirds,0
whitefishes,0
whitenesses,0
whitewashed,12
whitewashes,0
whitewaters,0
wholenesses,0
wholesalers,11
wholesaling,0
wholesomely,2
wholesomest,0
whorehouses,1
wickerworks,0
widemouthed,0
widescreens,0
wildcatters,0
wildcatting,0
wildebeests,0
wildflowers,29
willfulness,0
willingness,229
windbreaker,0
windflowers,0
windinesses,0
windjammers,0
windmilling,0
windowpanes,0
windowsills,7
windshields,13
windsurfers,0
windsurfing,4
wineglasses,0
winegrowers,0
wingspreads,0
winsomeness,0
wintergreen,1
winterizing,1
wintertimes,0
wiretappers,0
wiretapping,2
wisecracked,0
wistfulness,3
witchcrafts,0
withdrawals,63
withdrawing,75
witheringly,2
withholding,52
witlessness,0
wittinesses,0
womanliness,0
wonderfully,45
wonderingly,0
wonderlands,0
wonderments,0
woodcarvers,0
woodcarving,0
woodcutters,0
woodcutting,0
woodinesses,0
woodpeckers,8
woodworkers,1
woodworking,8
woozinesses,0
wordinesses,0
workaholics,2
workbenches,2
workmanlike,3
workmanship,4
workstation,7
worldliness,1
worshippers,28
worshipping,12
worthlessly,0
wraparounds,0
wretchedest,0
wrongdoings,6
wrongheaded,2
wrongnesses,0
xenophobias,0
xerographic,0
xylophonist,0
yachtswoman,0
yachtswomen,0
yardmasters,0
yesteryears,0
zealousness,0
zestfulness,0
abandonments,1
abbreviating,0
abbreviation,6
aberrational,1
abjectnesses,0
abolitionism,0
abolitionist,7
abominations,1
abortionists,0
abracadabras,0
abrasiveness,0
abridgements,0
abruptnesses,0
absenteeisms,0
absentminded,0
absoluteness,0
absorbencies,0
abstemiously,0
abstractedly,0
abstractions,3
abstractness,0
abstruseness,0
absurdnesses,0
academically,46
academicians,1
accelerating,113
acceleration,80
accelerators,12
accentuating,1
accentuation,0
acceptations,0
accidentally,166
acclamations,0
acclimations,0
acclimatized,0
acclimatizes,0
accommodated,35
accommodates,19
accompanists,1
accompanying,122
accomplished,213
accomplishes,8
accordionist,1
acculturated,0
acculturates,0
accumulating,34
accumulation,60
accumulative,4
accumulators,2
accurateness,0
accursedness,0
achievements,406
acknowledged,667
acknowledges,133
acoustically,5
acquaintance,35
acquiescence,3
acquirements,0
acquisitions,114
activenesses,0
acupressures,0
acupunctures,0
adaptability,53
additionally,48
adequateness,0
adhesiveness,0
adjectivally,0
adjournments,1
adjudicating,4
adjudication,9
adjudicative,0
adjudicators,2
adjudicatory,2
administered,112
administrate,0
admonishment,3
adolescences,0
adorableness,0
adroitnesses,0
adulterating,1
adulteration,8
adulteresses,0
adumbrations,0
advancements,175
advantageous,30
adventitious,0
advertisings,0
advertorials,1
advisability,0
aerodynamics,8
aeronautical,4
aestheticism,0
affabilities,0
affectations,1
affectionate,47
affiliations,45
affirmations,8
affirmatives,0
aforethought,0
afterburners,1
aftereffects,2
aftermarkets,0
afterthought,33
agglomerated,0
agglomerates,0
agglutinated,0
agglutinates,0
aggrandizing,0
aggravations,2
aggregations,0
aggressively,126
agnosticisms,0
agoraphobias,0
agoraphobics,0
agrarianisms,0
agribusiness,18
agricultural,506
agricultures,0
airworthiest,0
alkalinities,0
allergically,0
alleviations,0
alliterating,0
alliteration,4
alliterative,1
allusiveness,0
alphabetical,7
alphabetized,1
alphabetizer,0
alphabetizes,1
alphanumeric,4
altercations,6
alternations,3
alternatives,255
amalgamating,2
amalgamation,17
amateurishly,0
ambassadress,0
ambidextrous,1
ambivalences,0
ambivalently,0
ambulatories,0
ameliorating,2
amelioration,0
ameliorative,0
amiabilities,0
amontillados,0
amortization,11
amphetamines,3
amphibiously,0
amphitheater,7
amphitheatre,11
anachronisms,3
anaesthesias,1
anaesthetics,1
anaesthetist,2
anaesthetize,0
analogically,0
analytically,3
anarchically,0
anathematize,0
anatomically,3
ancestresses,0
anchorperson,0
anesthetists,0
anesthetized,0
anesthetizes,0
angularities,0
animadverted,0
annihilating,2
annihilation,14
annihilators,0
announcement,1216
annunciation,0
antagonistic,15
antagonizing,12
antecedences,0
antechambers,0
antediluvian,3
anthologists,0
anthologized,0
anthologizes,0
anthropology,8
antiabortion,2
antiaircraft,0
anticipating,88
anticipation,196
anticipatory,16
anticlerical,0
anticlimaxes,0
anticyclones,0
anticyclonic,1
antifascists,0
antigenicity,0
antimacassar,0
antimalarial,3
antioxidants,46
antiparticle,0
antipathetic,0
antiphonally,0
antiquarians,0
antisemitism,208
antisocially,2
antithetical,6
aphrodisiacs,2
apocryphally,0
apolitically,0
apostatizing,0
apostleships,0
apothecaries,2
appeasements,0
appellations,1
appendectomy,2
appendicitis,7
appertaining,0
appetizingly,0
applications,818
appointments,326
apportioning,1
appositeness,0
appreciating,50
appreciation,344
appreciative,67
appreciators,1
appreciatory,0
apprehending,14
apprehension,49
apprehensive,21
apprenticing,0
approachable,37
approbations,0
appropriated,29
appropriates,2
appropriator,0
approximated,2
approximates,0
appurtenance,0
aquacultures,0
aquicultures,0
arbitrageurs,0
arbitraments,0
arbitrations,3
archdiocesan,9
archdioceses,2
archeologies,0
archeologist,1
archetypical,0
archipelagos,0
architecture,276
aristocratic,15
arithmetical,0
aromatherapy,5
aromatically,1
arraignments,2
arrangements,344
arrhythmical,0
artfulnesses,0
arthroscopes,0
arthroscopic,3
articulately,2
articulating,15
articulation,14
artificially,31
artilleryman,0
artillerymen,1
artistically,11
ascendancies,0
ascendencies,0
ascertaining,4
asexualities,0
asphyxiating,2
asphyxiation,7
assassinated,51
assassinates,0
asseverating,0
asseveration,0
assignations,0
assimilating,3
assimilation,17
associations,139
astigmatisms,0
astonishment,19
astoundingly,2
astringently,0
astrological,1
astrologists,0
astronautics,1
astronomical,37
astrophysics,4
astutenesses,0
asymmetrical,11
asymptomatic,14
athletically,6
atmospherics,0
attenuations,0
attestations,1
attitudinize,0
attractively,3
attributable,40
attributions,1
attributives,0
audibilities,0
audiological,0
audiologists,0
audiovisuals,0
augmentation,12
augmentative,0
augustnesses,0
auscultating,0
auscultation,0
auspiciously,0
authenticate,5
authenticity,153
autographing,1
autoimmunity,0
automatizing,0
autonomously,14
availability,316
avariciously,0
avitaminoses,0
avitaminosis,0
babysittings,0
bacchanalian,1
bacchanalias,0
bachelorhood,0
backbenchers,8
backbreaking,2
backgrounder,2
backhandedly,0
backpackings,0
backpedaling,2
backpedalled,0
backslappers,0
backslapping,0
backstabbers,1
backstopping,0
backstroking,0
backtracking,10
backwardness,2
backwoodsman,0
backwoodsmen,0
bactericidal,0
bactericides,0
bacteriology,0
balderdashes,0
bankruptcies,14
bantamweight,17
baptisteries,0
barbarianism,1
barbarically,1
barbiturates,1
barnstormers,0
barnstorming,3
barrennesses,0
bastardizing,0
bathyscaphes,0
bathyspheres,0
battlefields,11
battlefronts,0
battleground,195
beachcombers,0
beatifically,0
bedazzlement,0
bedevilments,0
befuddlement,0
begrudgingly,9
beguilements,0
behaviorally,0
behaviorisms,0
behaviorists,0
beleaguering,0
belittlement,0
belletristic,0
belligerence,2
belligerency,0
belligerents,1
bellybuttons,0
benedictions,0
benefactions,0
benefactress,0
beneficences,0
beneficently,0
beneficially,0
benevolences,0
benevolently,0
bereavements,3
beseechingly,1
bespattering,0
bespectacled,9
bestialities,0
bewilderment,7
bewitchingly,1
bewitchments,0
bibliography,3
bibliophiles,0
bicameralism,0
bicarbonates,1
bicentennial,5
bifurcations,0
bilingualism,6
billingsgate,0
billionaires,92
bimetallisms,0
biochemicals,0
biochemistry,3
biodegrading,0
biodiversity,218
biofeedbacks,0
biographical,21
biologically,13
biophysicist,0
bipolarities,0
birdwatchers,1
bitchinesses,0
bitternesses,0
bittersweets,0
blabbermouth,0
blackballing,0
blackberries,10
blackjacking,0
blacklisting,6
blackmailers,0
blackmailing,9
blacktopping,2
blandishment,0
blearinesses,0
blindfolding,0
blissfulness,0
blisteringly,5
blithenesses,0
blockbusters,38
blockbusting,0
bloodinesses,0
bloodletting,5
bloodmobiles,1
bloodstained,3
bloodstreams,0
bloodsuckers,2
bloodsucking,1
bloodthirsty,18
blowtorching,1
blueprinting,0
bluestocking,0
blurrinesses,0
boastfulness,0
bobsleighing,0
bodybuilders,2
bodybuilding,13
bohemianisms,0
boilermakers,0
boilerplates,0
boisterously,0
bombardments,15
bombproofing,0
bookbindings,0
bookkeepings,0
boomeranging,0
boondogglers,0
boondoggling,0
bootleggings,0
bootstrapped,2
bouncinesses,0
bourgeoisies,0
boutonnieres,0
bowdlerizing,0
boyishnesses,0
brackishness,0
braggadocios,1
braininesses,0
brainstormed,3
brainteasers,4
brainwashing,6
brassinesses,0
brawninesses,0
brazennesses,0
breadbaskets,1
breadwinners,4
breakfasting,1
breakthrough,202
breastplates,0
breaststroke,33
breathalyzed,0
breathalyzes,0
breathlessly,5
breathtaking,129
breezinesses,0
bricklayings,0
brightnesses,0
brilliancies,0
brilliantine,0
brinkmanship,4
broadcasters,78
broadcasting,140
brokennesses,0
bronchitises,0
broncobuster,0
brontosaurus,0
brotherhoods,0
buffooneries,0
bulimarexias,0
bulletproofs,0
bullfighters,0
bullfighting,3
bullheadedly,0
bullshitters,0
bullshitting,1
bureaucratic,57
burglarizing,4
burglarproof,0
burgomasters,0
bushwhackers,0
bushwhacking,0
businesslike,5
butterflying,0
butterscotch,4
buttonholing,0
cabinetmaker,0
cabinetworks,0
cablecasting,0
calamitously,0
calculatedly,1
calculations,84
calibrations,0
californiums,0
calisthenics,3
calligrapher,1
calligraphic,0
callownesses,0
calumniating,0
calumniation,0
calumniators,0
camaraderies,0
camouflagers,0
camouflaging,1
canalization,0
cancellation,177
candelabrums,0
candidatures,2
candidnesses,0
candlelights,0
candlepowers,0
candlesticks,4
cannibalisms,0
cannibalized,1
cannibalizes,0
canonization,4
cantankerous,2
cantilevered,2
capabilities,681
capacitances,0
caparisoning,0
capitalistic,5
capitalizing,30
capitulating,2
capitulation,10
capriciously,0
captiousness,0
captivations,0
caramelizing,0
caravanserai,0
carbohydrate,5
carbonaceous,2
carbonations,0
carborundums,0
carburetters,0
carburettors,0
carcinogenic,8
cardiographs,0
cardiologies,0
cardiologist,24
cardsharpers,0
carelessness,15
caricaturing,0
caricaturist,1
carpentering,1
carpetbagged,0
carpetbagger,0
cartographer,1
cartographic,1
cartwheeling,1
casehardened,0
castigations,0
casualnesses,0
catastrophes,10
catastrophic,184
catchphrases,6
categorizing,2
caterpillars,17
caterwauling,2
catheterized,0
catheterizes,0
cauliflowers,1
causticities,0
cautiousness,1
celebrations,392
censoriously,0
centenarians,4
centennially,0
centerboards,0
centerpieces,2
centigrammes,0
centralities,0
centralizers,0
centralizing,4
centrifuging,1
cerebrations,0
ceremonially,3
certificated,1
certificates,143
chairmanship,37
chairpersons,12
chalcedonies,0
chalkinesses,0
chamberlains,0
chambermaids,0
championship,900
chancinesses,0
changelessly,0
channelizing,1
chanticleers,0
chaperonages,0
chaplaincies,0
characterize,17
charbroiling,0
charismatics,0
charlatanism,0
chastenesses,0
chastisement,2
chatterboxes,0
chattinesses,0
chauffeuring,1
chauvinistic,2
checkerboard,3
cheekinesses,0
cheerfullest,0
cheerfulness,2
cheerinesses,0
cheerleaders,25
cheeseburger,23
cheesecloths,0
cheeseparing,0
cheesinesses,0
chemotherapy,146
chesterfield,0
chiaroscuros,0
chickenfeeds,0
chickenpoxes,0
childbearing,5
childishness,2
childproofed,0
chillinesses,0
chiropodists,0
chiropractic,5
chiropractor,11
chitchatting,1
chitterlings,0
chivalrously,0
chlorinating,1
chlorination,0
chloroformed,0
chlorophylls,0
chloroplasts,2
choirmasters,0
cholesterols,0
choosinesses,0
choppinesses,0
choreographs,0
choreography,59
christenings,3
chronographs,0
chronologies,0
chronologist,0
chronometers,0
chubbinesses,0
chumminesses,0
chunkinesses,0
churchgoings,0
churchwarden,1
churlishness,0
circuitously,0
circularized,0
circularizes,0
circulations,1
circumcising,0
circumcision,5
circumflexes,0
circumscribe,3
circumstance,45
circumvented,3
citizenships,2
civilisation,29
civilization,65
clairvoyance,0
clairvoyants,1
clamminesses,0
clangorously,0
clannishness,0
clapboarding,0
clarinetists,0
clarinettist,0
classifiable,0
classinesses,0
clerestories,0
clericalisms,0
clevernesses,0
cliffhangers,3
climacterics,0
climatically,0
cliquishness,0
closemouthed,0
clotheshorse,0
clotheslines,16
cloudinesses,0
cloverleaves,0
clownishness,0
clumsinesses,0
coagulations,0
coalescences,0
coalitionist,0
coarsenesses,0
cobblestones,3
cockfighting,2
cockleshells,0
codependency,3
codependents,0
codification,1
coeducations,0
coefficients,1
coelenterate,0
coexistences,0
coffeehouses,1
coffeemakers,0
cohabitation,4
cohesiveness,6
coincidences,4
coincidental,7
coinsurances,0
collaborated,87
collaborates,18
collaborator,45
collaterally,0
collectables,3
collectibles,25
collectively,182
collectivism,7
collectivist,3
collectivize,0
collegiality,0
collocations,0
colloquially,13
colonialisms,0
colonialists,2
colonization,28
colorfulness,0
colorization,1
combinations,67
combustibles,1
comelinesses,0
comeuppances,0
comfortingly,0
comicalities,0
commandeered,5
commandments,14
commemorated,37
commemorates,29
commemorator,0
commencement,130
commendation,13
commendatory,0
commensurate,23
commentaries,11
commentating,4
commentators,74
commercially,49
commiserated,8
commiserates,1
commissariat,0
commissaries,1
commissioned,236
commissioner,347
committeeman,3
committeemen,1
commodiously,0
commonalties,0
commonnesses,0
commonplaces,0
commonwealth,23
communicable,4
communicably,0
communicants,0
communicated,110
communicates,25
communicator,12
commutations,7
companionway,0
comparatives,1
compartments,28
compellingly,5
compensating,13
compensation,540
compensatory,20
competencies,19
competitions,346
compilations,3
complacences,0
complacently,1
complainants,27
complaisance,0
complemented,64
completeness,7
complexional,0
complexioned,0
complexities,144
complicating,30
complication,27
complicities,0
complimented,28
comportments,0
compositions,33
compoundable,0
comprehended,1
compressible,0
compressions,10
compromising,71
comptrollers,0
compulsively,1
compulsories,0
compulsorily,2
compunctions,0
computations,6
computerized,4
computerizes,0
comradeships,0
concatenated,0
concatenates,0
concealments,0
concentrated,118
concentrates,20
conceptional,0
conceptually,4
concertinaed,0
concertizing,0
concessional,7
conciliating,0
conciliation,4
conciliators,0
conciliatory,7
conclusively,15
concomitants,1
concordances,0
concreteness,0
concubinages,0
concupiscent,0
concurrences,1
concurrently,33
condemnation,85
condemnatory,0
condensation,21
condescended,0
conditionals,0
conditioners,25
conditioning,135
condominiums,15
conductances,0
conductivity,8
confabulated,0
confabulates,0
confectioner,2
confederated,0
confederates,0
confessional,30
confidential,157
confinements,1
confirmation,201
confiscating,4
confiscation,18
confiscators,0
confiscatory,0
conformances,0
conformation,2
conformities,1
confutations,0
congealments,0
congeniality,0
congenitally,0
conglomerate,59
congratulate,111
congregating,2
congregation,87
conjecturing,0
conjugations,0
conjunctions,1
conjunctivae,0
conjunctivas,0
conjunctives,0
conjunctures,0
conjurations,0
connectivity,287
connoisseurs,11
connotations,18
conquistador,1
conscripting,0
conscription,26
consecrating,1
consecration,30
consequences,807
consequently,51
conservation,399
conservatism,21
conservative,603
conservators,6
conservatory,26
considerable,280
considerably,154
consignments,4
consistences,0
consistently,586
consistories,0
consolations,1
consolidated,73
consolidates,6
consolidator,1
conspectuses,0
conspiracies,22
conspirators,10
constabulary,6
constipating,0
constipation,34
constituency,463
constituents,190
constituting,10
constitution,216
constitutive,2
constraining,5
constricting,3
constriction,1
constrictive,1
constrictors,0
constructing,62
construction,1865
constructive,116
constructors,7
consultation,513
consultative,16
consumerisms,0
consumerists,0
consummately,0
consummating,1
consummation,1
consumptions,0
consumptives,1
contagiously,0
containerize,0
containments,0
contaminants,25
contaminated,133
contaminates,2
contaminator,0
contemplated,29
contemplates,9
contemporary,377
contemptible,2
contemptibly,0
contemptuous,3
contentments,0
conterminous,0
contextually,6
contiguities,0
contiguously,0
continentals,0
contingently,0
continuances,0
continuation,134
continuities,1
continuously,215
contractible,0
contractions,9
contradicted,30
contraptions,7
contrapuntal,0
contrariness,0
contrariwise,0
contravening,10
contributing,454
contribution,482
contributors,90
contributory,10
contriteness,0
contrivances,1
controllable,11
controverted,0
contumacious,2
contumelious,0
conurbations,1
convalescent,1
convalescing,1
convectional,0
conveniences,10
conveniently,60
conventicles,0
conventional,248
convergences,2
conversation,1165
convertibles,5
convincingly,18
conviviality,3
convocations,0
convolutions,0
convulsively,0
cooperations,1
cooperatives,23
coordinately,0
coordinating,98
coordination,162
coordinators,34
copperplates,0
copyrighting,0
coquettishly,0
cordialities,0
corespondent,0
corkscrewing,0
cornerstones,13
cornstarches,0
corporations,210
corporeality,0
correctional,53
correlations,6
correlatives,0
corresponded,16
corroborated,19
corroborates,1
corroborator,0
corrugations,1
coruscations,0
cosmetically,1
cosmeticians,0
cosmogonists,0
cosmological,2
cosmologists,1
cosmopolitan,17
cosponsoring,1
costlinesses,0
cottonmouths,0
councilwoman,9
councilwomen,0
countenanced,0
countenances,0
counteracted,2
counterclaim,4
counterfeits,3
counterfoils,0
countermands,0
counteroffer,3
counterpanes,0
counterparts,212
counterpoint,8
counterpoise,1
countersigns,0
countersinks,0
counterspies,0
countertenor,0
countervails,0
countrysides,0
countrywoman,1
countrywomen,0
courageously,14
covertnesses,0
covetousness,1
cowardliness,0
crabbinesses,0
crackerjacks,0
craftinesses,0
cragginesses,0
crankinesses,0
crapshooters,0
cravennesses,0
creakinesses,0
creaminesses,0
creationisms,0
creationists,0
creativeness,2
creativities,0
creepinesses,0
crematoriums,4
crenelations,0
crenellating,0
crenellation,0
crispinesses,0
crisscrossed,12
crisscrosses,0
crosschecked,1
crosscurrent,0
crosscutting,1
crosshatched,1
crosshatches,0
crosspatches,0
crowdfunding,33
crucifixions,0
crumminesses,0
crustinesses,0
cryptography,9
crystallized,6
crystallizes,2
culminations,0
cultivatable,0
cultivations,0
cumulatively,12
cumulonimbus,0
curabilities,0
curmudgeonly,0
currycombing,0
curtailments,4
customhouses,0
cuttlefishes,0
cyberbullies,0
cyclopaedias,0
daintinesses,0
deactivating,1
deactivation,6
deadlinesses,0
deathwatches,0
debarkations,0
debaucheries,0
debilitating,55
debilitation,0
debonairness,0
decaffeinate,0
decapitating,4
decapitation,7
decapitators,0
decelerating,7
deceleration,13
decelerators,0
decentralize,3
decipherable,0
decisiveness,7
declamations,0
declarations,41
declassified,5
declassifies,0
declinations,1
decolletages,0
decolonizing,0
decommission,9
decompressed,0
decompresses,0
decongestant,6
decontrolled,0
decoratively,1
decorousness,0
decreasingly,1
decrepitudes,0
decrescendos,1
deescalating,0
deescalation,1
defalcations,0
deficiencies,70
definiteness,0
definitively,31
deflationary,10
defoliations,0
deformations,1
degeneracies,0
degenerating,0
degeneration,12
degenerative,10
degradations,0
dehumanizing,17
dehumidified,0
dehumidifier,17
dehumidifies,0
dehydrations,0
deifications,0
delectations,0
deleveraging,6
deliberately,212
deliberating,21
deliberation,26
deliberative,5
delicateness,0
delicatessen,5
delightfully,26
delimitation,8
delineations,0
delinquently,0
deliquescent,0
deliquescing,0
deliverances,0
demagnetized,0
demagnetizes,0
demarcations,2
demilitarize,0
demimondaine,0
demobilizing,0
democratized,4
democratizes,5
demodulating,0
demodulation,0
demographers,1
demographics,86
demographies,0
demonetizing,0
demoniacally,0
demonologies,0
demonstrable,7
demonstrably,12
demonstrated,375
demonstrates,219
demonstrator,9
demoralizing,6
demurenesses,0
demystifying,6
denigrations,0
denominating,0
denomination,14
denominators,1
denouncement,0
denuclearize,0
denunciation,5
departmental,18
dependencies,9
depilatories,0
depolarizing,1
depoliticize,1
depopulating,0
depopulation,7
deportations,54
depositories,1
deprecations,0
depreciating,3
depreciation,47
depredations,1
depressingly,3
depressurize,0
deprivations,2
deprograming,0
deprogrammed,0
derangements,0
deregulating,1
deregulation,27
derelictions,0
derisiveness,0
dermatitides,0
dermatitises,0
derogatorily,1
desalinating,0
desalination,18
desalinizing,0
descriptions,70
desecrations,0
desegregated,1
desegregates,0
desensitized,5
desensitizes,0
desiccations,0
designations,10
desirability,6
desolateness,0
despairingly,1
desperations,0
despoilments,0
despoliation,0
despondences,0
despondently,1
despotically,0
destabilized,4
destabilizes,0
destinations,269
destitutions,0
destructible,2
destructions,2
deteriorated,88
deteriorates,5
determinable,0
determinants,10
determinedly,1
determinisms,0
detestations,0
dethronement,4
devaluations,0
devastations,0
developments,563
devilishness,0
devitalizing,0
devoutnesses,0
diabolically,3
diagrammatic,1
diamondbacks,0
dicotyledons,0
dictatorship,56
dictionaries,5
didactically,0
differential,51
difficulties,342
diffractions,0
dilapidation,4
dilettantish,0
dilettantism,0
dillydallied,0
dillydallies,0
diminuendoes,0
diplomatists,0
dipsomaniacs,0
directnesses,0
directorates,2
directorship,3
disabilities,317
disablements,0
disadvantage,70
disaffecting,0
disaffection,3
disaffiliate,0
disagreeable,3
disagreeably,0
disagreement,81
disappearing,72
disappointed,543
disapprovals,0
disapproving,2
disarmaments,0
disarranging,0
disassembled,8
disassembles,1
disassociate,10
disastrously,8
disbandments,0
disbelievers,0
disbelieving,2
disbursement,25
discerningly,0
discernments,0
discipleship,4
disciplinary,154
disciplining,6
discolouring,0
discomfiting,3
discomfiture,0
discomforted,0
discommoding,0
discomposing,0
discomposure,0
disconcerted,0
disconnected,58
disconsolate,1
discontented,1
discontinued,63
discontinues,2
discordances,0
discordantly,0
discotheques,0
discouraging,34
discourteous,0
discrediting,9
discreetness,1
discreteness,0
discriminate,23
discursively,0
disdainfully,1
disembarking,3
disembodying,0
disemboweled,0
disenchanted,8
disencumbers,0
disentangled,1
disentangles,0
disestablish,0
disesteeming,0
disfranchise,0
disgorgement,4
disgruntling,0
disgustingly,1
disharmonies,0
disheartened,24
dishevelling,0
dishevelment,1
dishonesties,0
dishonorable,4
dishonorably,2
disillusions,0
disinclining,0
disinfectant,12
disinfecting,2
disinfection,5
disinflation,16
disingenuous,30
disinherited,1
disintegrate,7
disinterests,0
disinterment,1
disinterring,0
disjointedly,0
dislocations,1
disloyalties,0
dismembering,3
dismissively,5
disobedience,20
disorganized,8
disorganizes,0
disorientate,0
disorienting,10
dispensaries,19
dispensation,17
displacement,122
displeasures,1
dispositions,3
dispossessed,13
dispossesses,0
disputations,0
disputatious,0
disqualified,158
disqualifies,4
disquietudes,0
disquisition,0
disregardful,0
disregarding,20
disreputable,1
disreputably,0
disrespected,8
disruptively,3
dissatisfied,44
dissatisfies,0
dissemblance,1
disseminated,16
disseminates,1
dissertation,14
dissimulated,0
dissimulates,0
dissimulator,0
dissipations,0
dissociating,1
dissociation,1
dissolutions,1
distillation,7
distilleries,16
distinctions,14
distinctness,0
distractedly,2
distractions,66
distributing,118
distribution,570
distributive,2
distributors,48
disturbances,47
diversifying,33
diversionary,13
divestitures,2
divisibility,0
divisiveness,10
divorcements,0
doctrinaires,0
doggednesses,0
dogmatically,0
domestically,69
domesticated,13
domesticates,0
dominatrices,0
dominatrixes,0
doorstepping,0
doubleheader,25
doublespeaks,0
doubtfullest,0
doubtfulness,0
downshifting,2
draftinesses,0
dramatically,259
dreadfulness,0
dreadnaughts,0
dreadnoughts,1
dreaminesses,0
drearinesses,0
dressinesses,0
dressmakings,0
drillmasters,0
droopinesses,0
drowsinesses,0
dumbfounding,4
duplications,0
durabilities,0
dysfunctions,2
earsplitting,0
earthenwares,0
earthinesses,0
earthshaking,0
eavesdropped,1
eavesdropper,0
eccentricity,7
ecclesiastic,0
echolocation,3
eclectically,0
eclecticisms,0
ecologically,12
economically,125
ecstatically,0
ecumenically,0
ecumenicisms,0
ediblenesses,0
edifications,0
editorialize,0
edutainments,0
effectuating,0
effeminacies,0
effeminately,0
effervescent,11
effervescing,1
effetenesses,0
efficiencies,52
efflorescent,0
effortlessly,80
effronteries,0
effusiveness,0
egalitarians,0
egoistically,0
einsteiniums,0
ejaculations,0
elaborations,0
elasticities,0
elasticizing,0
elderberries,2
electioneers,0
electrically,6
electricians,11
electrifiers,2
electrifying,55
electrocuted,19
electrocutes,1
electrolyses,0
electrolysis,6
electrolytes,15
electrolytic,0
electronicas,0
electroplate,0
electroscope,0
electroshock,1
electrotypes,0
eleemosynary,0
elicitations,0
eliminations,6
elliptically,0
elocutionary,0
elocutionist,0
elucidations,0
emancipating,0
emancipation,11
emancipators,0
emasculating,0
emasculation,1
embarkations,0
embarrassing,154
embellishing,2
embezzlement,24
embitterment,0
emblazonment,0
embrocations,0
embroiderers,1
embroideries,0
embroidering,0
embroilments,0
embryologies,0
embryologist,0
emotionalism,0
emotionalize,0
emphatically,29
emplacements,0
empowerments,0
encapsulated,29
encapsulates,30
encephalitic,0
encephalitis,11
enchantingly,0
enchantments,0
encirclement,4
encompassing,61
encountering,51
encroachment,20
encrustation,0
encumbrances,1
encyclopedia,11
encyclopedic,5
endangerment,14
endeavouring,2
endogenously,0
endorsements,87
enfeeblement,0
enforcements,2
enfranchised,1
enfranchises,0
engineerings,0
engorgements,0
engrossments,0
enhancements,67
enjambements,0
enlargements,0
enlightening,18
enlivenments,0
ennoblements,0
enormousness,0
enshrinement,4
enslavements,0
ensnarements,0
entanglement,9
enterprising,15
entertainers,26
entertaining,277
enthrallment,0
enthronement,2
enthusiastic,160
entitlements,27
entomologies,0
entomologist,7
entrancement,0
entrancingly,0
entreatingly,0
entrenchment,2
entrepreneur,180
enumerations,0
enunciations,0
envelopments,0
environments,276
epidemically,0
epidemiology,6
epiglottides,0
epiglottises,0
epigrammatic,0
epinephrines,0
episcopacies,0
episodically,1
equabilities,0
equalization,3
equanimities,0
equestrienne,0
equilaterals,0
equilibriums,0
equivalences,0
equivalently,1
equivocating,0
equivocation,2
equivocators,0
eradications,0
erysipelases,0
erythrocytes,0
esoterically,1
establishing,299
esthetically,0
estrangement,10
ethnocentric,1
ethnological,0
ethnologists,0
etymological,2
etymologists,0
eucalyptuses,0
euphoniously,0
euphorically,1
evanescences,0
evangelicals,15
evangelistic,0
evangelizing,3
evaporations,0
evenhandedly,0
eventfulness,0
everlastings,0
eviscerating,4
evisceration,1
evolutionary,43
evolutionist,0
exacerbating,46
exacerbation,5
exaggerating,15
exaggeration,21
exaggerators,0
examinations,77
exasperating,1
exasperation,10
excellencies,1
exchangeable,0
excitability,0
exclamations,2
excoriations,0
excrescences,0
excruciating,31
exculpations,0
excursionist,0
executioners,2
exemplifying,2
exhaustively,4
exhilarating,59
exhilaration,3
exhortations,1
exobiologies,0
exonerations,4
exorbitances,0
exorbitantly,1
exoskeletons,1
expansionary,9
expansionism,3
expansionist,5
expatiations,1
expatriating,0
expatriation,0
expectancies,2
expectations,1152
expectorants,0
expectorated,0
expectorates,0
expediencies,1
expenditures,95
experiencing,624
experimental,115
experimented,31
experimenter,2
expertnesses,0
explanations,53
explications,0
explicitness,0
exploitation,163
exploitative,26
explorations,16
exportations,0
expostulated,0
expostulates,0
expressively,0
expropriated,3
expropriates,0
expropriator,0
expurgations,0
extemporized,0
extemporizes,0
extenuations,0
exterminated,6
exterminates,0
exterminator,2
externalized,1
externalizes,0
extinguished,97
extinguisher,24
extinguishes,1
extirpations,0
extortionate,9
extortioners,0
extortionist,1
extraditable,0
extraditions,1
extramarital,12
extraneously,0
extrapolated,8
extrapolates,1
extrasensory,1
extravagance,8
extravaganza,38
extrications,0
extroversion,0
eyewitnesses,26
fabrications,7
facilitating,131
facilitation,14
facilitators,16
facsimileing,0
factionalism,2
fainthearted,2
faithfulness,7
fallaciously,0
fallibleness,0
familiarized,3
familiarizes,0
fancifulness,0
fascinations,1
fashionistas,5
fastidiously,1
faultfinders,0
faultfinding,0
faultinesses,0
fearlessness,9
fecundations,0
federalizing,0
feeblenesses,0
felicitating,1
felicitation,11
felicitously,0
femalenesses,0
femininities,0
fenestration,2
fermentation,23
feverishness,0
fiberglasses,0
fibrillating,0
fibrillation,7
ficklenesses,0
fictionalize,0
fictitiously,0
fiddlesticks,0
fieldworkers,0
fiercenesses,0
figuratively,20
filibustered,0
filibusterer,0
filthinesses,0
finalization,6
fingerboards,0
fingerprints,46
firecrackers,12
firefighters,370
firefighting,65
fireproofing,1
fitfulnesses,0
flabbergasts,0
flabbinesses,0
flaccidities,0
flagellating,0
flagellation,2
flamboyances,0
flamboyantly,2
flameproofed,0
flamethrower,3
flammability,2
flannelettes,0
flashinesses,0
flatteringly,0
flawlessness,0
fleecinesses,0
fleetingness,0
flimflamming,0
flimsinesses,0
floodlighted,0
floorwalkers,0
floppinesses,0
florescences,0
floridnesses,0
fluctuations,66
fluffinesses,0
fluorescence,5
fluoridating,0
fluoridation,3
fluorocarbon,0
fluoroscopes,0
fluoroscopic,0
folksinesses,0
folksingings,0
fomentations,0
foolhardiest,0
forbearances,0
forbiddingly,0
forcefulness,0
foreclosures,4
foregathered,0
foregrounded,1
forensically,8
foreordained,1
forequarters,0
foreshadowed,10
foreshortens,0
forestalling,1
forestations,0
foreswearing,0
forethoughts,0
forgathering,0
formaldehyde,4
formlessness,0
formulations,20
fornications,0
forthcomings,0
forthrightly,3
fortuitously,3
fountainhead,0
fractionally,4
frangibility,0
frankfurters,0
frankincense,3
fraternities,8
fraternizers,0
fraternizing,2
fraudulences,0
fraudulently,38
freakishness,0
freestanding,15
freethinkers,0
freethinking,0
freewheeling,4
frenetically,0
fricasseeing,0
friendliness,15
frigidnesses,0
friskinesses,0
frontiersman,1
frontiersmen,0
frontispiece,0
frontrunners,20
frostinesses,0
frothinesses,0
frowzinesses,0
fruitfulness,0
fruitinesses,0
frustrations,90
fulfillments,0
fulminations,1
functionally,15
fundamentals,85
furtherances,0
fusibilities,0
futurologies,0
futurologist,0
gallbladders,0
gallivanting,0
galvanometer,0
gamesmanship,2
garishnesses,0
garnisheeing,0
garnishments,0
gastronomies,0
gatecrashers,0
gatecrashing,1
gauchenesses,0
genealogical,4
genealogists,1
generalities,2
generalizing,3
generalships,0
generational,117
generosities,0
generousness,0
gentlenesses,0
genuflecting,2
genuflection,1
geochemistry,5
geographical,75
geologically,4
geomagnetism,0
geophysicist,5
geopolitical,243
geosynclines,0
germinations,0
gerrymanders,2
gesticulated,0
gesticulates,0
ghostwriters,1
ghostwriting,0
ghostwritten,1
ghoulishness,0
gigantically,1
gingerbreads,0
gingivitises,0
gladiatorial,1
glamourizing,0
glassblowers,0
glassblowing,1
glassinesses,0
globetrotter,1
glockenspiel,0
gloominesses,0
glossinesses,0
glossolalias,0
gluttonously,0
goalkeepings,0
gobbledegook,2
gobbledygook,2
goddaughters,0
goldbrickers,0
goldbricking,0
gooseberries,3
goosefleshes,0
gorgeousness,0
gormandizers,0
gormandizing,0
governmental,61
governorship,115
gracefulness,0
graciousness,0
graininesses,0
granddaddies,0
grandfathers,4
grandmothers,22
grandnephews,1
grandparents,160
grandstanded,0
granulations,0
graphologies,0
graphologist,0
grasshoppers,6
gratefulness,1
gratuitously,2
gravediggers,0
gravitations,0
greasepaints,0
greasinesses,0
greathearted,0
greedinesses,0
greengrocers,7
gregariously,0
griddlecakes,0
grievousness,0
grislinesses,0
grittinesses,0
grogginesses,0
groundlessly,1
groundswells,0
groundwaters,0
grubbinesses,0
gruesomeness,0
grumpinesses,0
guaranteeing,54
guardianship,15
guesstimated,0
guesstimates,1
guillotining,0
guiltinesses,0
guttersnipes,0
gynecologies,0
gynecologist,6
haberdashers,0
haberdashery,3
habitability,4
habitualness,0
habituations,0
haemoglobins,0
haemophilias,0
haemorrhaged,0
haemorrhages,3
haemorrhoids,3
hagiographer,0
hairbreadths,0
hairdressers,13
hairdressing,9
hairsbreadth,0
hairsplitter,0
hairstylists,1
hallucinated,0
hallucinates,1
hallucinogen,2
hamstringing,2
handcrafting,2
handicappers,0
handicapping,3
handkerchief,2
handsomeness,0
handwritings,0
happenstance,11
hardheadedly,0
hardscrabble,4
harmlessness,0
harmonically,1
harmoniously,13
harpsichords,0
headhuntings,0
headmistress,5
headquarters,483
headshrinker,0
hearthstones,0
heartinesses,0
heartrending,5
heartstrings,9
heartwarming,97
heatproofing,0
heavyhearted,0
heavyweights,28
hedgehopping,0
heedlessness,0
helicoptered,3
heliocentric,0
helplessness,17
hematologies,0
hematologist,0
hemophiliacs,2
hemorrhaging,11
hemstitching,0
henceforward,0
hermetically,1
herringbones,0
hesitatingly,0
heterodoxies,0
heterosexual,14
hibernations,0
hierarchical,11
hieroglyphic,0
highfaluting,0
highhandedly,0
highlighters,0
highlighting,478
hindquarters,0
hippopotamus,2
histologists,0
historically,317
hoarsenesses,0
holistically,16
hollownesses,0
holographies,0
homelessness,354
homelinesses,0
homeopathies,0
homesickness,1
homesteaders,2
homesteading,1
homogenizing,1
honeycombing,0
honeylocusts,0
honeymooners,0
honeymooning,0
honeysuckles,0
hooliganisms,0
hootenannies,0
hopelessness,11
hopscotching,0
horizontally,9
horrendously,4
horribleness,0
horrifically,10
horsemanship,1
horseshoeing,0
horsewhipped,0
horticulture,23
hospitalized,125
hospitalizes,0
housebreaker,0
housecleaned,0
householders,6
househusband,1
housekeepers,1
housekeeping,19
housemothers,0
houseparents,0
housewarming,2
hucksterisms,0
humanenesses,0
humanitarian,670
humanization,2
humblenesses,0
humiliations,2
hummingbirds,11
humorousness,0
hungrinesses,0
hydrocarbons,18
hydrocephali,0
hydrocephaly,0
hydrodynamic,2
hydrogenated,1
hydrogenates,0
hydrologists,1
hydrometries,0
hydrophobias,0
hydroplaning,2
hydrospheres,0
hydrotherapy,11
hygienically,3
hyperlinking,0
hypertension,40
hypertensive,3
hyperthyroid,0
hyphenations,0
hypnotherapy,3
hypnotically,2
hypochondria,2
hypocritical,34
hypoglycemia,0
hypoglycemic,0
hypothalamus,4
hypothermias,0
hypothesized,6
hypothesizes,0
hypothetical,58
hypothyroids,0
hysterectomy,10
hysterically,5
iconoclastic,2
idealization,1
identifiable,29
idiosyncrasy,0
idolatresses,0
idolizations,0
illegalities,7
illegibility,0
illegitimacy,0
illegitimate,31
illiberality,0
illiteracies,0
illiterately,0
illogicality,0
illuminating,34
illumination,15
illusionists,1
illustrating,34
illustration,90
illustrative,14
illustrators,8
imaginations,23
imbecilities,0
imbrications,0
immaculately,9
immaterially,0
immaturities,0
immeasurable,22
immeasurably,6
immemorially,0
immigrations,0
immobilities,0
immobilizing,0
immoderately,0
immoralities,0
immortalized,3
immortalizes,2
immovability,0
immunization,14
immunologies,0
immunologist,1
immutability,0
impartiality,29
impeachments,3
impenetrable,9
impenetrably,0
impenitences,0
impenitently,0
imperatively,1
imperceptive,0
imperfection,6
imperialisms,0
imperialists,5
imperilments,0
imperishable,0
imperishably,0
impermanence,2
impersonally,1
impersonated,3
impersonates,2
impersonator,9
impertinence,0
imperviously,0
impingements,0
impishnesses,0
implantation,6
implementing,316
implications,408
implicitness,0
impoliteness,1
imponderable,0
importations,1
impoverished,39
impoverishes,2
imprecations,1
imprecisions,0
impregnating,4
impregnation,0
impressively,42
imprisonment,207
improvements,630
improvidence,0
inaccessible,57
inaccessibly,0
inaccuracies,31
inaccurately,8
inactivating,0
inactivation,0
inactivities,0
inadequacies,6
inadequately,8
inadmissible,7
inadvertence,0
inapplicable,2
inarticulate,2
inattentions,0
inaudibility,0
inaugurating,14
inauguration,149
inauspicious,5
incalculable,4
incalculably,0
incandescent,4
incantations,2
incapability,0
incapacitate,2
incapacities,0
incarcerated,104
incarcerates,0
incarnadined,0
incarnadines,0
incarnations,10
incendiaries,0
incertitudes,0
incestuously,0
incidentally,11
incinerating,3
incineration,4
incinerators,6
incisiveness,1
incivilities,0
inclemencies,0
inclinations,8
incoherences,0
incoherently,3
incommodious,0
incomparable,10
incomparably,0
incompatible,20
incompatibly,0
incompetence,51
incompetency,3
incompetents,0
incompletely,0
inconclusive,12
inconsistent,101
inconsolable,2
inconsolably,2
inconstantly,0
incontinence,9
inconvenient,42
incorporated,157
incorporates,62
incorrigible,2
incorrigibly,0
increasingly,1013
incriminated,1
incriminates,0
incrustation,0
inculcations,0
incumbencies,0
indebtedness,2
indecisively,0
indecorously,0
indefeasible,0
indefeasibly,0
indefensible,14
indefensibly,0
indefinitely,87
indelicacies,0
indelicately,1
indemnifying,0
indentations,2
independence,500
independents,96
indicatively,0
indifference,24
indigestible,1
indigestions,0
indignations,1
indirections,0
indirectness,0
indiscreetly,0
indiscretion,2
indisputable,10
indisputably,4
indissoluble,2
indissolubly,0
indistinctly,0
individually,109
individuated,0
individuates,0
indoctrinate,6
industrially,0
inebriations,0
ineffability,0
inefficacies,1
inefficiency,14
inequalities,60
ineradicable,0
inessentials,0
inexpedience,0
inexpediency,0
inexperience,12
inexplicable,22
inexplicably,22
inexpressive,0
inextricable,2
inextricably,22
infanticides,0
infatuations,1
infectiously,2
infelicities,1
infelicitous,2
infestations,22
infidelities,6
infiltrating,6
infiltration,26
infiltrators,3
inflammation,146
inflammatory,60
inflationary,91
inflectional,0
inflorescent,0
infomercials,1
informations,0
infotainment,33
infrequences,0
infrequently,8
infringement,42
ingloriously,0
ingratiating,1
ingratiation,0
ingratitudes,0
inharmonious,0
inheritances,5
inhospitable,9
inhospitably,0
inhumanities,0
iniquitously,0
initializing,0
innatenesses,0
innervations,0
innumeracies,0
inoculations,1
inordinately,0
inquisitions,1
insalubrious,0
inscriptions,9
insecticidal,1
insecticides,10
insectivores,1
insecurities,37
inseminating,0
insemination,3
insentiences,0
inseparables,0
insinuations,12
insipidities,0
insobrieties,0
insolubility,0
insolvencies,9
insouciances,0
inspectorate,7
inspirations,29
installation,390
installments,42
instantiated,0
instantiates,0
instigations,0
instillation,0
institutions,944
instructions,293
instrumental,208
instrumented,1
insufferable,7
insufferably,0
insufficient,166
insularities,0
insurgencies,3
insurrection,58
integrations,15
intellectual,171
intelligence,1223
intelligible,0
intelligibly,0
intemperance,0
intensifiers,1
intensifying,57
intentnesses,0
interactions,278
intercepting,15
interception,126
interceptors,5
intercession,5
intercessors,0
intercessory,0
interchanged,0
interchanges,6
interconnect,6
intercourses,0
interdicting,2
interdiction,5
interference,213
interjecting,1
interjection,1
interlarding,0
interleaving,0
interleukins,0
interlinings,0
interlinking,1
interlocking,7
interlocutor,1
intermarried,0
intermarries,0
intermediary,19
intermediate,49
interminable,3
interminably,0
intermingled,1
intermingles,0
intermission,34
intermittent,39
internalized,3
internalizes,0
interpolated,0
interpolates,1
interpreters,18
interpreting,26
interpretive,5
interregnums,0
interrelated,6
interrelates,0
interrogated,28
interrogates,2
interrogator,1
interrupters,1
interrupting,31
interruption,46
intersecting,9
intersection,270
intersession,0
interspersed,26
intersperses,1
interstellar,12
interstitial,3
intertwining,3
intervention,400
interviewees,9
interviewers,9
interviewing,80
intervocalic,0
interweaving,4
intimidating,93
intimidation,135
intolerances,5
intolerantly,0
intoxicating,23
intoxication,28
intransigent,2
intransitive,0
intrauterine,1
intriguingly,4
introduction,379
introductory,42
introspected,0
introversion,2
invalidating,6
invalidation,2
invalidities,0
inventorying,0
invertebrate,4
investigated,344
investigates,45
investigator,102
investitures,0
inveteracies,0
invigorating,14
invigoration,1
invisibility,5
invitational,8
involvements,8
invulnerable,3
invulnerably,0
irascibility,0
iridescences,0
iridescently,0
irradiations,0
irrationally,4
irredeemable,5
irredeemably,2
irregardless,1
irregularity,4
irrelevances,0
irrelevantly,0
irremediable,2
irremediably,0
irresistible,33
irresistibly,4
irresolutely,0
irresolution,0
irrespective,64
irreverences,0
irreverently,0
irreversible,41
irreversibly,8
irritability,7
irritatingly,0
isolationism,6
isolationist,13
itemizations,0
jaggednesses,0
jailbreaking,2
jauntinesses,0
jeopardizing,18
jitterbugged,0
jitterbugger,0
jocosenesses,0
jocularities,0
journalistic,39
joyfulnesses,0
joyousnesses,0
judgmentally,1
judicatories,0
jurisdiction,186
kaffeeklatch,0
kaleidoscope,9
keyboardists,0
kindergarten,80
kindlinesses,0
kitchenettes,1
kitchenwares,0
kleptomaniac,0
kleptomanias,0
klutzinesses,0
knightliness,0
knuckleheads,1
laboratories,36
labyrinthine,3
lallygagging,0
lamentations,2
lamplighters,0
landholdings,2
languorously,0
largehearted,0
laryngitides,0
lasciviously,0
latticeworks,0
launderettes,0
laundrywoman,0
laundrywomen,0
laureateship,0
lavishnesses,0
lawbreakings,0
lawfulnesses,0
leapfrogging,3
leaseholders,11
leatherettes,0
leathernecks,0
lectureships,0
legalization,44
legerdemains,0
legibilities,0
legionnaires,2
legislations,6
legislatures,34
legitimacies,0
legitimately,34
legitimating,0
legitimatize,0
legitimizing,5
leisurewears,0
leopardesses,0
lexicography,0
liberalities,0
liberalizing,1
libertarians,10
licentiously,0
lifelessness,0
lighthearted,35
lightweights,1
likabilities,0
likelinesses,0
limbernesses,0
limpidnesses,0
lionizations,0
liposuctions,0
liquefaction,2
liquidations,7
listlessness,0
literariness,0
lithographed,0
lithographer,0
lithographic,0
lithospheres,0
litterateurs,0
littlenesses,0
liturgically,1
livabilities,0
livelinesses,0
loansharking,0
lobotomizing,0
localization,10
loganberries,0
logicalities,0
logistically,10
lollygagging,0
lonelinesses,0
lonesomeness,0
longitudinal,3
longshoreman,0
longshoremen,5
longstanding,119
lopsidedness,0
lordlinesses,0
loudspeakers,11
lovechildren,0
lovelinesses,0
lubrications,0
lucubrations,0
lugubriously,0
lukewarmness,0
luminescence,1
luminosities,0
luncheonette,0
lusciousness,0
luxuriations,0
macadamizing,0
machinations,14
mackintoshes,0
macrobiotics,0
mademoiselle,0
magistracies,0
magnetically,4
magnetizable,0
magnetometer,2
magnificence,5
magniloquent,0
maidservants,0
mainstreamed,5
maintainable,2
maintenances,0
majestically,4
malapropisms,0
maledictions,0
malefactions,0
maleficences,0
malevolences,0
malevolently,1
malfeasances,0
malformation,2
malfunctions,17
malignancies,1
malleability,1
malnourished,14
malnutrition,59
malocclusion,0
malpractices,8
maltreatment,8
maneuverable,3
manipulating,38
manipulation,115
manipulative,29
manipulators,5
manslaughter,149
mantelpieces,1
manufactured,154
manufacturer,209
manufactures,63
manumissions,0
marginalized,88
marginalizes,2
marketplaces,33
marksmanship,2
marlinespike,0
marlinspikes,0
marquisettes,0
marriageable,0
marshmallows,17
marvellously,2
masqueraders,2
masquerading,13
mastectomies,1
masterminded,17
masterpieces,32
masterstroke,4
mastications,0
masturbating,6
masturbation,6
masturbatory,0
matchmakings,0
materialised,20
materialises,3
materialisms,0
materialists,0
materialized,17
materializes,1
mathematical,26
matriarchies,0
matriculated,6
matriculates,0
maximization,2
meagernesses,0
mealymouthed,0
meaningfully,59
measurements,66
meatpackings,0
mechanically,6
medievalists,0
mediocrities,0
meditatively,0
meetinghouse,1
megachurches,3
megalomaniac,3
megalomanias,0
melancholias,0
melancholies,0
meliorations,0
mellownesses,0
melodramatic,14
memorability,0
memorialized,5
memorializes,3
memorization,6
mendaciously,0
mendeleviums,0
mendicancies,0
meningitides,0
menstruating,3
menstruation,9
mensurations,0
mercantilism,0
merchandised,0
merchandiser,1
merchandises,1
merchandized,0
merchandizes,0
merchantable,0
meretricious,0
merrymakings,0
messeigneurs,0
metabolizing,3
metalanguage,0
metallurgies,0
metallurgist,0
metalworkers,0
metalworking,3
metamorphism,0
metamorphose,1
metaphorical,21
metaphysical,8
metastasized,1
metastasizes,1
meteorically,0
meteorologic,0
methodically,18
meticulously,84
metrications,0
metropolises,3
metropolitan,68
microbiology,5
microbrewery,2
microcircuit,0
microfilming,0
microgrooves,0
micromanaged,2
micromanages,0
microscopies,0
microseconds,2
microsurgery,0
microwavable,1
middleweight,21
mightinesses,0
militaristic,4
militarizing,2
millionaires,30
millionnaire,0
milliseconds,10
milquetoasts,0
mimeographed,0
mindlessness,0
mineralogies,0
mineralogist,0
minesweepers,0
miniaturists,1
miniaturized,4
miniaturizes,0
minicomputer,1
minimization,1
ministration,0
minnesingers,0
minstrelsies,0
minutenesses,0
miraculously,33
mirthfulness,0
misaddressed,0
misaddresses,0
misadventure,5
misalignment,11
misalliances,0
misanthropes,0
misanthropic,1
misapprehend,0
misbehaviors,2
miscalculate,0
miscarriages,25
miscellanies,0
misconceived,2
misconceives,0
misconducted,0
misconstrued,12
misconstrues,2
misdemeanors,17
misdemeanour,2
misdiagnosed,11
misdiagnoses,2
misdiagnosis,1
misdirecting,1
misdirection,2
misfeasances,0
misgoverning,0
misguidances,0
misinforming,0
misinterpret,2
misjudgments,2
mislabelling,1
misleadingly,4
misogynistic,39
misplacement,3
mispronounce,1
misquotation,0
misreporting,4
misrepresent,10
missionaries,27
misspellings,5
misstatement,1
mistreatment,44
mnemonically,0
mobilization,39
mockingbirds,0
moderateness,0
modernnesses,0
modification,37
modishnesses,0
moisturizers,0
moisturizing,7
molecularity,0
molestations,0
mollycoddled,0
mollycoddles,0
monarchistic,0
monastically,0
monasticisms,0
moneygrubber,0
moneylenders,1
moneymakings,0
monkeyshines,0
monogamously,0
monogramming,1
monolinguals,0
monologuists,0
monomaniacal,1
monopolistic,9
monopolizers,0
monopolizing,4
monosyllabic,0
monosyllable,0
monotheistic,0
monotonously,1
monumentally,3
moonlighters,0
moonlighting,1
moralization,0
morbidnesses,0
morosenesses,0
morphologies,2
mortarboards,0
motherboards,10
motherfucker,3
motherliness,0
motionlessly,0
motivational,34
motorboating,0
motorcycling,2
motorcyclist,66
motorization,0
mountaineers,3
mountainside,8
mountaintops,2
mournfulness,0
mousetrapped,0
mouthinesses,0
mucilaginous,1
muddleheaded,0
mudslingings,0
muleskinners,0
mulishnesses,0
mulligatawny,0
multicolored,9
multifaceted,83
multifarious,2
multilateral,43
multilingual,13
multiplexers,0
multiplexing,0
multiplexors,0
multiplicand,0
multiplicity,5
multipurpose,24
multitasking,18
multivitamin,2
mumbletypegs,0
municipality,143
munificences,0
munificently,0
musculatures,0
musicalities,0
musicianship,12
musicologies,0
musicologist,1
muskellunges,0
mutabilities,0
mysteriously,33
mythological,25
mythologists,0
mythologized,0
mythologizes,0
namedropping,0
naphthalenes,0
narcissistic,19
narcolepsies,0
narrownesses,0
nasalization,0
nationalisms,0
nationalists,41
nationalized,0
nationalizes,0
naturalistic,7
naturalizing,0
nauseatingly,0
nauseousness,0
navigability,0
navigational,15
neanderthals,0
nebulousness,0
necessitated,22
necessitates,25
neckerchiefs,1
necromancers,0
necromancies,0
necropolises,0
needlepoints,0
needlessness,0
negativeness,0
negativities,0
neglectfully,0
negotiations,628
neighborhood,579
neighbouring,234
neoclassical,1
netherworlds,0
neurasthenia,0
neurasthenic,0
neurological,70
neurologists,3
neurosurgeon,16
neurosurgery,4
neurotically,0
neutralities,0
neutralizers,0
neutralizing,5
nevertheless,73
newspaperman,0
newspapermen,0
newsweeklies,0
nickelodeons,0
nightclothes,0
nightclubbed,0
nightdresses,0
nightingales,4
nimblenesses,0
nomenclature,6
nonabsorbent,0
nonaddictive,0
nonagenarian,2
nonalcoholic,9
nonalignment,0
nonbelievers,0
nonbreakable,0
noncancerous,4
nonchalances,0
nonchalantly,1
nonclericals,0
noncombatant,0
noncommittal,5
noncompeting,0
noncomplying,0
nonconductor,0
noncorroding,0
noncorrosive,0
noncriminals,0
noncustodial,0
noneffective,0
nonessential,5
nonexclusive,1
nonexistence,2
nonexplosive,0
nonfattening,0
nonfictional,0
nonflammable,0
nonflowering,0
nonhazardous,1
nonidentical,0
noninclusive,0
noninflected,0
nonmalignant,0
nonmigratory,0
nonnarcotics,0
nonnumerical,0
nonobjective,0
nonobservant,0
nonoperative,0
nonparallels,0
nonpartisans,0
nonpoisonous,0
nonpolitical,4
nonpolluting,0
nonrecurring,1
nonreligious,3
nonrenewable,0
nonresidents,4
nonresiduals,0
nonresistant,0
nonscheduled,0
nonsectarian,2
nonsensitive,0
nonspiritual,0
nonstrategic,1
nontechnical,0
nonviolences,0
nonviolently,0
northeastern,100
northeasters,0
northernmost,15
northwestern,65
northwesters,0
notabilities,0
notarization,4
noteworthier,0
notification,162
nourishments,2
novelization,0
numerologies,0
numerologist,0
numismatists,2
nutritionist,31
nutritiously,0
nymphomaniac,0
nymphomanias,0
oafishnesses,0
obdurateness,0
obfuscations,0
objectifying,3
objurgations,0
obligatorily,0
obliterating,6
obliteration,5
obscurantism,0
obscurantist,0
obsequiously,1
observations,123
obsolescence,7
obstetrician,4
obstreperous,1
obstructions,8
obtusenesses,0
occasionally,243
occupational,38
oceanography,1
oceanologies,0
octogenarian,13
odiousnesses,0
officeholder,1
officialdoms,0
officialisms,0
oleomargarin,0
oligarchical,1
omnipotences,0
omnipresence,2
omnisciences,0
omnivorously,0
onomatopoeia,1
onomatopoeic,0
opalescences,0
opaquenesses,0
operatically,0
opportunisms,0
opportunists,11
oppressively,1
optimization,33
optometrists,1
oratorically,0
orchestrated,87
orchestrates,6
ordinariness,1
organization,1332
orientations,8
originations,2
ornatenesses,0
ornerinesses,0
orotundities,0
orthodontias,0
orthodontics,2
orthodontist,1
orthographic,0
orthopaedics,4
orthopaedist,0
orthopedists,0
oscillations,5
oscilloscope,0
ossification,0
ostentations,0
ostentatious,7
osteopathies,0
osteoporoses,0
osteoporosis,17
otherworldly,29
outbalancing,0
outbuildings,14
outcroppings,0
outdistanced,0
outdistances,0
outlandishly,2
outmaneuvers,0
outmanoeuvre,2
outnumbering,5
outperformed,33
outplacement,0
outproducing,0
outrageously,10
outsourcings,0
outspreading,0
outstretched,21
outstretches,1
outstripping,5
overabundant,2
overachieved,3
overachiever,0
overachieves,0
overbalanced,0
overbalances,0
overbuilding,0
overburdened,7
overcapacity,6
overcautious,0
overcharging,9
overclouding,0
overcritical,0
overcrowding,63
overdecorate,0
overdevelops,0
overdressing,0
overemphases,0
overemphasis,1
overestimate,12
overexciting,0
overexercise,0
overexerting,0
overexertion,0
overexposing,0
overexposure,2
overextended,2
overgenerous,0
overindulged,1
overindulges,0
overmastered,0
overoptimism,0
overpopulate,0
overpowering,18
overpraising,0
overprinting,0
overproduced,2
overproduces,1
overprotects,0
overreaching,8
overreacting,10
overreaction,10
overshadowed,70
overshooting,2
oversimplify,1
oversleeping,0
overspending,21
overspilling,0
overstepping,4
overstocking,0
oversupplied,1
oversupplies,0
overthinking,6
overthrowing,6
overwhelming,375
overwintered,0
oxidizations,0
oxyacetylene,0
oxygenations,0
pachysandras,0
pacification,1
packinghouse,0
painlessness,0
painstakings,0
paintbrushes,6
palatalizing,0
paleographer,0
paleontology,5
pallidnesses,0
palpitations,15
paltrinesses,0
pamphleteers,1
panchromatic,0
pandemoniums,0
pantomimists,0
paperhangers,1
paperhanging,0
paperweights,1
parachutists,0
paradigmatic,2
paradisaical,0
paraglidings,0
paragraphing,0
parallelisms,0
parallelling,0
paralyzingly,1
paramedicals,0
paramilitary,49
paraphrasing,4
parasailings,0
parathyroids,0
paratroopers,11
paratyphoids,0
parenthesize,0
parishioners,32
parochialism,1
parsimonious,1
partialities,0
participants,851
participated,353
participates,44
participator,0
particularly,2824
particulates,2
partisanship,20
partitioning,1
partnerships,379
parturitions,0
passionately,51
pasteurizers,0
pasteurizing,0
pasturelands,0
patchinesses,0
paternalisms,0
paternosters,0
pathetically,1
pathological,9
pathologists,2
patriarchate,0
patriarchies,0
pawnbrokings,0
peacefulness,4
peacekeepers,39
peacekeeping,46
peacemakings,0
peccadilloes,0
pedantically,1
pediatrician,15
pejoratively,1
penalization,1
penetrations,1
penitentiary,12
pennyweights,1
pentathletes,1
penultimates,0
peradventure,0
perambulated,0
perambulates,1
perambulator,0
perceptional,0
perceptively,1
perceptually,0
percipiences,0
percolations,0
peregrinated,0
peregrinates,0
peremptorily,0
perestroikas,0
perfidiously,0
perforations,1
performances,1010
pericardiums,0
periodically,45
periodontics,0
periodontist,0
peripatetics,0
peripherally,1
periphrastic,0
permanencies,0
permeability,2
permissively,0
permutations,5
perniciously,0
perpetrating,16
perpetration,1
perpetrators,149
perpetuating,33
perpetuation,5
perpetuities,0
perplexities,0
persecutions,5
perseverance,78
persistences,0
persistently,35
personalized,165
personalizes,3
personalties,0
personifying,0
perspectives,202
perspicacity,1
perspiration,1
persuasively,0
pertinacious,0
perturbation,1
perverseness,0
perversities,0
pestilential,0
petrifaction,0
petrodollars,0
petrologists,0
pettifoggers,0
pettifoggery,1
pettifogging,0
pharmaceutic,0
pharmacology,0
pharmacopeia,0
phenomenally,8
philanderers,1
philandering,3
philanthropy,41
philatelists,1
philharmonic,1
philistinism,0
philodendron,1
philological,0
philologists,0
philosophers,14
philosophies,14
philosophize,1
phonemically,0
phonetically,2
phoneticians,0
phonographic,0
phonological,0
phonologists,0
phosphoruses,0
photocopiers,1
photocopying,0
photoengrave,0
photographed,117
photographer,213
photographic,36
photostating,0
photostatted,0
phrenologies,0
phrenologist,0
phylacteries,0
physiography,0
physiologies,0
physiologist,2
pickabacking,0
pieceworkers,0
pigeonholing,1
piggybacking,1
pigmentation,5
pitchblendes,0
pitchforking,0
pitilessness,0
placeholders,4
placekickers,0
placekicking,0
plagiarizers,0
plagiarizing,3
plainclothes,9
planetariums,1
plasterboard,3
plasticities,0
plasticizing,0
plausibility,6
pleasantness,0
pleasantries,11
plexiglasses,0
pliabilities,0
pluckinesses,0
plutocracies,0
pocketknives,0
pointillisms,0
pointillists,0
polarization,43
policyholder,5
politenesses,0
politicizing,6
politickings,0
pollinations,0
poltergeists,1
polyethylene,3
polygraphing,0
polymerizing,0
polystyrenes,0
polysyllabic,0
polysyllable,0
polytechnics,3
polytheistic,0
polyurethane,7
pomegranates,4
pontifically,0
pontificated,0
pontificates,1
popularities,0
popularizing,4
populousness,0
pornographer,1
pornographic,30
porousnesses,0
portcullises,0
portentously,2
porterhouses,0
portlinesses,0
portmanteaus,0
portmanteaux,0
portraitists,0
portraitures,0
positiveness,0
possessively,0
postdoctoral,17
postgraduate,26
posthumously,20
posthypnotic,0
postmeridian,0
postmistress,2
postponement,29
postprandial,1
postulations,0
potabilities,0
potentiality,2
practicality,34
practitioner,52
praiseworthy,3
praseodymium,4
prearranging,0
precanceling,0
precancelled,0
precancerous,2
precariously,10
preciosities,0
preciousness,1
precipitants,0
precipitated,15
precipitates,0
precociously,0
precognition,0
precognitive,0
preconceived,20
preconceives,0
precondition,10
predeceasing,0
predecessors,69
predesignate,0
predestining,0
predetermine,1
predicaments,6
predications,0
predigesting,0
predilection,4
predisposing,0
predominance,3
predominated,0
predominates,0
preeminences,0
preeminently,0
preexistence,0
prefabricate,0
preferential,30
prehistories,0
prejudgments,0
premeditated,22
premeditates,0
premenstrual,0
premierships,5
premonitions,2
preoccupying,0
preoperative,1
preordaining,0
prepackaging,0
preparations,188
preparedness,93
preponderant,0
preponderate,0
prepositions,1
prepossessed,0
prepossesses,0
preposterous,16
prepubescent,3
prerecording,0
preregisters,0
prerequisite,20
prerogatives,2
presbyteries,0
preschoolers,5
prescription,192
prescriptive,11
presentation,409
presentiment,0
presentments,0
preservation,171
preservative,6
preshrinking,0
presidencies,4
presidential,1834
pressurizers,0
pressurizing,1
presumptions,1
presumptuous,4
presupposing,0
prettinesses,0
prevaricated,1
prevaricates,1
prevaricator,0
preventative,69
priestliness,0
priggishness,0
primogenitor,0
primordially,0
princeliness,0
principality,3
prioritizing,120
prissinesses,0
prizefighter,0
prizewinners,1
prizewinning,2
probationary,11
probationers,1
processional,4
processioned,0
proclamation,47
proclivities,5
procreations,0
procurements,6
prodigiously,2
productively,10
productivity,331
profanations,0
professional,1690
professorial,3
proficiently,4
profiteering,12
profiteroles,0
profligacies,0
profligately,0
profoundness,0
profundities,0
progesterone,11
programmable,9
programmatic,12
programmings,0
progressions,7
progressives,42
prohibitions,9
proletarians,0
proletariats,0
proliferated,20
proliferates,1
prolifically,3
prolongation,2
promontories,0
promptitudes,0
promptnesses,0
promulgating,0
promulgation,0
promulgators,0
proofreaders,0
proofreading,5
propagandist,5
propagandize,0
propagations,0
propensities,1
prophetesses,0
prophylactic,2
propitiating,0
propitiation,0
propitiatory,0
propitiously,0
proportional,25
proportioned,3
propositions,12
proprietress,0
prorogations,0
proscription,4
prosecutions,61
proselytisms,0
proselytized,0
proselytizer,0
proselytizes,0
prospectuses,1
prosperities,0
prosperously,0
prostituting,0
prostitution,53
prostrations,0
protactinium,0
protagonists,40
protectively,2
protectorate,4
protestation,0
protoplasmic,0
prototypical,3
protractions,0
protuberance,0
proveniences,0
proverbially,3
providential,4
provincially,9
provisioning,10
provocations,27
prudentially,0
pseudonymous,7
psychedelics,16
psychiatries,0
psychiatrist,48
psychoactive,14
psychobabble,0
psychodramas,0
psychologies,0
psychologist,92
psychopathic,8
psychotropic,9
pterodactyls,1
publications,94
pugnaciously,1
pulchritudes,0
pumpernickel,0
punctuations,0
purification,12
purposefully,38
pussyfooting,0
putrefaction,0
putrefactive,0
putrescences,0
pyrotechnics,12
quadrangular,1
quadraphonic,1
quadrenniums,0
quadricepses,0
quadrillions,0
quadriplegia,1
quadriplegic,1
quaintnesses,0
quantifiable,6
quantitative,25
quarantining,0
quarterbacks,158
quarterdecks,0
quarterfinal,71
quarterstaff,0
queasinesses,0
questionable,138
questionably,1
questionings,0
quicksilvers,0
quintessence,2
quirkinesses,0
quixotically,0
racketeering,44
racquetballs,0
radicalizing,4
radiocarbons,0
radiographer,1
radioisotope,0
radiologists,4
radiometries,0
radioscopies,0
radiotherapy,39
raggednesses,0
railroadings,0
rakishnesses,0
rambunctious,7
ramification,1
rancidnesses,0
randomnesses,0
rapscallions,0
rarefactions,0
ratatouilles,0
rathskellers,0
ratification,29
ratiocinated,0
ratiocinates,0
rationalisms,0
rationalists,0
rationalized,4
rationalizes,0
rattlebrains,0
rattlesnakes,3
razzmatazzes,0
reacquainted,2
reactivating,6
reactivation,3
readdressing,0
readjustment,4
readmissions,1
realignments,3
realizations,13
reallocating,7
reallocation,5
realpolitiks,0
reanimations,0
reappearance,5
reappointing,4
reapportions,0
reappraisals,1
reappraising,0
reassemblies,0
reassembling,0
reassertions,0
reassessment,22
reassignment,12
reassurances,10
reassuringly,3
reattachment,0
reattempting,0
reauthorized,1
reauthorizes,0
rebelliously,0
rebroadcasts,0
recalcitrant,10
recalculated,1
recalculates,0
recantations,0
recapitalize,0
recapitulate,0
receivership,13
recentnesses,0
receptionist,27
recessionals,0
recessionary,4
rechargeable,18
rechartering,0
rechristened,2
reciprocally,1
reciprocated,12
reciprocates,1
recirculated,2
recirculates,0
recklessness,10
reclamations,2
reclassified,10
reclassifies,1
recognitions,5
recognizable,66
recognizably,1
recognizance,5
recollecting,2
recollection,39
recolonizing,0
recommencing,0
recommending,77
recommission,0
recommitting,4
recompensing,0
reconcilable,0
reconditions,0
reconfirming,0
reconnecting,15
reconnoiters,0
reconnoitred,0
reconnoitres,0
reconquering,0
reconsecrate,0
reconsidered,12
reconsigning,0
reconstitute,3
reconstructs,1
recontacting,0
reconverting,0
recreational,189
recriminated,0
recriminates,0
recrudescent,0
recrudescing,0
recruitments,8
recuperating,6
recuperation,6
recuperative,0
redecorating,3
redecoration,0
rededicating,1
redefinition,7
redelivering,1
redeployment,8
redepositing,0
redetermined,0
redetermines,0
redeveloping,9
rediscovered,20
redissolving,0
redistribute,10
redistricted,1
redundancies,34
reduplicated,0
reduplicates,0
reeducations,0
reemergences,0
reemphasized,0
reemphasizes,0
reemployment,0
reenactments,2
reenlistment,0
reevaluating,2
reevaluation,4
reexplaining,0
refashioning,1
reflectively,0
reformations,0
reformulated,2
reformulates,0
refortifying,0
refractories,0
refreshingly,14
refreshments,88
refrigerants,4
refrigerated,13
refrigerates,0
refrigerator,63
refurbishing,11
refurnishing,0
regeneracies,0
regenerating,9
regeneration,131
regenerative,44
regionalisms,0
registration,509
regularising,1
regularities,0
regularizing,1
regurgitated,6
regurgitates,0
rehabilitate,34
reimbursable,0
reincarnated,6
reincarnates,1
reinfections,0
reinoculated,0
reinoculates,0
reinsertions,0
reinspecting,0
reintegrated,6
reintegrates,0
reinterprets,3
reintroduced,32
reintroduces,2
reinventions,1
reinvestment,13
reinvigorate,21
reiterations,0
rejuvenating,16
rejuvenation,21
relationship,2608
relativities,0
relentlessly,52
relinquished,23
relinquishes,3
remediations,0
remembrances,5
reminiscence,1
remissnesses,0
remonstrance,0
remonstrants,0
remonstrated,1
remonstrates,0
remorsefully,0
remortgaging,1
remotenesses,0
remunerating,0
remuneration,21
remunerative,3
renaissances,1
rendezvoused,1
rendezvouses,0
renegotiable,0
renegotiated,7
renegotiates,0
renominating,1
renomination,3
renouncement,0
renunciation,4
reoccupation,1
reorganizing,6
repatriating,4
repatriation,26
repercussion,3
repetitively,2
rephotograph,0
replacements,75
replenishing,6
replications,0
repopulating,2
repositories,11
repossessing,1
repossession,5
reprehending,0
reprehension,0
representing,705
repressively,0
reprimanding,2
reproachable,0
reprocessing,4
reproducible,3
reproduction,42
reproductive,191
reprograming,0
reprogrammed,1
republishing,1
repudiations,1
repurchasing,5
reputability,1
requirements,749
requisitions,0
rescheduling,15
resemblances,1
reservations,117
reservedness,0
resettlement,15
resharpening,0
resignations,30
resiliencies,0
resoluteness,0
resoundingly,11
respectfully,43
respectively,712
respirations,0
resplendence,2
responsively,0
restatements,0
restaurateur,9
restitutions,0
restlessness,6
restorations,6
restoratives,0
restrengthen,1
restrictions,708
restructured,21
restructures,3
resubmitting,1
resubscribed,0
resubscribes,0
resurrecting,8
resurrection,37
resuscitated,10
resuscitates,0
resuscitator,0
retaliations,4
retardations,0
reticulation,2
retrenchment,3
retributions,0
retrofitting,17
retrograding,1
retrogressed,0
retrogresses,0
retrorockets,0
retrospected,0
retroviruses,0
reupholsters,0
revaluations,0
revengefully,0
reverberated,20
reverberates,7
revisionisms,0
revisionists,2
revitalizing,15
rhapsodizing,0
rhetorically,9
rhetoricians,0
rhinoceroses,1
rhododendron,5
rhythmically,1
ricochetting,0
ridiculously,45
rightfulness,0
rigorousness,0
risibilities,0
roadblocking,0
robustnesses,0
rockabillies,0
romantically,36
romanticisms,0
romanticists,0
romanticized,4
romanticizes,0
rotogravures,0
rottennesses,0
rotundnesses,0
roughhousing,1
roughnecking,0
rubbernecked,0
rubbernecker,0
ruefulnesses,0
ruggednesses,0
rumormongers,0
rustications,0
rustproofing,0
ruthlessness,8
sacrednesses,0
sacrilegious,8
sadistically,0
safeguarding,175
safekeepings,0
sailboarders,0
sailboarding,0
salesmanship,1
salespersons,2
sallownesses,0
salutatorian,7
sanctimonies,0
sandblasters,0
sandblasting,1
sandpapering,0
sardonically,0
sarsaparilla,0
satisfaction,253
satisfactory,46
satisfyingly,4
savagenesses,0
savorinesses,0
saxophonists,1
scabbinesses,0
scaffoldings,0
scandalizing,0
scandalously,1
scantinesses,0
scapegoating,7
scarcenesses,0
scaremongers,0
scatological,2
scatterbrain,0
schmaltziest,0
scholarships,163
schoolfellow,0
schoolhouses,3
schoolmaster,2
schussboomer,0
scintillated,0
scintillates,0
scorekeepers,0
scoutmasters,0
scratchiness,0
screenwriter,50
screwdrivers,9
screwinesses,0
scrimshawing,0
scriptwriter,4
scrupulosity,1
scrupulously,2
scrutinizing,9
sculptresses,0
scurrilities,0
scurrilously,0
scuttlebutts,0
seamstresses,2
searchlights,3
seaworthiest,0
secessionist,4
secretariats,7
sectarianism,7
sectionalism,0
secularizing,1
sedatenesses,0
seductresses,0
seemlinesses,0
segmentation,11
segregations,0
seismographs,0
seismography,0
seismologies,0
seismologist,3
selectnesses,0
selenography,0
selflessness,17
semantically,0
semanticists,0
semiannually,0
semicircular,0
semidarkness,0
semidetached,0
semifinalist,5
semiofficial,1
semiprecious,0
semitrailers,1
semitropical,0
semiweeklies,0
sempstresses,0
sensibleness,0
sensualities,0
sensuousness,0
separability,0
separateness,1
sepulchering,0
sequentially,4
sequestering,3
sequestrated,0
sequestrates,0
serenenesses,0
servicewoman,0
servicewomen,1
seventeenths,0
severenesses,0
sexagenarian,0
shabbinesses,0
shadowboxing,2
shagginesses,0
shamefacedly,0
shamefulness,0
sharecropped,0
sharecropper,1
shareholders,316
sharpshooter,8
shatterproof,0
sheepherders,0
sheepishness,0
shellackings,0
shiftinesses,0
shipbuilders,3
shipbuilding,23
shipwrecking,0
shirtsleeves,1
shoddinesses,0
shopliftings,0
shortchanged,7
shortchanges,0
shortcomings,73
shortsighted,8
showmanships,0
showstoppers,5
shrewdnesses,0
shrillnesses,0
shuffleboard,1
shuttlecocks,0
sidestepping,4
sidestroking,0
sidetracking,0
sightreading,0
sightseeings,0
significance,407
silhouetting,0
silkscreened,0
silverfishes,0
silversmiths,0
similarities,109
simpleminded,0
simplenesses,0
simplicities,0
simulcasting,2
simultaneity,0
simultaneous,51
sinfulnesses,0
singlenesses,0
sisterliness,0
skateboarded,0
skateboarder,6
skillfulness,0
skimpinesses,0
skinninesses,0
skittishness,0
skullduggery,2
skyrocketing,39
slaphappiest,0
slaughterers,0
slaughtering,9
slaveholders,4
sleazinesses,0
sledgehammer,12
sleepinesses,0
sleepwalkers,0
sleepwalking,8
slenderizing,0
slightnesses,0
slipperiness,1
sloppinesses,0
slothfulness,1
slovenliness,0
sluggishness,2
slushinesses,0
smartwatches,28
smellinesses,0
smokescreens,0
smoothnesses,0
smorgasbords,1
smuttinesses,0
snappinesses,0
snappishness,0
sneakinesses,0
snobbishness,0
snootinesses,0
snottinesses,0
snowboarders,9
snowboarding,11
snowmobiling,10
sociological,5
sociologists,1
solemnifying,0
solemnnesses,0
solicitation,15
solicitously,0
solidarities,0
soliloquized,0
soliloquizes,0
solitariness,0
solubilities,0
sombernesses,0
somersaulted,4
somersetting,0
somnambulism,0
somnambulist,0
songstresses,0
sonorousness,0
soothsayings,0
sophisticate,0
sordidnesses,0
soundproofed,0
southeastern,53
southeasters,0
southernmost,27
southwestern,84
southwesters,0
spaceflights,1
spacewalking,0
spaciousness,1
sparsenesses,0
spearfishing,1
spearheading,35
specialities,5
specializing,58
specifically,730
speciousness,0
spectaculars,0
spectrometer,6
spectroscope,0
spectroscopy,7
speculations,44
speechlessly,0
speedinesses,0
speedometers,0
speleologies,0
speleologist,0
spellbinders,0
spellbinding,8
spellchecked,0
spellchecker,1
spendthrifts,0
spermatozoon,0
spinsterhood,0
spiritualism,2
spiritualist,0
spirituality,51
spitefullest,0
spitefulness,1
spokespeople,10
spokesperson,2416
sponginesses,0
sponsorships,28
spookinesses,0
sporadically,14
sportinesses,0
sportscaster,6
sportswriter,5
spotlessness,0
spotlighting,21
spottinesses,0
spreadsheets,20
sprightliest,0
springboards,4
sprucenesses,0
spuriousness,0
squarenesses,0
squirrelling,1
stagecoaches,2
stagflations,0
staggeringly,6
stakeholders,612
stammeringly,0
standardized,44
standardizes,0
statementing,0
stationeries,1
statistician,10
steadinesses,0
stealthiness,0
steamfitters,1
steamfitting,0
steaminesses,0
steamrollers,0
steamrolling,5
steelinesses,0
steelworkers,4
steeplechase,7
steeplejacks,0
stenographer,0
stenographic,0
stepbrothers,3
stepchildren,11
stepdaughter,19
stereophonic,0
stereoscopes,0
stereoscopic,2
stereotyping,5
stethoscopes,2
stewardesses,0
stewardships,1
stickinesses,0
sticklebacks,0
stigmatizing,6
stimulations,1
stinginesses,0
stipulations,10
stockbreeder,0
stockbrokers,1
stockbroking,1
stockholders,10
stockinesses,0
stockinettes,0
stocktakings,0
stodginesses,0
stolidnesses,0
stomachaches,0
stonewalling,4
storekeepers,0
storminesses,0
storytellers,16
storytelling,264
stouthearted,0
straightaway,18
straightedge,0
straightened,7
straightener,4
straightness,0
straitjacket,1
stranglehold,16
strangulated,1
strangulates,0
stratosphere,19
strawberries,48
streamlining,44
streetlights,15
streetwalker,0
strengthened,143
strengthener,0
streptococci,0
streptomycin,0
strictnesses,0
stringencies,1
stripteasers,0
stripteasing,0
stroboscopes,0
stroboscopic,0
structurally,24
stubbornness,11
studiousness,0
stuffinesses,0
stupefaction,0
stupendously,0
sturdinesses,0
subbasements,0
subcommittee,32
subconscious,15
subcontinent,7
subcontracts,0
subcutaneous,5
subdivisions,17
subjectively,6
subjectivity,3
subjugations,1
subjunctives,0
sublimations,0
submergences,0
submersibles,4
submissively,0
subordinated,1
subordinates,12
subornations,0
subscription,309
subsequently,392
subservience,4
subsidiaries,70
subsistences,0
substantiate,21
substantives,0
substituting,5
substitution,32
substructure,3
subtenancies,0
subterranean,20
subtotalling,0
subtractions,2
suburbanites,2
subversively,0
successfully,682
successively,3
succinctness,0
succulencies,0
suddennesses,0
sufficiently,88
suffixations,0
suffocations,0
suffragettes,1
sugarcoating,1
suggestively,3
suitableness,0
sullennesses,0
sultrinesses,0
summerhouses,0
superannuate,1
supercargoes,0
supercharged,26
supercharger,5
supercharges,0
supercilious,1
superhighway,1
superimposed,5
superimposes,0
superintends,1
superlatives,6
supermarkets,138
supernatural,95
superscribed,0
superscribes,0
superscripts,0
superstition,12
supertankers,2
supervention,0
supervisions,0
supplemental,55
supplemented,8
supplenesses,0
supplicating,0
supplication,1
suppositions,1
suppressants,2
suppressible,0
suppressions,0
suppurations,0
supremacists,14
surfboarding,0
surmountable,0
surprisingly,267
surrealistic,1
surrendering,53
surroundings,141
surveillance,341
survivalists,2
suspiciously,27
suzerainties,0
swallowtails,1
swankinesses,0
swashbuckler,1
switchblades,0
switchboards,1
sycophancies,0
syllabicated,0
syllabicates,0
syllabifying,0
symbolically,11
sympathizers,9
sympathizing,2
synchronized,11
synchronizes,0
syncopations,0
syndications,0
synthesizers,1
synthesizing,1
systematical,0
systematized,0
systematizes,0
systemically,6
tachycardias,0
tactlessness,0
tangentially,2
tangibleness,0
taskmistress,0
tastefulness,0
tautological,0
tawdrinesses,0
taxidermists,0
teaspoonfuls,0
teaspoonsful,0
technicality,10
technocratic,8
technologies,602
technologist,4
teenyboppers,0
teetotalisms,0
teetotallers,0
telecommuted,0
telecommuter,0
telecommutes,0
telegraphers,0
telegraphies,0
telegraphing,4
telegraphist,0
telemarketer,1
teleprinters,1
teleprompter,16
temperaments,0
temperatures,1073
tenabilities,0
tendernesses,0
tendinitises,0
tendonitises,0
tercentenary,0
terminations,9
terrestrials,0
terribleness,0
terrifically,4
terrifyingly,3
territorials,0
tessellating,0
tessellation,0
testamentary,1
testimonials,24
testosterone,58
tetracycline,0
tetrahedrons,0
thalidomides,0
thankfulness,2
thanksgiving,24
theatergoers,4
theatrically,10
thematically,7
theoretician,1
theosophical,0
theosophists,0
therapeutics,19
thermometers,1
thermometric,0
thermostatic,1
thingamabobs,0
thingamajigs,0
thistledowns,0
thorninesses,0
thoroughbred,9
thoroughfare,24
thoroughness,6
thoughtfully,34
thousandfold,0
thunderbolts,1
thunderclaps,0
thundercloud,0
thunderheads,1
thunderously,0
thunderstorm,55
ticklishness,0
ticktacktoes,0
timekeepings,0
timelessness,3
timelinesses,0
timeservings,0
timorousness,0
tirelessness,0
tiresomeness,0
titillations,0
titleholders,4
toastmasters,0
tobacconists,0
tobogganings,0
togetherness,43
tomfooleries,0
tomographies,0
toothbrushes,16
topdressings,0
topicalities,0
topographers,0
topographies,0
torchbearers,4
tormentingly,0
torridnesses,0
tortuousness,0
totalisators,0
totalitarian,20
totalizators,0
touchinesses,0
touchscreens,4
toxicologies,0
toxicologist,2
tractability,0
trademarking,2
tradespeople,14
traffickings,0
tragediennes,0
trailblazers,7
trailblazing,15
traitorously,0
trajectories,13
trampolining,3
tranquilized,0
tranquilizer,3
tranquilizes,0
tranquillest,0
tranquillity,16
tranquillize,0
transactions,412
transceivers,1
transcendent,12
transcending,12
transcribers,0
transcribing,3
transferable,14
transference,3
transferring,106
transfigured,0
transfigures,0
transformers,14
transforming,221
transfusions,12
transgenders,6
transgressed,2
transgresses,0
transgressor,0
transiencies,0
transitional,76
transitioned,80
transitively,0
transitivity,0
translatable,1
translations,18
translucence,0
translucency,0
transmigrate,0
transmission,253
transmittals,1
transmitters,6
transmitting,10
transmogrify,2
transmutable,0
transoceanic,0
transpacific,0
transparency,509
transplanted,10
transponders,0
transporters,8
transporting,92
transsexuals,1
transshipped,0
transversely,0
transvestism,0
transvestite,0
trapshooting,1
trashinesses,0
traumatizing,8
tremendously,43
trenchancies,0
trendinesses,0
trepidations,1
triangularly,0
triangulated,0
triangulates,0
tribulations,21
trickinesses,0
triglyceride,0
trigonometry,2
triplicating,0
triumphantly,9
triumvirates,0
trivialities,0
trivializing,1
trolleybuses,0
tropospheres,0
troublemaker,11
troubleshoot,7
trusteeships,0
trustfulness,0
truthfulness,5
truthinesses,0
tuberculoses,0
tuberculosis,30
tumultuously,2
turbocharged,31
turbocharger,3
turbocharges,0
turtlenecked,0
twelvemonths,0
typesettings,0
typewritings,0
typicalities,0
typification,0
typographers,0
typographies,0
tyrannically,0
tyrannosaurs,1
ubiquitously,1
ultramarines,0
ultraviolets,0
unacceptable,292
unacceptably,5
unaccredited,1
unaccustomed,1
unacquainted,0
unadvertised,0
unaffectedly,0
unaffiliated,32
unanswerable,2
unapologetic,28
unappetizing,2
unassailable,11
unassumingly,0
unattainable,21
unattractive,10
unauthorized,85
unavailingly,0
unbecomingly,0
unbelievable,165
unbelievably,37
unblushingly,0
unbridgeable,1
unchallenged,23
unchangeable,4
unchaperoned,0
uncharitable,3
uncharitably,0
unclassified,5
uncleanliest,0
uncommonness,0
uncompounded,0
unconsidered,1
uncontrolled,21
unconvincing,13
uncritically,1
unctuousness,0
uncultivated,0
undemocratic,29
undependable,0
underachieve,0
underbellies,0
underbidding,0
underbrushes,0
undercharged,0
undercharges,0
underclasses,0
underclothes,0
undercoating,0
undercurrent,9
undercutting,13
underexposed,0
underexposes,0
underfeeding,0
undergarment,0
undergrounds,0
undergrowths,0
underpayment,3
underpinning,23
underplaying,0
underscoring,102
underselling,1
undersigning,0
understaffed,20
understating,3
understudied,2
understudies,2
undertakings,6
undervaluing,3
underweights,0
underwhelmed,9
underwriters,9
underwriting,36
underwritten,6
undeservedly,1
undesirables,0
undetectable,6
undetermined,15
undiminished,7
undiplomatic,2
undischarged,0
undiscovered,9
undocumented,109
unearthliest,0
uneasinesses,0
uneconomical,3
unemployable,2
unemployment,309
unencumbered,5
unevennesses,0
uneventfully,0
unexpectedly,131
unexpurgated,0
unfairnesses,0
unfaithfully,0
unfathomable,20
unfathomably,0
unfertilized,0
unflaggingly,0
unflattering,11
unforgivable,17
unforgivably,0
unformulated,0
unfortunates,0
unfrequented,0
unfriendlier,0
ungainliness,0
ungovernable,2
ungracefully,0
ungraciously,0
ungratefully,1
unharnessing,0
unhealthiest,2
unhesitating,0
unhistorical,1
unholinesses,0
unidentified,129
unifications,0
uniformities,0
unilaterally,41
unimaginable,61
unimpressive,8
uninfluenced,0
uninstalling,0
uninstructed,1
uninterested,12
unionization,20
uniquenesses,0
universality,13
universalize,0
universities,506
unkindnesses,0
unlawfulness,1
unlikelihood,0
unlikeliness,0
unlikenesses,0
unmanageable,10
unmarketable,0
unmercifully,0
unmistakable,22
unmistakably,9
unmoralities,0
unnoticeable,1
unobstructed,8
unobtainable,1
unofficially,16
unparalleled,111
unpardonable,2
unpardonably,0
unperceptive,0
unpersuasive,1
unpleasantly,4
unpopularity,12
unprejudiced,0
unprincipled,1
unproductive,11
unprofitable,18
unprofitably,0
unpropitious,0
unquenchable,3
unquestioned,12
unreasonable,60
unreasonably,4
unrecognized,5
unregenerate,0
unregistered,45
unremarkable,15
unremembered,0
unreservedly,11
unresponsive,69
unrestrained,3
unrestricted,37
unrulinesses,0
unsanctioned,5
unsatisfying,8
unscientific,12
unscrambling,0
unscrupulous,37
unsearchable,0
unseasonable,2
unseasonably,23
unseemliness,0
unsegregated,0
unsightliest,0
unskillfully,0
unsteadiness,0
unstintingly,0
unstructured,13
unsubscribed,0
unsubscribes,0
unsuccessful,142
unsupervised,15
unsurprising,39
unsuspecting,53
unsystematic,0
unthinkingly,3
untidinesses,0
untimeliness,0
untouchables,1
untrammelled,1
untranslated,1
untruthfully,0
unverifiable,3
unwarinesses,0
unwieldiness,0
unworldliest,0
unworthiness,1
upholsterers,0
upholsteries,1
upholstering,0
uppercutting,0
uproariously,2
urbanization,19
urbanologies,0
urbanologist,0
useabilities,0
usefulnesses,0
utilitarians,0
utilizations,0
vacationists,0
vaccinations,50
vacillations,0
vagabondages,0
vainglorious,0
valedictions,0
vaporization,1
variegations,0
vaudevillian,1
venerability,1
ventilations,0
verification,140
vermiculites,0
veterinarian,46
veterinaries,0
vibraphonist,0
vichyssoises,0
vicissitudes,4
victoriously,3
vigilantisms,0
vigilantists,0
vilification,3
vinaigrettes,0
vindications,0
vindictively,0
violoncellos,0
virtuosities,0
virtuousness,0
viscountcies,0
visibilities,1
vitalization,0
viticultures,0
vitrifaction,0
vituperating,0
vituperation,1
vituperative,1
vivisections,0
vocabularies,0
vocalization,1
vociferating,0
vociferation,0
vociferously,5
volatilities,0
volatilizing,0
volubilities,0
voluminously,0
voluntarisms,0
volunteering,129
volunteerism,12
voluptuaries,0
voluptuously,0
wainscotings,0
wainscotting,0
wallpapering,2
wantonnesses,0
warmongering,4
wastebaskets,0
wastefulness,7
watchfulness,0
watchmakings,0
waterboarded,0
watercourses,8
watercresses,0
waterinesses,0
watermarking,6
waterproofed,0
weathercocks,0
weatherizing,0
weatherproof,1
weatherstrip,0
weightlessly,0
weightlifter,4
welterweight,17
westernizing,1
wheelbarrows,0
wheelwrights,0
wheezinesses,0
wherewithals,0
whiffletrees,0
whimsicality,0
whippletrees,0
whippoorwill,0
whitewashing,4
wholehearted,6
wickednesses,0
wildernesses,0
wilfulnesses,0
windbreakers,0
windsurfings,0
wintergreens,0
wiretappings,0
wisecracking,1
withholdings,1
withstanding,6
wobblinesses,0
woefulnesses,0
woodcarvings,0
woodcuttings,0
woodennesses,0
woodsinesses,0
woodworkings,0
woollinesses,0
workingwoman,0
workingwomen,0
workmanships,0
workstations,8
worthinesses,0
wretchedness,0
wristwatches,4
wrongfulness,0
xerographies,0
xylophonists,0
yellownesses,0
youthfulness,3
zoologically,0
abbreviations,3
abnormalities,16
abolitionisms,0
abolitionists,6
abusivenesses,0
accelerations,3
accentuations,0
acceptability,9
accessibility,196
acclimatizing,0
accommodating,64
accommodation,554
accompaniment,17
accomplishing,17
accordionists,0
accountancies,0
accouterments,0
accoutrements,5
accreditation,54
acculturating,0
acculturation,0
accumulations,22
acetaminophen,3
acknowledging,191
acquaintances,20
acquiescences,0
acquiescently,0
acquisitively,0
acrimoniously,0
acrobatically,1
actualization,1
acupuncturist,1
adjudications,1
administering,43
administrated,0
administrates,0
administrator,136
admissibility,4
admonishments,0
adulterations,0
adventuresome,0
adventuresses,0
adventurously,0
adversenesses,0
advertisement,67
advertizement,0
aesthetically,20
aestheticisms,0
affirmatively,5
afforestation,1
afterthoughts,1
agelessnesses,0
agglomerating,0
agglomeration,1
agglutinating,0
agglutination,0
aggravatingly,0
agreeableness,2
agriculturist,1
aimlessnesses,0
airlessnesses,0
airsicknesses,0
airworthiness,6
alcoholically,0
algebraically,0
allegorically,0
alliterations,0
alphabetizers,0
alphabetizing,0
alternatively,16
amalgamations,0
ambassadorial,4
ambidexterity,0
ambitiousness,0
ameliorations,0
amenabilities,0
amicabilities,0
amniocenteses,0
amniocentesis,1
amorousnesses,0
amorphousness,0
amortizations,1
amphitheaters,1
amphitheatres,0
amplification,5
anachronistic,7
anaerobically,0
anaesthetists,0
anaesthetized,0
anaesthetizes,0
analogousness,0
anathematized,0
anathematizes,0
anchorpersons,0
ancientnesses,0
anesthetizing,0
angioplasties,0
animadversion,0
animadverting,0
annihilations,0
anniversaries,15
announcements,168
annunciations,0
anthologizing,0
antibacterial,12
anticipations,2
anticlimactic,6
anticlockwise,9
anticoagulant,1
anticommunism,0
anticommunist,0
antihistamine,3
antilogarithm,0
antimacassars,0
antimalarials,0
antimicrobial,16
antiparticles,0
antipersonnel,1
antipollution,0
antisemitisms,0
antispasmodic,0
antisubmarine,0
anxiousnesses,0
apathetically,0
applicability,8
apportionment,4
appreciations,1
apprehensions,27
appropriately,116
appropriating,3
appropriation,23
appropriators,2
approximately,3303
approximating,2
approximation,2
appurtenances,2
arbitrariness,1
archaeologies,0
archaeologist,25
archbishopric,2
archduchesses,0
archeological,6
archeologists,1
archipelagoes,0
architectonic,0
architectural,116
architectures,11
arduousnesses,0
argumentation,2
argumentative,10
aristocracies,0
arithmetician,0
articulations,0
artificiality,2
artlessnesses,0
ascertainable,0
ascertainment,0
asphyxiations,0
assassinating,8
assassination,359
assemblywoman,1
assemblywomen,0
assertiveness,8
asseverations,0
assiduousness,0
assimilations,0
astonishingly,13
astonishments,0
astringencies,0
astronautical,0
astrophysical,1
atrociousness,0
attainability,0
attentiveness,1
attitudinized,0
attitudinizes,0
attributively,0
audaciousness,0
augmentations,2
auscultations,0
authentically,24
authenticated,10
authenticates,1
authoritarian,111
authoritative,22
authorization,90
autobiography,29
automatically,329
avoirdupoises,0
awesomenesses,0
awkwardnesses,0
axiomatically,0
baccalaureate,5
bacchanalians,0
bachelorhoods,0
backgrounders,0
backpedalling,1
backslappings,0
backstretches,0
bacteriologic,0
balefulnesses,0
bantamweights,0
barbarianisms,0
bashfulnesses,0
battlegrounds,16
bearishnesses,0
beastlinesses,0
beatification,1
bedazzlements,0
befuddlements,0
belittlements,0
bellicosities,0
belligerences,0
belligerently,1
beneficiaries,210
bewilderingly,0
bewilderments,0
bibliographer,0
bibliographic,0
bicameralisms,0
bicentenaries,0
bicentennials,0
bidirectional,4
bilingualisms,0
biliousnesses,0
billingsgates,0
biochemically,0
biodegradable,14
biophysicists,0
biotechnology,107
bisexualities,0
blabbermouths,0
blamelessness,0
blandishments,0
blasphemously,0
blessednesses,0
blockbustings,0
bloodcurdling,2
bloodlessness,0
bloodlettings,0
bluestockings,0
blunderbusses,0
boardinghouse,0
bodybuildings,0
bombastically,0
bookbinderies,0
boorishnesses,0
bootstrapping,1
bougainvillea,0
bouillabaisse,0
boundlessness,0
bounteousness,0
bountifulness,0
boysenberries,1
brainchildren,0
brainstorming,21
brainwashings,0
breakthroughs,40
breaststrokes,0
breathalyzing,0
brilliantines,0
brinkmanships,0
brinksmanship,0
brittlenesses,0
broadcastings,0
brokenhearted,1
broncobusters,0
brotherliness,1
brusquenesses,0
brutalization,0
brutishnesses,0
bulletproofed,1
bullfightings,0
bullishnesses,0
bumptiousness,0
bureaucracies,10
bureaucratize,0
burglarproofs,0
businesswoman,41
businesswomen,1
butterfingers,0
cabinetmakers,0
cabinetmaking,0
caddishnesses,0
calcification,1
calculatingly,0
calligraphers,1
calligraphies,0
calligraphist,1
callisthenics,0
callousnesses,0
calumniations,0
campanologies,0
campanologist,0
canalizations,0
cancellations,106
cannibalistic,2
cannibalizing,1
canonizations,0
cantilevering,1
capaciousness,1
capillarities,0
capitulations,1
caravansaries,0
caravanserais,0
carbohydrates,26
carboniferous,0
carcinogenics,0
cardiologists,6
carefulnesses,0
caricaturists,1
carnivorously,0
carpetbaggers,0
carpetbagging,1
carsicknesses,0
cartilaginous,1
cartographers,1
cartographies,0
casehardening,0
categorically,48
catheterizing,0
catholicities,0
cauterization,1
ceaselessness,0
centrifugally,0
centripetally,0
ceremoniously,1
certificating,0
certification,212
chairmanships,1
championships,244
chancelleries,0
changeability,0
characterized,130
characterizes,9
characterless,1
charlatanisms,0
charlatanries,0
chastisements,1
checkerboards,0
cheerlessness,0
cheeseburgers,8
cheeseparings,0
chesterfields,0
chieftainship,1
childbearings,0
childlessness,1
childproofing,0
chirographies,0
chiropractics,0
chiropractors,2
chlorinations,0
chloroforming,0
chokecherries,1
choreographed,29
choreographer,30
choreographic,5
chromatically,0
chronological,12
chronologists,0
chrysanthemum,2
churchwardens,1
circularities,0
circularizing,0
circumcisions,0
circumference,9
circumscribed,0
circumscribes,1
circumspectly,0
circumstanced,0
circumstances,887
circumventing,11
circumvention,1
civilisations,1
civilizations,17
clairvoyances,0
clandestinely,7
clarification,86
clarinettists,0
cleanlinesses,0
clearinghouse,3
climatologies,0
climatologist,5
cliometrician,0
clotheshorses,0
coalitionists,0
cockfightings,0
codifications,0
coeducational,0
coelenterates,0
cohabitations,0
collaborating,143
collaboration,1020
collaborative,286
collaborators,46
collateralize,0
collectivisms,0
collectivists,1
collectivized,0
collectivizes,0
colloquialism,0
colonizations,0
colonoscopies,2
colorfastness,0
colorizations,0
colorlessness,0
combativeness,1
commandeering,2
commemorating,57
commemoration,61
commemorative,44
commemorators,0
commencements,4
commendations,3
commensurable,0
commercialism,3
commercialize,8
commiserating,2
commiseration,4
commiserative,0
commissariats,0
commissioners,180
commissioning,63
commonwealths,0
communicating,102
communication,800
communicative,5
communicators,11
compactnesses,0
companionable,0
companionably,0
companionship,44
companionways,0
comparability,3
comparatively,37
compartmental,0
compassionate,126
compatibility,61
compensations,4
competitively,29
complacencies,0
complaisances,0
complaisantly,0
complementary,52
complementing,18
complicatedly,0
complications,219
complimentary,92
complimenting,17
comprehending,8
comprehension,26
comprehensive,775
computational,24
computerizing,0
concatenating,0
concatenation,0
concavenesses,0
conceitedness,0
concentrating,51
concentration,164
conceptualize,4
concertinaing,0
concertmaster,2
concessionary,5
conciliations,0
concisenesses,0
concomitantly,0
concupiscence,0
condemnations,4
condensations,0
condescending,12
condescension,6
conditionally,4
conditionings,0
conductresses,0
confabulating,0
confabulation,0
confectioners,1
confectionery,9
confederacies,0
confederating,0
confederation,7
confessionals,0
configuration,63
confirmations,10
confiscations,0
conflagration,11
conformations,1
confraternity,0
confrontation,194
conglomerated,0
conglomerates,16
congratulated,158
congratulates,18
congregations,15
congressional,249
congresswoman,21
congresswomen,1
conquistadors,4
consanguinity,0
conscientious,18
consciousness,147
conscriptions,0
consecrations,1
consecutively,20
consequential,77
conservancies,0
conservations,1
conservatisms,0
conservatives,169
considerately,0
consideration,443
consistencies,1
consolidating,37
consolidation,89
consolidators,0
conspicuously,13
constellation,37
consternation,12
constipations,0
constitutions,10
constrictions,1
constructions,18
consultancies,5
consultations,133
consummations,0
containerized,4
containerizes,0
contaminating,6
contamination,125
contaminators,0
contemplating,48
contemplation,19
contemplative,9
contentedness,1
contentiously,0
contextualize,4
contingencies,12
continuations,1
contortionist,3
contraception,47
contraceptive,14
contractually,4
contradicting,11
contradiction,37
contradictory,28
contrarieties,0
contravention,19
contributions,749
controversial,649
controversies,77
controverting,0
convalescence,0
convalescents,0
conversations,621
cooperatively,5
coordinations,0
copiousnesses,0
corespondents,0
correctnesses,0
correspondent,151
corresponding,79
corroborating,8
corroboration,8
corroborative,0
corroborators,0
corroboratory,0
corruptnesses,0
cosignatories,0
cosmetologies,0
cosmetologist,0
cosmopolitans,0
councilperson,1
countenancing,0
counteracting,1
counteraction,1
counteractive,0
counterattack,20
counterclaims,2
counterfeited,0
counterfeiter,0
countermanded,0
counteroffers,1
counterpoints,1
counterpoised,0
counterpoises,0
countersigned,1
countertenors,0
countervailed,0
counterweight,9
courteousness,0
courtlinesses,0
craftsmanship,61
credibilities,0
credulousness,0
crenellations,0
criminalities,1
criminologies,0
criminologist,3
crisscrossing,6
crookednesses,0
crossbreeding,0
crosschecking,0
crosscurrents,1
crosshatching,0
crowdfundings,0
crumblinesses,0
crunchinesses,0
cryosurgeries,0
cryptographer,3
crystallizing,0
culpabilities,0
cunnilinguses,0
curiousnesses,0
cursorinesses,0
custodianship,3
customization,51
daguerreotype,1
daredevilries,0
dastardliness,0
dauntlessness,0
deactivations,1
debilitations,0
decaffeinated,3
decaffeinates,0
decapitations,0
deceitfulness,0
decelerations,1
decentralized,54
decentralizes,0
deceptiveness,0
declassifying,1
decommissions,0
decomposition,21
decompressing,0
decompression,7
decongestants,2
decontaminate,0
decontrolling,0
decriminalize,4
deescalations,0
defectiveness,0
defenselessly,0
defensiveness,1
deferentially,0
deforestation,44
degenerations,1
dehumidifiers,3
dehumidifying,0
dehydrogenate,0
deliberations,85
delicatessens,0
deliciousness,7
delimitations,0
delinquencies,5
deliriousness,0
demagnetizing,0
demagogueries,0
demigoddesses,0
demilitarized,5
demilitarizes,0
demimondaines,0
democratizing,5
demodulations,0
demonstrating,197
demonstration,252
demonstrative,6
demonstrators,141
denationalize,0
denominations,18
denouncements,1
denuclearized,0
denuclearizes,0
denunciations,3
deodorization,0
dependability,9
depersonalize,0
depoliticized,0
depoliticizes,0
depopulations,0
depreciations,0
depressurized,1
depressurizes,0
deprogramming,0
deregulations,1
dermatologies,0
dermatologist,27
desalinations,0
descriptively,0
desegregating,1
desegregation,5
desensitizing,1
desirableness,0
desperateness,0
despoliations,0
despondencies,1
destabilizing,25
destructively,2
deteriorating,90
deterioration,74
determination,403
dethronements,0
detrimentally,3
devastatingly,9
developmental,96
deviousnesses,0
dexterousness,0
diagnostician,0
diametrically,7
diaphragmatic,0
dictatorially,0
dictatorships,10
differentials,7
differentiate,47
diffusenesses,0
digestibility,5
dilapidations,0
dilettantisms,0
dillydallying,0
directorships,3
disadvantaged,84
disadvantages,19
disaffections,0
disaffiliated,0
disaffiliates,0
disagreements,71
disappearance,179
disappointing,384
disassembling,2
disassociated,4
disassociates,1
disbursements,14
discipleships,0
discographies,0
discoloration,4
discomfitures,0
discomforting,3
discomposures,0
disconcerting,18
disconnecting,5
disconnection,16
discontenting,0
discontinuing,9
discontinuity,0
discontinuous,0
discourtesies,0
discreditable,2
discreditably,0
discrepancies,55
discretionary,60
discriminated,20
discriminates,8
discriminator,0
disembodiment,0
disemboweling,0
disembowelled,0
disenchanting,1
disencumbered,0
disengagement,9
disentangling,1
disequilibria,0
disfigurement,6
disfranchised,0
disfranchises,0
disgorgements,0
disgracefully,0
disharmonious,0
disheartening,49
dishevelments,0
disillusioned,29
disinfectants,2
disinfections,0
disinflations,0
disinheriting,1
disintegrated,12
disintegrates,0
disinterested,14
disinterments,0
disinvestment,10
dismantlement,0
dismemberment,6
disobediences,0
disobediently,0
disorganizing,0
disorientated,4
disorientates,0
disparagement,3
disparagingly,2
dispassionate,6
dispensations,5
displacements,7
dispossessing,3
dispossession,7
disproportion,0
disqualifying,19
disquisitions,0
disrespectful,64
disrespecting,18
dissatisfying,0
dissemblances,0
disseminating,16
dissemination,20
dissertations,0
dissimilarity,0
dissimilitude,0
dissimulating,0
dissimulation,0
dissimulators,0
dissociations,0
dissoluteness,0
distastefully,1
distillations,0
distinctively,6
distinguished,138
distinguishes,25
distressingly,1
distributions,39
distrustfully,0
diversenesses,0
documentaries,59
documentation,147
dolefulnesses,0
doltishnesses,0
domesticating,2
domestication,5
domesticities,0
domineeringly,0
doubleheaders,1
downheartedly,0
draftsmanship,0
dramatization,0
drunkennesses,0
dubiousnesses,0
dutifulnesses,0
dysfunctional,40
earnestnesses,0
eavesdroppers,0
eavesdropping,11
eccentrically,0
ecclesiastics,0
echolocations,0
editorialized,4
editorializes,0
educabilities,0
educationally,3
effectiveness,228
effervescence,2
efficaciously,0
efflorescence,0
egocentricity,0
egotistically,0
egregiousness,0
elaborateness,0
electioneered,0
electricities,0
electrocuting,0
electrocution,4
electrologist,0
electromagnet,0
electromotive,0
electroplated,0
electroplates,0
electroscopes,0
electroscopic,0
electroshocks,0
elephantiases,0
elephantiasis,0
eligibilities,0
elocutionists,0
elusivenesses,0
emancipations,0
emasculations,0
embarrassment,83
embellishment,8
embezzlements,0
embitterments,0
emblazonments,0
embryologists,1
emotionalisms,0
emotionalized,0
emotionalizes,0
encapsulating,4
encapsulation,4
enchantresses,0
encirclements,0
encouragement,135
encouragingly,1
encroachments,13
encrustations,0
encyclopaedia,2
encyclopaedic,1
encyclopedias,2
endangerments,0
endlessnesses,0
endocrinology,4
energetically,6
enfeeblements,0
enfranchising,0
enigmatically,0
enlightenment,18
enshrinements,0
entanglements,9
entertainings,0
entertainment,842
enthrallments,0
enthronements,0
entomological,0
entomologists,3
entrancements,0
entrenchments,1
entrepreneurs,240
enviousnesses,0
environmental,1106
equalizations,0
equestrianism,1
equestriennes,0
equidistantly,0
equivalencies,1
equivocalness,0
equivocations,0
ergonomically,2
establishment,447
estrangements,0
eternalnesses,0
ethnocentrism,0
evangelically,0
evasivenesses,0
eventualities,6
everlastingly,0
eviscerations,0
evolutionists,0
exacerbations,0
exaggeratedly,1
exaggerations,6
exasperations,0
exceptionable,0
exceptionally,118
exclusiveness,0
exclusivities,0
excommunicate,0
excursionists,0
excursiveness,0
exhibitionism,0
exhibitionist,0
exhilarations,0
existentially,2
expansionisms,0
expansionists,0
expansiveness,1
expatriations,0
expectorating,0
expectoration,0
expeditionary,4
expeditiously,9
expensiveness,0
experimenters,1
experimenting,68
exploitations,3
explosiveness,11
exponentially,51
expostulating,0
expostulation,0
expressionism,1
expressionist,2
expropriating,1
expropriation,5
expropriators,0
exquisiteness,0
extemporizing,0
extensiveness,0
exterminating,2
extermination,12
exterminators,1
externalizing,0
extinguishers,16
extinguishing,12
extortionists,2
extraordinary,475
extrapolating,2
extrapolation,3
extravagances,1
extravagantly,2
extravaganzas,1
extremenesses,0
extrinsically,0
extroversions,0
facetiousness,1
facilitations,0
factionalisms,0
faithlessness,0
fallibilities,1
falsification,11
familiarities,1
familiarizing,5
fantastically,11
fascinatingly,0
fatefulnesses,0
fatuousnesses,0
faultfindings,0
faultlessness,0
fearfulnesses,0
feasibilities,0
featherweight,21
felicitations,4
fenestrations,0
fermentations,1
ferociousness,0
ferromagnetic,0
fertilization,23
festivenesses,0
fibrillations,0
fictionalized,9
fictionalizes,1
filibusterers,0
filibustering,2
finalizations,0
fingerprinted,0
finickinesses,0
firefightings,0
flabbergasted,9
flagellations,0
flamboyancies,0
flameproofing,0
flamethrowers,1
flexibilities,1
flightinesses,0
flirtatiously,1
floodlighting,4
flowerinesses,0
fluorescences,0
fluoridations,0
fluorocarbons,0
foolhardiness,0
foolishnesses,0
foppishnesses,0
foregathering,0
foregrounding,0
foreignnesses,0
foreknowledge,2
foreordaining,0
foreshadowing,11
foreshortened,0
forgetfulness,6
forgivenesses,0
formaldehydes,0
formalization,2
fortification,7
fortuneteller,0
forwardnesses,0
fossilization,0
fountainheads,0
fractiousness,0
fragmentation,23
frankincenses,0
freethinkings,0
fretfulnesses,0
frighteningly,3
frightfulness,0
frivolousness,0
frontispieces,0
frowardnesses,0
fruitlessness,0
frustratingly,21
fulsomenesses,0
functionaries,11
fundamentally,157
furtivenesses,0
futurologists,0
gallimaufries,0
galvanization,1
galvanometers,0
gamesmanships,0
garrulousness,0
gastronomical,3
generalissimo,0
genitourinary,3
genteelnesses,0
genuflections,0
genuinenesses,0
geomagnetisms,0
geometrically,0
geophysicists,1
geostationary,4
gerontologies,0
gerontologist,0
gerrymandered,9
gesticulating,3
gesticulation,1
ghastlinesses,0
ghostlinesses,0
gimcrackeries,0
girlishnesses,0
glamorization,0
glassblowings,0
gleefulnesses,0
globalization,19
globetrotters,1
glockenspiels,0
glorification,8
gobbledegooks,0
gobbledygooks,0
godlessnesses,0
governorships,0
gracelessness,0
gradualnesses,0
grammatically,5
grandchildren,313
granddaughter,89
grandfathered,10
grandfatherly,1
grandiloquent,1
grandiosities,0
grandmotherly,0
grandstanding,8
grantsmanship,0
granularities,0
graphologists,0
gratification,24
gravitational,25
grotesqueness,1
grouchinesses,0
guardianships,1
gubernatorial,56
guesstimating,0
guilelessness,0
gullibilities,0
gutlessnesses,0
gymnastically,0
gynaecologies,0
gynecological,4
gynecologists,2
haemorrhaging,7
haggardnesses,0
hagiographers,0
hagiographies,0
hairdressings,0
hairsbreadths,0
hairsplitters,0
hairsplitting,0
halfheartedly,0
hallucinating,12
hallucination,8
hallucinatory,1
hallucinogens,0
handkerchiefs,2
haphazardness,0
haplessnesses,0
happenstances,1
hardheartedly,0
harmfulnesses,0
harmonization,6
hatefulnesses,0
haughtinesses,0
hawkishnesses,0
headquartered,98
headshrinkers,0
healthfulness,1
healthinesses,0
heartbreaking,234
heartlessness,3
heartsickness,0
heinousnesses,0
helicoptering,0
hellishnesses,0
helpfulnesses,0
hematological,1
hematologists,2
hemispherical,0
hermaphrodite,1
herpetologies,0
herpetologist,0
heterogeneity,1
heterogeneous,3
heterosexuals,3
heuristically,0
hideousnesses,0
hieroglyphics,0
hilariousness,0
hirsutenesses,0
historicities,0
homeschooling,14
homestretches,0
homogeneities,0
homogeneously,0
homosexuality,26
honorableness,0
hopefulnesses,0
horsemanships,0
horseradishes,0
horsewhipping,0
horticultural,16
horticultures,0
hospitalities,0
hospitalizing,1
hotheadedness,0
housebreakers,0
housebreaking,7
housecleaning,0
househusbands,0
housekeepings,0
housewarmings,0
huckleberries,0
humanitarians,4
humanizations,0
humiliatingly,0
humorlessness,0
hundredweight,2
hurtfulnesses,0
hybridization,1
hydraulically,1
hydrocephalus,4
hydrodynamics,0
hydroelectric,20
hydrogenating,0
hydrogenation,0
hyperactivity,6
hypercritical,0
hyperglycemia,0
hypertensions,0
hypertensives,0
hyperthyroids,0
hypertrophied,0
hypertrophies,0
hypochondriac,0
hypochondrias,0
hypoglycemias,0
hypoglycemics,0
hypothesizing,1
ichthyologies,0
ichthyologist,0
iconographies,0
idealizations,0
ideologically,25
idiomatically,0
idiosyncratic,13
ignominiously,0
illicitnesses,0
illuminations,3
illustrations,32
illustriously,0
imaginatively,1
imitativeness,0
immateriality,0
immediateness,0
immortalities,0
immortalizing,1
immunizations,7
immunological,2
immunologists,0
impassibility,0
impassiveness,0
impassivities,0
impeccability,0
impecuniously,0
imperceptible,2
imperceptibly,3
imperfections,19
imperfectness,0
imperialistic,2
imperiousness,0
impermanences,0
impermanently,0
impermissible,8
impersonating,19
impersonation,22
impersonators,4
impertinences,0
impertinently,0
imperturbable,1
imperturbably,0
impetuosities,0
impetuousness,0
impiousnesses,0
implacability,0
implantations,0
imponderables,1
importunately,0
importunities,0
impossibility,12
impoverishing,1
impracticable,1
impracticably,0
impractically,0
impreciseness,0
impregnations,0
impressionism,1
impressionist,5
imprisonments,0
improbability,0
improprieties,6
improvidences,0
improvidently,1
improvisation,18
impulsiveness,4
inactivations,0
inadvertences,0
inadvertently,96
inanimateness,0
inappreciable,0
inappreciably,0
inappropriate,248
inattentively,0
inaugurations,5
incandescence,0
incapacitated,16
incapacitates,0
incarcerating,3
incarceration,60
incarnadining,0
incinerations,0
inclusiveness,15
incombustible,0
incommunicado,3
incompatibles,0
incompetences,0
incompetently,0
inconceivable,16
inconceivably,0
incongruities,0
incongruously,1
inconsiderate,8
inconsistency,31
inconspicuous,4
inconstancies,0
incontestable,1
incontestably,0
incontinences,0
inconvenience,158
incorporating,132
incorporation,36
incorrectness,2
incorruptible,0
incorruptibly,0
incredibility,0
incredulities,0
incredulously,2
incriminating,23
incrimination,2
incriminatory,0
incrustations,0
indefatigable,8
indefatigably,0
independences,0
independently,182
indescribable,12
indescribably,1
indeterminacy,0
indeterminate,6
indifferences,0
indifferently,1
indiscernible,2
indiscretions,1
indispensable,68
indispensably,0
indisposition,0
individualism,10
individualist,1
individuality,35
individualize,2
individuating,0
individuation,0
indoctrinated,14
indoctrinates,0
industrialism,1
industrialist,14
industrialize,2
industriously,0
ineffectively,1
ineffectually,0
inefficiently,0
ineligibility,1
inevitability,22
inexactnesses,0
inexhaustible,3
inexhaustibly,0
inexpediences,0
inexpensively,4
inexperienced,44
inexperiences,0
inexpressible,1
inexpressibly,1
infallibility,0
inferiorities,0
infertilities,0
infiltrations,1
infinitesimal,2
inflammations,0
inflexibility,2
inflorescence,3
influentially,0
informalities,0
informational,25
informatively,0
infotainments,0
infrequencies,0
infringements,9
infuriatingly,2
ingeniousness,2
ingenuousness,0
ingratiations,0
injudiciously,0
innocuousness,0
inoffensively,0
inopportunely,0
inorganically,1
inquisitional,0
inquisitively,2
inquisitorial,2
insatiability,1
insectivorous,0
inseminations,0
insensibility,0
insensitively,1
insensitivity,9
insidiousness,0
insignificant,43
insincerities,0
inspectorates,0
inspirational,107
instabilities,2
installations,126
instantaneous,8
instantiating,0
instillations,0
instinctively,19
institutional,1032
instructional,33
instructively,0
instrumentals,8
instrumenting,0
insubordinate,0
insubstantial,3
insufficiency,8
insupportable,0
insurrections,1
insusceptible,0
intangibility,0
intellectuals,24
intelligences,0
intelligently,10
intemperances,0
intemperately,0
intensiveness,1
intentionally,163
interactively,0
interbreeding,2
interceptions,132
intercessions,0
interchanging,3
interconnects,1
intercultural,6
interdictions,0
interestingly,9
interferences,2
intergalactic,5
interjections,1
interlocutors,4
interlocutory,4
intermarriage,4
intermarrying,0
intermediates,1
intermingling,2
intermissions,2
internalizing,0
international,3197
interpersonal,24
interpolating,0
interpolation,2
interposition,0
interrelating,0
interrelation,1
interrogating,7
interrogation,51
interrogative,0
interrogators,4
interrogatory,0
interruptions,37
intersections,36
intersessions,0
interspersing,0
interspersion,0
interventions,207
intimidations,1
intoxications,0
intramuscular,2
intransigence,11
intransigents,0
intransitives,0
intravenouses,0
intravenously,3
intrepidities,0
intrinsically,12
introductions,22
introspecting,3
introspection,24
introspective,16
introversions,0
intrusiveness,0
intuitiveness,1
invalidations,0
invariability,0
inventiveness,10
invertebrates,12
investigating,703
investigation,3004
investigative,131
investigators,385
investigatory,2
invidiousness,0
invigorations,0
invincibility,3
inviolability,0
invitationals,0
involuntarily,5
irksomenesses,0
irrationality,2
irreclaimable,0
irrecoverable,3
irrecoverably,0
irrelevancies,1
irreplaceable,22
irrepressible,3
irrepressibly,1
irresolutions,0
irresponsible,80
irresponsibly,8
irretrievable,2
irretrievably,5
isolationisms,0
isolationists,1
isometrically,0
italicization,0
jitterbuggers,0
jitterbugging,0
joblessnesses,0
jollification,0
joylessnesses,0
judiciousness,0
jurisdictions,87
jurisprudence,5
justification,98
juxtaposition,19
kaffeeklatsch,0
kaleidoscopes,0
kaleidoscopic,1
kindergartens,5
kindergartner,2
kindheartedly,0
kleptomaniacs,0
knowledgeable,71
knowledgeably,0
laboriousness,0
lackadaisical,6
languidnesses,0
laughingstock,3
laureateships,0
lawlessnesses,0
lecherousness,0
legalizations,0
legislatively,2
legitimatized,0
legitimatizes,0
leisureliness,0
lengthinesses,0
lethargically,0
letterpresses,0
lexicographer,2
lexicographic,0
liberalnesses,0
lieutenancies,0
likablenesses,0
limitlessness,0
liquefactions,0
literalnesses,0
lithographers,0
lithographies,0
lithographing,0
litigiousness,0
loansharkings,0
loathsomeness,0
localizations,1
lovablenesses,0
lucrativeness,1
ludicrousness,0
luminescences,0
luncheonettes,0
luxuriousness,0
mademoiselles,0
magisterially,0
magnanimities,0
magnanimously,0
magnetization,2
magnetometers,2
magnification,6
magnificences,0
magnificently,5
magniloquence,0
mainstreaming,10
maladjustment,0
maladroitness,0
malformations,2
malfunctioned,16
maliciousness,0
malnutritions,0
malocclusions,0
maltreatments,0
mammographies,0
manageability,1
manifestation,38
manipulations,9
mannishnesses,0
manslaughters,1
manufacturers,332
manufacturing,706
marchionesses,0
marginalizing,2
marketability,2
marksmanships,0
marlinespikes,0
masculinities,0
massivenesses,0
masterminding,6
masterstrokes,0
masturbations,0
materialising,1
materialistic,10
materializing,5
mathematician,9
matriculating,0
matriculation,5
mawkishnesses,0
maximizations,0
meaninglessly,0
mechanization,3
meetinghouses,1
megalomaniacs,0
megalopolises,0
mellifluously,0
melodiousness,0
melodramatics,0
memorializing,0
memorizations,0
menstruations,0
mercantilisms,0
merchandisers,1
merchandising,11
merchandizing,0
mercilessness,0
meritocracies,0
meritoriously,2
metabolically,1
metalanguages,0
metallurgical,7
metallurgists,0
metalworkings,0
metamorphisms,0
metamorphosed,1
metamorphoses,2
metamorphosis,3
metastasizing,2
meteorologies,0
meteorologist,77
methodologies,20
microcircuits,0
microcomputer,1
micromanaging,3
microorganism,2
microscopical,0
microwaveable,1
middleweights,0
millionnaires,0
mimeographing,0
mindfulnesses,0
mineralogical,0
mineralogists,0
miniaturizing,0
minicomputers,0
minimizations,0
ministrations,0
misaddressing,0
misadventures,6
misalignments,0
misanthropies,0
misanthropist,0
misapprehends,0
miscalculated,3
miscalculates,0
miscegenation,0
miscellaneous,14
mischievously,5
miscibilities,0
misconceiving,0
misconception,37
misconducting,0
misconstruing,1
misdemeanours,1
misdiagnosing,2
misdirections,0
miserableness,1
miserlinesses,0
misgovernment,0
misidentified,5
misidentifies,1
misinterprets,0
mismanagement,69
misplacements,0
mispronounced,5
mispronounces,1
misquotations,0
misrepresents,2
misstatements,4
mistreatments,1
mistrustfully,0
misunderstand,11
misunderstood,53
mobilizations,2
modernization,49
modifications,65
mollification,0
mollycoddling,0
momentariness,0
momentousness,2
moneygrubbers,0
moneygrubbing,0
monochromatic,4
monocotyledon,0
mononucleoses,0
mononucleosis,0
monosyllables,0
monstrosities,9
moonlightings,0
moralizations,0
morphological,2
mortification,0
motherfuckers,2
motherfucking,0
motorcyclists,25
motorizations,0
mountaineered,0
mountainsides,3
mousetrapping,0
mouthwatering,11
multicultural,37
multinational,93
multiplicands,0
multitaskings,0
multitudinous,2
multivitamins,8
mummification,0
muscularities,0
musicianships,0
musicological,0
musicologists,0
mystification,0
mythologizing,1
namedroppings,0
narcotization,0
nasalizations,0
nationalistic,10
nationalities,24
nationalizing,0
naturalnesses,0
naughtinesses,0
nearsightedly,0
necessitating,28
neckerchieves,0
nefariousness,0
negotiability,0
neighborhoods,235
neoclassicism,0
nervelessness,0
nervousnesses,0
neurasthenias,0
neurasthenics,0
neurosurgeons,1
niggardliness,0
nightclubbing,0
nitrification,0
nitroglycerin,0
noiselessness,0
nomenclatures,0
nonabsorbents,0
nonacceptance,0
nonadjustable,0
nonagenarians,0
nonaggression,0
nonalignments,0
nonappearance,0
nonassignable,0
nonattendance,0
nonautomotive,0
nonchargeable,0
noncombatants,1
noncommercial,2
noncompliance,9
nonconducting,0
nonconductors,0
nonconforming,1
nonconformist,2
nonconformity,0
noncontagious,0
noncontinuous,0
noncumulative,0
nondeductible,0
nondeliveries,0
nondemocratic,2
nondetachable,0
nondisclosure,4
nonelectrical,0
nonequivalent,0
nonexistences,0
nonexplosives,0
nonfunctional,1
nonhereditary,0
nonindustrial,1
noninfectious,0
nonirritating,0
nonjudgmental,3
nonnegotiable,1
nonobligatory,0
nonobservance,0
nonoccurrence,0
nonperforming,0
nonperishable,5
nonphysically,0
nonpracticing,0
nonproductive,0
nonprofitable,0
nonpunishable,0
nonreciprocal,0
nonredeemable,0
nonrefillable,0
nonrefundable,4
nonresistance,0
nonreturnable,0
nonscientific,0
nonsegregated,0
nonsensically,0
nonspecialist,0
nonspirituals,0
nonstructural,0
nonsuccessive,0
nonsupporting,0
nonsustaining,0
nontheatrical,0
nonvocational,0
normalization,28
northeasterly,3
northeastward,1
northwesterly,11
northwestward,2
nostalgically,1
notarizations,0
noteworthiest,0
nothingnesses,0
notifications,94
novelizations,0
nullification,2
numerologists,0
nutritionally,5
nutritionists,10
nymphomaniacs,0
objectionable,20
objectionably,0
objectiveness,0
objectivities,0
obliquenesses,0
obliterations,0
obliviousness,0
obnoxiousness,1
obscurantisms,0
obscurantists,0
observational,24
observatories,7
obsessiveness,1
obsolescences,0
obstetricians,3
obstructively,0
obtrusiveness,0
obviousnesses,0
oceanographer,5
oceanographic,1
octogenarians,2
offensiveness,0
offhandedness,0
officeholders,7
officiousness,0
oleomargarine,0
oleomargarins,0
ominousnesses,0
omnipresences,0
onerousnesses,0
onomatopoeias,0
onomatopoetic,0
operationally,15
ophthalmology,7
opportunistic,38
opportunities,2277
opprobriously,0
optimizations,10
orchestrating,37
orchestration,15
orderlinesses,0
organizations,1049
originalities,0
ornamentation,3
ornithologies,0
ornithologist,2
orthodontists,0
orthographies,0
orthopaedists,0
oscilloscopes,0
ossifications,0
outdistancing,0
outmaneuvered,1
outmanoeuvred,0
outmanoeuvres,0
outperforming,23
outplacements,0
outspokenness,2
outstandingly,3
outstretching,0
overabundance,3
overachievers,0
overachieving,4
overambitious,1
overattentive,0
overbalancing,0
overbearingly,0
overburdening,1
overconfident,3
overcrowdings,0
overdecorated,0
overdecorates,0
overdependent,0
overdeveloped,1
overemotional,0
overemphasize,3
overestimated,7
overestimates,0
overexercised,0
overexercises,0
overexertions,0
overexposures,0
overextending,1
overindulgent,0
overindulging,1
overmastering,0
overoptimisms,0
overpopulated,1
overpopulates,0
overproducing,1
overprotected,0
overqualified,1
overreactions,0
oversensitive,1
overshadowing,16
overspreading,0
overstatement,3
overstimulate,3
oversubscribe,0
oversupplying,1
overwintering,5
oxyacetylenes,0
pacifications,0
packinghouses,0
paediatrician,6
painfulnesses,0
painstakingly,22
paleographers,0
paleographies,0
paperhangings,0
paradoxically,6
parallelogram,0
paraphernalia,55
parasitically,1
parenthesized,0
parenthesizes,0
parenthetical,0
parliamentary,375
parochialisms,0
participating,426
participation,529
participators,0
participatory,19
particleboard,0
particularity,3
particularize,0
partisanships,0
passionflower,1
passivenesses,0
paterfamilias,0
paternalistic,6
patriarchates,0
patriotically,4
patronizingly,0
peacekeepings,0
peculiarities,4
pedestrianize,0
pediatricians,7
peevishnesses,0
penalizations,0
penetrability,0
penetratingly,0
pensivenesses,0
penuriousness,0
peradventures,0
perambulating,0
perambulation,2
perambulators,0
percussionist,4
peregrinating,0
peregrination,0
perfectionism,7
perfectionist,15
perfectnesses,0
perfunctorily,0
periodicities,0
periodontists,0
peritonitises,0
perpendicular,7
perpetrations,0
perpetuations,0
perseverances,0
personalities,142
personalizing,5
perspicacious,0
perspicuities,0
perspirations,0
pertinacities,0
perturbations,2
pervasiveness,3
petrifactions,0
petrochemical,11
pharmaceutics,0
pharmacopeias,0
pharmacopoeia,0
pharyngitides,0
phenobarbital,1
philanderings,0
philanthropic,59
philharmonics,0
philistinisms,0
philodendrons,2
philosophical,49
philosophized,0
philosophizer,0
philosophizes,0
photoelectric,0
photoengraved,0
photoengraver,0
photoengraves,0
photographers,76
photographies,0
photographing,15
photostatting,0
phraseologies,0
phrenologists,0
physiognomies,0
physiological,24
physiologists,1
physiotherapy,24
picturesquely,0
piggishnesses,0
pigheadedness,0
pigmentations,0
piteousnesses,0
plasterboards,0
platitudinous,0
playfulnesses,0
pluralization,0
pneumatically,0
pointlessness,0
polarizations,0
policyholders,9
poliomyelitis,1
polyethylenes,0
polypropylene,6
polysyllables,0
polyurethanes,0
pompousnesses,0
ponderousness,0
pontificating,0
pornographers,0
pornographies,0
portabilities,0
possibilities,220
postgraduates,3
postmodernism,1
postmodernist,0
postoperative,0
postponements,8
powerlessness,8
practitioners,94
pragmatically,3
praseodymiums,0
precancelling,0
precautionary,64
precipitately,1
precipitating,3
precipitation,90
precipitously,8
precisenesses,0
precognitions,0
preconceiving,0
preconception,3
preconditions,3
predesignated,0
predesignates,0
predetermined,14
predeterminer,0
predetermines,1
predilections,3
predominances,0
predominantly,158
predominating,0
preexistences,0
prefabricated,9
prefabricates,0
prehistorical,0
preliminaries,2
premeditating,0
premeditation,5
preoccupation,12
preponderance,8
preponderated,0
preponderates,0
prepositional,0
prepossessing,0
prepossession,0
prepubescence,0
prepubescents,0
preregistered,3
prerequisites,6
prescriptions,64
presentations,113
presentiments,0
preservations,0
preservatives,14
pretentiously,1
preternatural,1
prevaricating,0
prevarication,0
prevaricators,0
preventatives,1
pricklinesses,0
primitiveness,0
primogenitors,0
primogeniture,2
privatization,33
prizefighters,0
prizefighting,0
probabilities,16
problematical,0
processionals,1
processioning,0
proclamations,10
procrastinate,6
prodigalities,0
profanenesses,0
professionals,665
professorship,3
proficiencies,0
profitability,191
profiteerings,0
profusenesses,0
progesterones,0
prognosticate,1
programmables,0
progressively,41
prohibitively,8
projectionist,3
proliferating,4
proliferation,69
prolongations,0
promiscuities,0
promiscuously,0
promulgations,0
pronounceable,0
pronouncement,9
pronunciation,18
propagandists,11
propagandized,0
propagandizes,0
prophetically,2
prophylactics,0
propinquities,0
propitiations,0
proportionate,31
proportioning,0
propositional,0
propositioned,2
proprietaries,0
proprietorial,0
proscriptions,0
proselytizers,0
proselytizing,2
prospectively,1
prostitutions,0
protactiniums,0
protectionism,10
protectionist,21
protectorates,0
protestations,8
protuberances,0
provabilities,0
provincialism,0
provisionally,14
provocatively,3
prudishnesses,0
pseudoscience,4
psychiatrists,14
psychoanalyst,2
psychoanalyze,1
psychobabbles,0
psychological,282
psychologists,36
psychopathies,0
psychosomatic,2
psychotherapy,12
psychotically,0
psychotropics,0
puckishnesses,0
pulverization,0
pumpernickels,0
punctiliously,0
punctualities,0
purifications,0
puritanically,0
purposelessly,0
pusillanimity,0
pusillanimous,0
putrefactions,0
pyrotechnical,1
quadrilateral,1
quadriplegias,0
quadriplegics,0
quadruplicate,0
qualification,134
qualitatively,6
quarterbacked,0
quarterfinals,93
quartermaster,0
quarterstaffs,0
quarterstaves,0
querulousness,0
questioningly,0
questionnaire,34
quintessences,0
quotabilities,0
racketeerings,0
radioactively,0
radioactivity,11
radiographers,2
radiographies,0
radioisotopes,1
raffishnesses,0
ramifications,55
randomization,0
rapaciousness,0
rapprochement,6
ratifications,1
ratiocinating,0
ratiocination,0
rationalistic,0
rationalities,0
rationalizing,1
rattlebrained,0
raucousnesses,0
raunchinesses,0
reacquainting,1
reactionaries,0
reactivations,0
readabilities,0
readjustments,1
reaffirmation,7
realistically,40
reallocations,0
reappearances,0
reapplication,4
reappointment,9
reapportioned,0
rearrangement,3
reassessments,0
reassignments,1
reattachments,0
reauthorizing,0
rebroadcasted,0
recalcitrance,0
recalculating,0
recalculation,0
recapitalized,0
recapitalizes,0
recapitulated,0
recapitulates,0
receiverships,0
receptionists,1
receptiveness,2
receptivities,0
rechristening,0
reciprocating,4
reciprocation,0
reciprocities,0
recirculating,2
reclassifying,3
recognizances,0
recollections,16
recommendable,0
recommissions,0
reconditioned,2
reconnoitered,0
reconnoitring,0
reconsecrated,0
reconsecrates,0
reconsidering,9
reconstituted,8
reconstitutes,0
reconstructed,19
recontaminate,0
recriminating,0
recrimination,4
recriminatory,0
recrudescence,0
recrystallize,0
rectification,2
recuperations,0
redecorations,0
redefinitions,0
redeployments,0
redetermining,0
redevelopment,144
rediscoveries,0
rediscovering,10
redistributed,10
redistributes,3
redistricting,25
reduplicating,0
reduplication,0
reemphasizing,0
reemployments,0
reenlistments,0
reestablished,8
reestablishes,0
reevaluations,0
reexamination,1
reforestation,12
reformatories,0
reformulating,0
reformulation,1
refrigerating,0
refrigeration,12
refrigerators,19
refurbishment,121
regenerations,0
regimentation,0
registrations,63
regurgitating,2
regurgitation,4
rehabilitated,24
rehabilitates,1
reimbursement,69
reincarnating,0
reincarnation,12
reincorporate,1
reinforcement,25
reinoculating,0
reinstatement,35
reintegrating,1
reintegration,7
reinterpreted,9
reintroducing,14
reinvestments,0
reinvigorated,14
reinvigorates,0
rejuvenations,0
relatednesses,0
relationships,889
reliabilities,0
religiousness,1
relinquishing,7
reminiscences,5
reminiscently,0
remonstrances,0
remonstrating,2
remorselessly,0
remunerations,0
rendezvousing,0
renegotiating,2
renegotiation,9
renominations,0
renouncements,0
renunciations,0
reoccupations,0
reorientation,5
repatriations,2
repercussions,106
repetitiously,0
rephotographs,0
replenishment,11
repletenesses,0
repossessions,2
reprehensible,31
reprehensibly,0
reprehensions,0
reproachfully,0
reproductions,4
reprogramming,2
republicanism,1
republication,0
repulsiveness,0
requisitioned,3
resentfulness,1
resettlements,0
resourcefully,0
resplendences,0
resplendently,1
restauranteur,2
restaurateurs,11
restfulnesses,0
restivenesses,0
restrengthens,0
restrictively,0
restructuring,125
resubscribing,0
resurrections,1
resuscitating,2
resuscitation,23
resuscitators,0
retentiveness,0
reticulations,0
retrenchments,2
retroactively,12
retrogressing,0
retrogression,1
retrogressive,2
retrospecting,0
retrospection,0
retrospective,47
reunification,29
reupholstered,0
reverberating,1
reverberation,2
reverentially,0
revolutionary,126
revolutionise,17
revolutionist,0
revolutionize,39
rheumatically,0
rhododendrons,7
righteousness,18
roguishnesses,0
rollerskating,2
romanticizing,3
rubberneckers,0
rubbernecking,1
rutherfordium,0
sacrificially,0
sadomasochism,1
sadomasochist,1
sailboardings,0
saintlinesses,0
salaciousness,0
salesmanships,0
salutatorians,0
sanctimonious,4
sarcastically,21
sarcophaguses,0
sarsaparillas,0
satisfactions,1
scandalmonger,0
scarification,0
scatterbrains,0
schematically,0
schizophrenia,35
schizophrenic,5
schoolfellows,0
schoolmarmish,0
schoolmasters,0
schoolteacher,15
schussboomers,0
scintillating,14
scintillation,0
scrawninesses,0
screenwriters,8
screenwriting,11
scriptwriters,3
scruffinesses,0
scrumptiously,0
seasicknesses,0
seaworthiness,1
secessionists,1
secretaryship,0
secretiveness,0
sectarianisms,0
sectionalisms,0
sedimentation,2
seductiveness,1
segmentations,0
seismographer,0
seismographic,0
seismological,0
seismologists,0
selectivities,0
selenographer,0
selfishnesses,0
semiautomatic,7
semiconductor,280
semiconscious,1
semifinalists,5
semimonthlies,0
semipermeable,0
sensationally,6
senselessness,4
sensibilities,18
sensitiveness,0
sensitivities,14
sensitization,8
sententiously,0
sentimentally,0
sequestrating,0
sequestration,15
serendipities,0
serendipitous,11
serialization,1
seriousnesses,0
sexagenarians,1
shallownesses,0
shamelessness,4
shapelessness,0
shapelinesses,0
sharecroppers,1
sharecropping,0
sharpshooters,2
sharpshooting,2
shepherdesses,0
shiftlessness,0
shipbuildings,0
shortchanging,0
shuffleboards,0
shuttlecocked,0
sidesplitting,0
signalization,1
significances,0
significantly,1189
signification,0
silkscreening,0
singularities,1
skateboarders,10
skateboarding,29
sketchinesses,0
skulduggeries,0
slavishnesses,0
sledgehammers,0
sleeplessness,1
sleepwalkings,0
slendernesses,0
snowboardings,0
sociabilities,0
socialization,9
socioeconomic,61
solemnization,0
solicitations,5
soliloquizing,0
somersaulting,0
somnambulisms,0
somnambulists,0
sophisticated,239
sophisticates,0
soporifically,0
sorrowfulness,0
soulfulnesses,0
soundproofing,2
southeasterly,10
southeastward,0
southwesterly,7
southwestward,0
sovereignties,0
spasmodically,1
specification,21
specificities,3
spectacularly,26
spectrometers,1
spectroscopes,0
spectroscopic,1
speculatively,1
speleologists,0
spellcheckers,0
spellchecking,1
spinsterhoods,0
spiritualisms,0
spiritualists,1
splashinesses,0
spokespersons,6
spontaneities,0
spontaneously,20
sportscasters,0
sportsmanlike,0
sportsmanship,37
sportswriters,2
sprightliness,0
springinesses,0
squalidnesses,0
squeakinesses,0
squeamishness,0
stabilization,40
standardizing,3
staphylococci,0
starchinesses,0
statelessness,2
statelinesses,0
statesmanlike,0
statesmanship,5
statistically,25
statisticians,7
staunchnesses,0
steadfastness,6
steamfittings,0
steamrollered,2
steeplechases,0
stegosauruses,0
stenographers,3
stenographies,0
stepdaughters,1
steppingstone,0
stereotypical,17
sterilization,9
stockbreeders,0
stockbrokings,0
storytellings,0
straightaways,1
straightedges,0
straighteners,9
straightening,8
straitjackets,0
strangenesses,0
strangleholds,0
strangulating,0
strangulation,26
strategically,122
stratospheres,0
stratospheric,8
streetwalkers,0
strengtheners,0
strengthening,334
strenuousness,0
streptococcal,0
streptococcus,3
streptomycins,0
strikebreaker,0
stringinesses,0
stupefactions,0
stylishnesses,0
stylistically,4
subcategories,4
subcommittees,2
subcontinents,1
subcontracted,4
subcontractor,2
subordinating,2
subordination,2
subscriptions,69
subserviences,0
subserviently,0
subsidization,2
substantially,121
substantiated,12
substantiates,1
substantively,8
substitutions,23
substructures,0
sufficiencies,0
suitabilities,0
sumptuousness,0
superabundant,0
superannuated,0
superannuates,0
superchargers,3
supercharging,4
supercomputer,13
superficially,6
superfluities,0
superfluously,0
superhighways,0
superimposing,2
superintended,2
superiorities,0
superlatively,0
supernumerary,2
superposition,0
supersaturate,0
superscribing,0
superstitions,12
superstitious,9
superventions,0
supplementary,33
supplementing,10
supplications,1
suppositories,1
supranational,2
surreptitious,3
surveillances,0
swashbucklers,0
swashbuckling,11
swordsmanship,0
syllabicating,0
syllabication,0
symbolization,1
symmetrically,0
synchronizing,1
syntactically,0
synthetically,2
systematizing,0
tablespoonful,0
taciturnities,0
tactfulnesses,0
talkativeness,0
tangibilities,0
tantalization,0
tantalizingly,7
tastelessness,0
technocracies,0
technological,272
technologists,7
tediousnesses,0
telecommuters,0
telecommuting,0
telegraphists,0
telemarketers,2
telemarketing,4
teleprompters,5
televangelism,0
televangelist,9
temperamental,3
temperateness,0
tempestuously,0
temporariness,0
tenaciousness,1
tendentiously,0
tenderhearted,2
tentativeness,0
tenuousnesses,0
tercentennial,0
terminologies,1
terrestrially,0
tessellations,0
testosterones,0
tetracyclines,0
thanklessness,0
thanksgivings,0
theatricality,4
thenceforward,0
theologically,0
theoretically,35
theoreticians,2
thermodynamic,3
thermonuclear,2
thermoplastic,2
thirstinesses,0
thoroughbreds,4
thoroughfares,5
thoroughgoing,0
thoughtlessly,1
threateningly,4
thriftinesses,0
throatinesses,0
thunderclouds,0
thundershower,1
thunderstorms,193
thunderstruck,1
titillatingly,0
toastmistress,0
tonsillectomy,1
tonsillitises,0
topographical,2
tortoiseshell,1
totalitarians,3
toxicological,1
toxicologists,0
tracheotomies,0
traditionally,199
tragicomedies,0
trailblazings,0
tranquilities,0
tranquilizers,0
tranquilizing,0
tranquillized,0
tranquillizer,0
tranquillizes,0
transatlantic,27
transcendence,3
transcription,17
transferences,0
transfiguring,0
transformable,0
transgendered,0
transgressing,1
transgression,8
transgressors,2
transistorize,0
transitioning,109
transliterate,0
translucences,0
translucently,0
transmigrated,0
transmigrates,0
transmissible,12
transmissions,14
transmittable,1
transmittance,1
transmutation,0
transnational,33
transparently,31
transpiration,0
transplanting,1
transportable,1
transposition,1
transshipment,3
transshipping,0
transvestisms,0
transvestites,0
trapshootings,0
traumatically,0
treacherously,0
tremulousness,0
triangulating,1
triangulation,3
tricentennial,0
triceratopses,0
triglycerides,4
trigonometric,0
trolleybusses,0
troublemakers,10
troubleshoots,0
troublesomely,0
trustworthier,0
tunefulnesses,0
turbochargers,2
turbocharging,0
typifications,0
typographical,1
tyrannosaurus,0
unaccompanied,26
unaccountable,11
unaccountably,0
unadulterated,5
unadventurous,0
unambiguously,6
unanticipated,3
unappealingly,0
unappreciated,8
unawarenesses,0
unceremonious,1
uncertainties,95
uncircumcised,1
uncleanliness,1
uncleannesses,0
uncomfortable,294
uncomfortably,19
uncompensated,4
uncomplaining,0
uncomplicated,11
unconcernedly,0
unconditional,74
unconditioned,0
unconformable,0
unconquerable,2
unconsciouses,0
unconsciously,8
unconsecrated,0
unconstrained,1
unconsummated,0
uncooperative,5
uncoordinated,3
underachieved,1
underachiever,1
underachieves,0
undercarriage,1
undercharging,0
underclassman,2
underclassmen,5
underclothing,0
undercoatings,0
undercurrents,4
underemployed,2
underestimate,51
underexposing,0
underexposure,1
undergarments,2
undergraduate,112
underhandedly,0
underpayments,4
underpinnings,9
undershooting,3
understanding,1334
understudying,0
underwhelming,51
undisciplined,3
undistributed,1
unearthliness,0
unembarrassed,0
unemployments,0
unenlightened,0
unequivocally,38
unexceptional,0
unfamiliarity,3
unfashionable,6
unfashionably,0
unflinchingly,3
unforeseeable,3
unforgettable,231
unforgettably,1
unfortunately,383
unfriendliest,0
ungentlemanly,2
ungodlinesses,0
ungrammatical,1
unhappinesses,0
unhealthiness,1
unimaginative,3
unimpeachable,3
uninformative,0
uninhabitable,14
uninhibitedly,0
unintelligent,1
unintentional,27
uninteresting,6
uninterrupted,56
unionizations,0
universalized,0
universalizes,0
unjustifiable,7
unjustifiably,2
unlikelihoods,0
unluckinesses,0
unmentionable,1
unnaturalness,0
unnecessarily,49
unobtrusively,1
unparallelled,1
unpasteurized,3
unprecedented,505
unpredictable,164
unpredictably,8
unpretentious,7
unpreventable,1
unquestioning,3
unrecoverable,1
unrelentingly,2
unreliability,5
unremittingly,0
unrepresented,5
unselfishness,3
unsentimental,1
unsightliness,1
unsoundnesses,0
unspectacular,2
unsubscribing,1
unsubstantial,0
unsuitability,0
unsustainable,87
unsymmetrical,0
unsympathetic,5
untrustworthy,8
unwarrantable,0
unwillingness,21
unworldliness,0
upperclassman,7
upperclassmen,6
uprightnesses,0
urbanizations,0
urbanologists,0
uselessnesses,0
vacuousnesses,0
valedictorian,8
valedictories,0
vaporizations,0
variabilities,0
vaudevillians,0
vegetarianism,1
ventriloquies,0
ventriloquism,0
ventriloquist,3
venturesomely,0
venturousness,0
verbalization,0
verifications,2
versatilities,0
versification,0
veterinarians,16
vibraphonists,0
vicariousness,0
viciousnesses,0
victimization,6
videocassette,0
vilifications,0
violoncellist,0
viscountesses,0
visualization,17
vitalizations,0
viticulturist,1
vitrifactions,0
vitrification,0
vituperations,0
vivaciousness,2
vivisectional,0
vocalizations,4
vociferations,0
voicelessness,1
volunteerisms,0
voraciousness,0
vulcanization,1
vulgarization,0
vulnerability,202
waggishnesses,0
wainscottings,0
wakefulnesses,0
warmongerings,0
waspishnesses,0
waterboarding,2
waterproofing,11
waywardnesses,0
wealthinesses,0
weatherperson,0
weatherproofs,0
weatherstrips,0
weightinesses,0
weightlifters,3
weightlifting,14
welterweights,0
whippoorwills,1
wholesomeness,1
willfulnesses,0
willingnesses,0
winsomenesses,0
wistfulnesses,0
witlessnesses,0
womanlinesses,0
wonderfulness,0
woolgathering,0
worldlinesses,0
worthlessness,2
wrongheadedly,0
zealousnesses,0
zestfulnesses,0
abrasivenesses,0
absentmindedly,0
absolutenesses,0
abstemiousness,0
abstractedness,0
abstractnesses,0
abstrusenesses,0
acceptableness,0
accommodations,90
accompaniments,2
accomplishment,84
accountability,477
accreditations,0
acculturations,0
accuratenesses,0
accursednesses,0
acetaminophens,0
acknowledgment,41
actualizations,0
acupuncturists,2
adaptabilities,0
adequatenesses,0
adhesivenesses,0
administrating,0
administration,2190
administrative,349
administrators,193
adorablenesses,0
advantageously,1
adventitiously,0
advertisements,62
advertizements,0
advisabilities,0
affectionately,42
afforestations,0
aforementioned,141
agglomerations,0
agglutinations,0
aggrandizement,0
aggressiveness,16
agribusinesses,3
agriculturally,1
agriculturists,1
alliteratively,0
allusivenesses,0
alphabetically,5
alphanumerical,0
altruistically,0
amateurishness,0
ambassadorship,4
ambassadresses,0
ambidextrously,0
amplifications,0
anaesthetizing,0
anathematizing,0
anesthesiology,1
animadversions,0
anthropologies,1
anthropologist,12
antibacterials,0
anticoagulants,0
anticommunisms,0
anticommunists,0
antidemocratic,3
antidepressant,8
antigenicities,0
antihistamines,4
antilogarithms,0
antiperspirant,2
antiquarianism,0
antiseptically,0
antispasmodics,0
antithetically,0
aphoristically,0
apologetically,2
appendectomies,0
appendicitises,0
apportionments,1
appositenesses,0
appreciatively,2
apprehensively,0
apprenticeship,74
appropriations,34
approximations,3
archaeological,72
archaeologists,39
archbishoprics,0
archiepiscopal,0
architectonics,0
argumentations,1
arithmetically,1
arithmeticians,0
aromatherapies,0
aromatherapist,0
articulateness,0
ascertainments,0
assassinations,20
astrologically,1
astronomically,4
astrophysicist,15
asymmetrically,4
attitudinizing,0
attractiveness,26
auspiciousness,0
authenticating,2
authentication,70
authenticities,0
authoritarians,6
authorizations,5
autobiographer,0
autobiographic,0
autocratically,0
autoimmunities,0
availabilities,0
baccalaureates,0
backscratching,0
backwardnesses,0
bacteriologies,0
bacteriologist,0
barometrically,0
bastardization,2
beatifications,0
beautification,16
belligerencies,0
benefactresses,0
bibliographers,0
bibliographies,0
bigheartedness,0
biochemistries,0
biodiversities,0
biographically,0
bipartisanship,13
blissfulnesses,0
bloodthirstier,0
bloodthirstily,0
boardinghouses,0
boastfulnesses,0
boisterousness,0
bougainvilleas,0
bouillabaisses,0
bowdlerization,0
brackishnesses,0
brainstormings,0
breathlessness,5
breathtakingly,4
brinksmanships,0
brontosauruses,0
brutalizations,0
bulletproofing,0
bullheadedness,0
bureaucratized,1
bureaucratizes,0
burglarproofed,0
businessperson,5
butterfingered,1
butterscotches,0
cabinetmakings,0
calcifications,0
calligraphists,0
campanologists,0
cantankerously,0
capitalization,838
capriciousness,1
captiousnesses,0
cardiovascular,86
carelessnesses,0
categorization,11
cauterizations,0
cautiousnesses,0
censoriousness,0
centralization,9
certifications,43
chancellorship,2
changeableness,0
channelization,0
characteristic,65
characterizing,9
charitableness,0
cheerfulnesses,0
chemotherapies,1
chickenhearted,0
chieftainships,0
childishnesses,0
chivalrousness,0
choreographers,6
choreographies,0
choreographing,6
chrysanthemums,4
churlishnesses,0
cinematography,37
circuitousness,0
circumferences,0
circumlocution,0
circumnavigate,1
circumscribing,0
circumspection,0
circumstancing,0
circumstantial,8
circumventions,0
clannishnesses,0
clarifications,17
classification,72
claustrophobia,0
claustrophobic,12
clearinghouses,1
climatologists,0
cliometricians,0
cliquishnesses,0
clownishnesses,0
codependencies,0
cohesivenesses,0
coincidentally,24
collaborations,125
collateralized,4
collateralizes,0
collectivizing,0
collegialities,0
colloquialisms,1
colorblindness,0
colorfulnesses,0
combustibility,0
commemorations,30
commensurately,0
commercialisms,0
commercialized,9
commercializes,5
commiserations,1
committeewoman,2
committeewomen,0
communications,474
companionships,0
completenesses,0
comprehensible,8
comprehensibly,0
comprehensions,0
comprehensives,1
compulsiveness,0
concatenations,0
concentrations,55
concentrically,0
conceptualized,4
conceptualizes,0
concertmasters,0
concessionaire,7
conclusiveness,0
concretenesses,0
concupiscences,0
condescensions,0
conductibility,0
conductivities,0
confabulations,1
confederations,0
confidentially,5
configurations,36
conflagrations,2
confrontations,49
congenialities,0
conglomerating,0
conglomeration,3
congratulating,34
congratulation,1
congratulatory,21
congregational,3
congressperson,1
conjunctivitis,4
connectivities,0
conquistadores,0
consanguineous,0
conscienceless,0
conservatively,11
conservatories,2
considerations,119
consolidations,1
conspiratorial,14
constabularies,0
constellations,11
consternations,0
constituencies,175
constitutional,421
constructional,0
constructively,30
contagiousness,1
containerizing,0
contaminations,1
contemplations,1
contemplatives,0
contemporaries,22
contemptuously,2
conterminously,0
contextualized,5
contextualizes,3
contortionists,1
contraceptions,0
contraceptives,21
contradictions,26
contraindicate,0
contrapuntally,0
contrarinesses,0
contraventions,2
contritenesses,0
controvertible,0
contumaciously,0
convalescences,0
conventionally,11
conversational,42
convertibility,0
convivialities,0
corporealities,0
correspondence,56
correspondents,23
corroborations,0
corruptibility,0
cosmetologists,0
councilpersons,0
counteractions,0
counterattacks,3
counterbalance,13
counterclaimed,0
counterculture,3
counterfeiters,1
counterfeiting,1
countermanding,0
countermeasure,3
counteroffered,0
counterpoising,0
countersigning,0
countersinking,0
countervailing,6
counterweights,1
courageousness,0
covetousnesses,0
cowardlinesses,0
craftsmanships,0
creativenesses,0
criminologists,0
cryptographers,0
cryptographies,0
cumbersomeness,0
cumulonimbuses,0
curvaceousness,0
custodianships,0
customizations,7
daguerreotyped,0
daguerreotypes,1
debonairnesses,0
decaffeinating,0
decentralizing,3
decisivenesses,0
decolonization,4
decommissioned,29
decompositions,0
decompressions,0
deconstruction,2
decontaminated,1
decontaminates,0
decorousnesses,0
decriminalized,6
decriminalizes,0
definitenesses,0
deforestations,0
dehumanization,8
dehydrogenated,0
dehydrogenates,0
deliberateness,1
delicatenesses,0
demilitarizing,0
demobilization,1
democratically,23
demonetization,1
demonstrations,197
demonstratives,0
demoralization,0
denationalized,0
denationalizes,0
denominational,5
denuclearizing,0
deodorizations,0
departmentally,0
depersonalized,0
depersonalizes,0
depolarization,0
depoliticizing,1
depressurizing,0
derisivenesses,0
dermatological,7
dermatologists,12
desalinization,1
desegregations,0
desirabilities,0
desolatenesses,0
deteriorations,1
determinations,18
detoxification,5
devilishnesses,0
diagnostically,0
diagnosticians,0
dicotyledonous,0
differentiated,16
differentiates,8
diplomatically,22
disadvantaging,2
disaffiliating,0
disaffiliation,2
disappearances,18
disappointment,278
disapprobation,0
disapprovingly,2
disarrangement,0
disassociating,0
disassociation,3
disbelievingly,0
disciplinarian,1
discolorations,1
discombobulate,2
disconnectedly,0
disconnections,2
disconsolately,0
discontentedly,0
discontentment,2
discontinuance,0
discountenance,1
discouragement,2
discouragingly,0
discourteously,0
discreetnesses,0
discretenesses,0
discriminating,8
discrimination,294
discriminators,0
discriminatory,62
discursiveness,0
disembarkation,3
disembodiments,0
disembowelling,1
disembowelment,0
disenchantment,1
disencumbering,0
disenfranchise,3
disengagements,1
disequilibrium,0
disestablished,1
disestablishes,0
disfigurements,0
disfranchising,0
disgruntlement,1
disillusioning,0
disinclination,0
disinformation,167
disingenuously,2
disinheritance,0
disintegrating,3
disintegration,12
disinvestments,0
disjointedness,1
dismantlements,0
dismemberments,0
disorderliness,0
disorientating,4
disorientation,4
disparagements,0
dispossessions,0
disproportions,0
disputatiously,0
disseminations,0
dissimilitudes,0
dissimulations,0
distinctnesses,0
distinguishing,21
distributively,0
diverticulitis,1
divisibilities,0
divisivenesses,0
documentations,1
domestications,0
doubtfulnesses,0
draftsmanships,0
dramatizations,1
dreadfulnesses,0
eccentricities,3
ecclesiastical,9
editorializing,1
effervescences,0
effervescently,0
efflorescences,0
effortlessness,0
effusivenesses,0
egalitarianism,2
egocentrically,0
electioneering,10
electrocutions,0
electrologists,0
electromagnets,0
electronically,35
electroplating,1
electrostatics,0
embarrassingly,7
embarrassments,2
embellishments,12
emotionalizing,0
emulsification,0
encapsulations,0
encephalitides,0
encouragements,1
encyclopaedias,0
enlightenments,0
enormousnesses,0
enterprisingly,0
entertainingly,0
entertainments,4
epidemiologies,0
epidemiologist,15
equestrianisms,0
establishments,113
ethnocentrisms,0
etymologically,0
evangelicalism,4
eventfulnesses,0
excitabilities,0
excommunicated,4
excommunicates,0
excruciatingly,4
exhaustiveness,1
exhibitionisms,0
exhibitionists,0
existentialism,1
existentialist,3
expectorations,0
experimentally,2
explicitnesses,0
expostulations,0
expressionisms,0
expressionists,0
expressionless,4
expressiveness,1
expropriations,0
extemporaneous,0
exterminations,0
extinguishable,0
extortionately,1
extrapolations,0
extravehicular,1
faithfulnesses,0
falliblenesses,0
falsifications,1
fancifulnesses,0
farsightedness,0
fastidiousness,0
fatalistically,0
fearlessnesses,0
featherbedding,0
featherweights,1
federalization,0
fertilizations,0
feverishnesses,0
fictionalizing,0
fingerprinting,4
flabbergasting,0
flammabilities,0
flawlessnesses,0
fleetingnesses,0
forcefulnesses,0
foreknowledges,0
foreshortening,0
formalizations,0
formlessnesses,0
forthrightness,3
fortifications,12
fortuitousness,0
fortunetellers,0
fortunetelling,0
fossilizations,0
fragmentations,0
frangibilities,0
fraternization,0
freakishnesses,0
friendlinesses,0
fruitfulnesses,0
fundamentalism,4
fundamentalist,11
galvanizations,0
genealogically,0
generalissimos,0
generalization,4
generousnesses,0
gentrification,12
geocentrically,0
geochemistries,1
geoengineering,9
geographically,29
geosynchronous,0
gerontological,0
gerontologists,0
gerrymandering,19
gesticulations,0
ghoulishnesses,0
glamorizations,0
globalizations,0
glorifications,0
gorgeousnesses,0
gracefulnesses,0
graciousnesses,0
granddaughters,11
grandfathering,1
grandiloquence,1
grantsmanships,0
gratefulnesses,0
gratifications,1
gratuitousness,0
gregariousness,1
grievousnesses,0
groundbreaking,184
gruesomenesses,0
haberdasheries,0
habitabilities,0
habitualnesses,0
hairsplittings,0
hallucinations,26
hallucinogenic,8
handkerchieves,0
handsomenesses,0
hardheadedness,0
harmlessnesses,0
harmoniousness,0
harmonizations,0
harpsichordist,0
headmistresses,0
headquartering,0
heartrendingly,0
heedlessnesses,0
helplessnesses,0
hermaphrodites,0
hermaphroditic,0
herpetologists,0
hierarchically,0
highhandedness,0
hippopotamuses,1
historiography,1
histrionically,1
homelessnesses,0
homeschoolings,0
homesicknesses,0
homogenization,2
hopelessnesses,0
horriblenesses,0
horticulturist,3
housebreakings,0
housecleanings,0
humidification,0
humorousnesses,0
hundredweights,0
hybridizations,0
hydrocephalies,0
hydrogenations,0
hydroponically,1
hydrotherapies,0
hyperglycemias,0
hypersensitive,1
hypertrophying,0
hyperventilate,0
hypnotherapies,0
hypoallergenic,15
hypochondriacs,0
hypocritically,6
hypothetically,6
hypothyroidism,8
hysterectomies,0
ichthyologists,0
idealistically,1
identification,207
idiosyncrasies,9
illegibilities,0
illegitimacies,0
illegitimately,1
illiberalities,0
illogicalities,0
illuminatingly,0
illustratively,0
immaculateness,0
immaterialness,0
immobilization,1
immovabilities,0
immutabilities,0
impartialities,0
impermeability,0
impersonations,5
implausibility,1
implementation,524
implicitnesses,0
impolitenesses,0
impoverishment,4
impracticality,1
impregnability,0
impressibility,0
impressionable,7
impressionisms,0
impressionists,0
impressiveness,0
improvisations,2
inadvisability,0
inalienability,0
inapproachable,0
inarticulately,0
inaudibilities,0
inauspiciously,0
incandescences,0
incandescently,1
incapabilities,0
incapacitating,2
incarcerations,1
incestuousness,0
incisivenesses,0
incommensurate,0
incommunicable,0
incompetencies,0
incompleteness,0
inconclusively,1
inconsiderable,2
inconsistently,2
inconvenienced,9
inconveniences,13
inconveniently,2
incorporations,0
incriminations,0
indebtednesses,0
indecipherable,1
indecisiveness,3
indefiniteness,0
indemonstrable,0
indestructible,7
indestructibly,0
indeterminable,0
indeterminably,0
indirectnesses,0
indiscriminate,36
indispensables,0
indispositions,0
indistinctness,0
individualisms,0
individualists,1
individualized,15
individualizes,0
individuations,0
indivisibility,1
indoctrinating,4
indoctrination,10
industrialisms,0
industrialists,10
industrialized,11
industrializes,0
ineffabilities,0
inefficiencies,37
inexpediencies,0
infectiousness,1
infinitesimals,0
inflammability,0
inflorescences,0
infrastructure,1783
ingratiatingly,0
inscrutability,0
inseparability,1
insignificance,6
insolubilities,0
instrumentally,0
insufficiently,9
insurmountable,33
insurmountably,0
intellectually,35
intelligentsia,3
interconnected,55
interdependent,5
intermarriages,2
intermediaries,19
intermediately,0
intermittently,12
internationals,21
interplanetary,3
interpolations,0
interpositions,0
interpretation,171
interpretative,0
interrelations,0
interrogations,2
interrogatives,0
interspersions,0
intimidatingly,1
intractability,0
intransigences,0
intransigently,0
intransitively,0
introspections,0
investigations,516
invigoratingly,0
invisibilities,0
irascibilities,0
irreconcilable,12
irreconcilably,0
irregularities,72
irreproachable,0
irreproachably,0
irresoluteness,0
irritabilities,0
italicizations,0
jollifications,0
jurisdictional,9
jurisprudences,0
justifications,7
juxtapositions,1
kaffeeklatches,0
kindergartener,2
kindergartners,3
knickerbockers,0
knightlinesses,0
lasciviousness,0
latitudinarian,0
laughingstocks,0
legitimatizing,0
legitimization,1
lexicographers,0
lexicographies,0
liberalization,3
licentiousness,0
lifelessnesses,0
lightheartedly,2
linguistically,2
listlessnesses,0
literarinesses,0
lonesomenesses,0
longitudinally,0
lopsidednesses,0
loquaciousness,0
lugubriousness,0
lukewarmnesses,0
lusciousnesses,0
macroeconomics,3
magnetizations,0
magnifications,0
magniloquences,0
maladjustments,0
malfunctioning,15
malleabilities,0
manifestations,6
manipulatively,0
manufacturings,0
mathematically,8
mathematicians,7
matriculations,0
meaningfulness,0
mechanizations,0
memorabilities,0
merchandisings,0
meretriciously,0
mesdemoiselles,0
metamorphosing,1
metaphorically,9
metaphysically,0
metempsychoses,0
metempsychosis,0
meteorological,22
meteorologists,31
methodicalness,0
methodological,2
meticulousness,1
microbiologies,0
microbiologist,6
microbreweries,1
microcomputers,0
microeconomics,1
micrometeorite,1
microorganisms,12
microprocessor,2
microsurgeries,0
militarization,7
mindlessnesses,0
mirthfulnesses,0
misanthropists,0
misapplication,1
misapprehended,0
misappropriate,0
miscalculating,1
miscalculation,13
miscegenations,0
misconceptions,55
misgovernments,0
misidentifying,4
misinformation,214
misinterpreted,18
mismanagements,0
mispronouncing,2
misrepresented,18
misunderstands,2
moderatenesses,0
modernizations,0
molecularities,0
mollifications,0
moneygrubbings,0
monocotyledons,0
monopolization,1
monotonousness,0
moralistically,0
mortifications,0
motherlinesses,0
motionlessness,0
mountaineering,10
mournfulnesses,0
mulligatawnies,0
multifariously,0
multilaterally,0
multinationals,16
multiplication,8
multiplicities,0
multiprocessor,0
mummifications,0
municipalities,182
mysteriousness,0
mystifications,0
nanotechnology,7
narcotizations,0
naturalization,9
nauseousnesses,0
navigabilities,0
nebulousnesses,0
needlessnesses,0
negativenesses,0
neglectfulness,1
neighborliness,1
neoclassicisms,0
neocolonialism,3
neocolonialist,0
neurologically,1
neurosurgeries,0
neutralization,0
newspaperwoman,0
newspaperwomen,0
newsworthiness,0
nitrifications,0
nitrocellulose,0
nitroglycerine,1
nitroglycerins,0
nonacceptances,0
nonaggressions,0
nonappearances,0
nonattendances,0
nonbelligerent,0
noncollectable,0
noncombustible,1
noncommercials,0
noncommittally,1
noncompetitive,2
noncompliances,0
nonconformists,0
nonconsecutive,2
nonconvertible,0
noncooperation,0
noncrystalline,0
nondestructive,0
nondisclosures,0
noneducational,0
nonenforceable,0
nonequivalents,0
nonfluctuating,0
nonindependent,0
nonobservances,0
nonoccurrences,0
nonoperational,0
nonparticipant,0
nonperformance,0
nonprejudicial,0
nonradioactive,0
nonreciprocals,0
nonrecognition,0
nonrecoverable,0
nonresidential,1
nonresistances,0
nonrestrictive,0
nonreturnables,0
nonspecialists,0
nonsympathizer,0
nontarnishable,0
nonthreatening,2
nontraditional,10
nontransparent,0
normalizations,0
northeastwards,2
northwestwards,0
noteworthiness,0
nullifications,0
nutritiousness,0
obduratenesses,0
obsequiousness,1
obstreperously,0
obstructionism,2
obstructionist,1
occupationally,1
oceanographers,1
oceanographies,0
oleomargarines,0
omnivorousness,0
openhandedness,0
oppressiveness,0
optimistically,1
orchestrations,3
ordinarinesses,0
organizational,84
ornamentations,0
ornithological,0
ornithologists,0
ostentatiously,3
osteoarthritis,7
outlandishness,0
outmaneuvering,1
outmanoeuvring,0
overabundances,0
overaggressive,0
overcapacities,0
overcapitalize,0
overcompensate,1
overconfidence,6
overdecorating,0
overdeveloping,0
overemphasized,3
overemphasizes,0
overestimating,5
overestimation,2
overexercising,1
overgeneralize,1
overindulgence,3
overoptimistic,0
overparticular,0
overpopulating,1
overpopulation,9
overpoweringly,0
overproduction,4
overprotecting,0
overprotective,3
oversimplified,5
oversimplifies,0
overspecialize,0
overstatements,0
overstimulated,3
overstimulates,0
oversubscribed,7
oversubscribes,0
oversuspicious,0
overwhelmingly,137
paediatricians,7
painlessnesses,0
palatalization,0
paleontologies,0
paleontologist,5
parallelograms,0
paramilitaries,5
paraphernalias,0
parapsychology,1
parenthesizing,0
parsimoniously,0
participations,0
particleboards,0
particularized,0
particularizes,0
passionflowers,0
pasteurization,8
pathologically,1
patresfamilias,0
patronymically,0
peacefulnesses,0
pedestrianized,0
pedestrianizes,0
penitentiaries,0
perambulations,0
perceptiveness,0
percussionists,1
peregrinations,0
perfectibility,0
perfectionisms,0
perfectionists,2
permeabilities,0
permissiveness,0
perniciousness,0
perpendiculars,0
perspicacities,0
persuasiveness,2
pertinaciously,0
perversenesses,0
petrochemicals,11
pettifoggeries,0
phantasmagoria,0
pharmaceutical,143
pharmacologies,0
pharmacologist,0
pharmacopoeias,0
phenobarbitals,0
philanthropies,1
philanthropist,45
philosophizers,0
philosophizing,1
phlegmatically,0
phonologically,0
phosphorescent,0
photoengravers,0
photoengraving,0
photofinishing,0
photogenically,0
photosensitive,0
photosyntheses,0
photosynthesis,9
photosynthetic,2
physiographies,0
pitilessnesses,0
plausibilities,0
pleasantnesses,0
pluralizations,0
politicization,8
polymerization,0
polypropylenes,0
popularization,2
populousnesses,0
positivenesses,0
possessiveness,1
postindustrial,0
postmenopausal,5
postmistresses,1
postmodernisms,0
postmodernists,0
potentialities,2
practicability,0
practicalities,6
praiseworthier,0
preadolescence,0
prearrangement,0
precariousness,3
preciousnesses,0
precipitations,0
precociousness,0
preconceptions,7
preconditioned,1
predesignating,0
predestination,1
predeterminers,0
predetermining,0
predictability,16
predisposition,6
prefabricating,0
prefabrication,2
preferentially,1
premeditations,0
preoccupations,4
preparednesses,0
preponderances,0
preponderantly,0
preponderating,0
prepossessions,0
preposterously,1
prepubescences,0
preregistering,0
prescriptively,0
pressurization,6
presumptuously,0
presupposition,1
prevarications,0
priestlinesses,0
priggishnesses,0
primogenitures,0
princelinesses,0
principalities,1
privatizations,1
prizefightings,0
procrastinated,1
procrastinates,0
procrastinator,0
productiveness,0
productivities,0
professionally,93
professorially,0
professorships,0
profoundnesses,0
prognosticated,0
prognosticates,0
prognosticator,0
prohibitionist,0
projectionists,0
proliferations,0
pronouncements,15
pronunciations,4
propagandizing,1
proportionally,4
propositioning,1
proprietorship,0
proprietresses,0
protectionisms,0
protectionists,0
protectiveness,4
providentially,1
provincialisms,0
pseudosciences,0
psychoanalyses,0
psychoanalysis,0
psychoanalysts,0
psychoanalytic,0
psychoanalyzed,0
psychoanalyzes,0
psychoneuroses,0
psychoneurosis,0
pugnaciousness,0
pulverizations,0
purposefulness,0
quadrilaterals,0
quadruplicated,0
quadruplicates,0
qualifications,137
quantification,1
quantitatively,4
quarterbacking,5
quartermasters,0
questionnaires,6
quintessential,38
radicalization,7
radiotelegraph,0
radiotelephone,0
radiotherapies,0
radiotherapist,0
rambunctiously,0
randomizations,0
rapprochements,0
ratiocinations,0
reaffirmations,0
reapplications,0
reappointments,0
reapportioning,0
rearrangements,0
reasonableness,2
rebelliousness,0
rebroadcasting,0
recalcitrances,0
recalculations,0
recapitalizing,0
recapitulating,0
recapitulation,0
reciprocations,0
recklessnesses,0
recolonization,0
recommencement,1
recommendation,289
recommissioned,2
reconciliation,107
reconditioning,2
reconfirmation,0
reconnaissance,44
reconnoitering,0
reconsecrating,0
reconsecration,0
reconstituting,0
reconstitution,3
reconstructing,8
reconstruction,131
recontaminated,1
recontaminates,0
recriminations,3
recrudescences,1
recrystallized,0
recrystallizes,0
rectifications,2
redevelopments,1
redistributing,3
redistribution,21
reduplications,0
reestablishing,3
reexaminations,0
reforestations,0
reformulations,0
refrigerations,0
refurbishments,15
regimentations,0
regularization,4
regurgitations,1
rehabilitating,21
rehabilitation,286
rehabilitative,7
reimbursements,19
reincarnations,1
reincorporated,0
reincorporates,0
reinforcements,33
reinstatements,0
reintegrations,0
reinterpreting,1
reintroduction,18
reinvigorating,7
relentlessness,7
relinquishment,1
remarkableness,0
renegotiations,3
reorganization,14
reorientations,0
repetitiveness,2
rephotographed,0
replenishments,1
representation,377
representative,523
republicanisms,0
republications,0
reputabilities,0
requisitioning,0
reservednesses,0
resolutenesses,0
respectability,5
respectfulness,0
responsibility,1192
responsiveness,18
restauranteurs,3
restlessnesses,0
restrengthened,0
restructurings,4
resuscitations,0
retrogressions,0
retrospections,0
retrospectives,2
reunifications,0
reupholstering,1
reverberations,7
revitalization,32
revivification,0
revolutionised,12
revolutionises,2
revolutionists,0
revolutionized,25
revolutionizes,1
ridiculousness,5
rightfulnesses,0
rigorousnesses,0
rollerskatings,0
rutherfordiums,0
ruthlessnesses,0
sacrilegiously,0
sacrosanctness,0
sadomasochisms,0
sadomasochists,0
sanctification,0
satisfactorily,6
scandalmongers,0
scarifications,0
scatterbrained,0
schizophrenias,0
schizophrenics,0
scholastically,0
schoolchildren,42
schoolmistress,0
schoolteachers,6
scientifically,27
scintillations,0
scratchinesses,0
screenwritings,0
scrupulosities,0
scrupulousness,1
scurrilousness,1
secretaryships,0
secularization,4
sedimentations,0
segregationist,3
seismographers,0
seismographies,0
selenographers,0
selenographies,0
selflessnesses,0
semiautomatics,0
semiconducting,0
semiconductors,43
semidarknesses,0
sensationalism,2
sensationalist,1
sensationalize,1
sensiblenesses,0
sensitizations,0
sensuousnesses,0
sentimentalism,1
sentimentalist,0
sentimentality,9
sentimentalize,0
separabilities,0
separatenesses,0
septuagenarian,4
sequestrations,0
serializations,0
serviceability,2
servomechanism,0
shamefulnesses,0
sharpshootings,0
sheepishnesses,0
shortsightedly,0
shuttlecocking,0
signalizations,0
significations,0
simplification,8
simplistically,2
simultaneities,0
simultaneously,225
sisterlinesses,0
skateboardings,0
skillfulnesses,0
skittishnesses,0
skullduggeries,1
slaughterhouse,7
sledgehammered,0
slipperinesses,0
slothfulnesses,0
slovenlinesses,0
sluggishnesses,0
snappishnesses,0
snobbishnesses,0
socializations,0
sociologically,1
solemnizations,0
solicitousness,1
solidification,1
solitarinesses,0
sonorousnesses,0
sophisticating,0
sophistication,53
soundproofings,0
southeastwards,0
southwestwards,0
spaciousnesses,0
specialization,12
specifications,95
speciousnesses,0
spectroscopies,0
speechlessness,0
spiritualistic,0
spiritualities,0
spitefulnesses,0
sportsmanships,0
spotlessnesses,0
spuriousnesses,0
stabilizations,0
staphylococcal,0
staphylococcus,0
statesmanships,0
stealthinesses,0
steamrollering,0
steppingstones,0
sterilizations,0
stigmatization,2
straightjacket,0
straightnesses,0
straitjacketed,2
strangulations,0
stratification,0
strikebreakers,1
stubbornnesses,0
studiousnesses,0
stultification,0
subconsciouses,0
subconsciously,12
subcontinental,1
subcontracting,1
subcontractors,17
subcutaneously,2
subjectivities,0
submicroscopic,0
submissiveness,0
subordinations,0
subsidizations,0
substantiating,1
substantiation,1
subversiveness,0
succinctnesses,0
suggestibility,0
suggestiveness,0
suitablenesses,0
superabundance,0
superannuating,0
superannuation,19
superciliously,0
supercomputers,9
superconductor,1
supererogation,0
supererogatory,0
superficiality,2
superintendent,128
superintending,1
supernaturally,0
superpositions,0
supersaturated,0
supersaturates,0
superscription,0
superstructure,13
susceptibility,7
swashbucklings,0
swordsmanships,0
syllabications,0
symbolizations,0
systematically,44
tablespoonfuls,0
tablespoonsful,0
tactlessnesses,0
tangiblenesses,0
tantalizations,0
taskmistresses,0
tastefulnesses,0
tatterdemalion,0
tautologically,0
technicalities,11
telecommutings,0
teleconference,1
telemarketings,0
telepathically,2
teleprocessing,0
telescopically,0
teletypewriter,0
televangelisms,0
televangelists,1
tercentenaries,0
tercentennials,0
terminological,0
terriblenesses,0
thankfulnesses,0
thermodynamics,2
thermoplastics,0
thoroughnesses,0
thoughtfulness,12
thundershowers,17
ticklishnesses,0
timelessnesses,0
timorousnesses,0
tirelessnesses,0
tiresomenesses,0
togethernesses,0
tortoiseshells,0
tortuousnesses,0
tractabilities,0
traditionalism,1
traditionalist,3
tranquillities,0
tranquillizers,0
tranquillizing,0
transcendences,0
transcendental,5
transcriptions,2
transformation,442
transgressions,7
transistorized,0
transistorizes,0
transitionally,0
transitiveness,0
transitivities,0
transliterated,0
transliterates,0
translucencies,0
transmigrating,0
transmigration,0
transmittances,0
transmogrified,3
transmogrifies,0
transmutations,0
transnationals,0
transparencies,0
transpirations,0
transportation,631
transpositions,0
transsexualism,0
transshipments,0
triangulations,0
tricentennials,0
trigonometries,0
trivialization,2
troubleshooted,0
troubleshooter,1
trustfulnesses,0
trustworthiest,0
truthfulnesses,0
ultrasonically,0
unaccomplished,1
unacknowledged,8
unappreciative,0
unapproachable,1
unappropriated,0
unattractively,0
unavailability,9
uncommonnesses,0
uncompromising,26
unconscionable,24
unconscionably,1
unconsolidated,2
uncontaminated,0
uncontrollable,16
uncontrollably,16
unconventional,87
unconvincingly,1
uncorroborated,0
unctuousnesses,0
undecipherable,0
underachievers,2
underachieving,5
undercarriages,1
underclothings,0
underdeveloped,11
underestimated,52
underestimates,3
underexposures,0
undergraduates,20
undermentioned,0
undernourished,3
underpopulated,1
undersecretary,12
understandable,116
understandably,93
understandings,10
understatement,38
undervaluation,4
undesirability,0
undomesticated,0
uneconomically,0
unenterprising,0
unenthusiastic,4
unexpectedness,1
unfaithfulness,1
unflappability,0
unfriendliness,0
ungainlinesses,0
ungratefulness,0
unhesitatingly,1
unidentifiable,2
unincorporated,20
unintelligible,3
unintelligibly,0
universalities,0
universalizing,0
unlawfulnesses,0
unlikelinesses,0
unmentionables,0
unpleasantness,2
unpopularities,0
unpremeditated,0
unpreparedness,2
unproductively,0
unprofessional,34
unquestionable,9
unquestionably,14
unrecognizable,16
unresponsively,0
unsatisfactory,15
unscrupulously,3
unseemlinesses,0
unsteadinesses,0
unsuccessfully,53
unsurprisingly,53
unsuspectingly,0
untimelinesses,0
untranslatable,1
untruthfulness,0
unwieldinesses,0
unworthinesses,0
utilitarianism,0
vaingloriously,0
valedictorians,0
valetudinarian,0
vegetarianisms,0
venerabilities,0
ventriloquisms,0
ventriloquists,0
verbalizations,0
verisimilitude,3
versifications,0
victimizations,0
videocassettes,0
vindictiveness,3
violoncellists,0
virtuousnesses,0
visualizations,5
viticulturists,0
vitrifications,0
vivisectionist,0
vociferousness,0
voluminousness,0
voluptuousness,0
vulcanizations,0
vulgarizations,0
wastefulnesses,0
watchfulnesses,0
waterboardings,0
waterproofings,0
weatherization,2
weatherpersons,0
weatherproofed,0
weightlessness,3
weightliftings,0
westernization,0
whimsicalities,0
whippersnapper,0
wholeheartedly,37
woolgatherings,0
wretchednesses,0
wrongfulnesses,0
youthfulnesses,0
acceptabilities,0
accessibilities,0
acclimatization,1
accommodatingly,0
accomplishments,130
acknowledgement,46
acknowledgments,4
acquisitiveness,0
acrimoniousness,0
administrations,104
admissibilities,0
adventurousness,0
aerodynamically,1
aggrandizements,0
agreeablenesses,0
agriculturalist,1
airworthinesses,0
alphabetization,0
ambassadorships,1
ambidexterities,0
ambitiousnesses,0
amorphousnesses,0
analogousnesses,0
anesthetization,0
anthropocentric,4
anthropological,4
anthropologists,6
anthropomorphic,6
antiabortionist,0
antidepressants,16
antiperspirants,3
antiquarianisms,0
applicabilities,0
apprenticeships,32
appropriateness,2
arbitrarinesses,0
architecturally,9
argumentatively,0
aromatherapists,0
artificialities,0
assertivenesses,0
assiduousnesses,0
astrophysicists,2
atheroscleroses,0
atherosclerosis,6
atmospherically,1
atrociousnesses,0
attainabilities,0
attentivenesses,0
audaciousnesses,0
authentications,1
authoritatively,2
autobiographers,0
autobiographies,4
backscratchings,0
bacteriological,1
bacteriologists,0
bastardizations,0
beautifications,1
bibliographical,0
bidirectionally,0
biotechnologies,0
bipartisanships,0
blamelessnesses,0
blameworthiness,0
bloodlessnesses,0
bloodthirstiest,0
boundlessnesses,0
bounteousnesses,0
bountifulnesses,0
bowdlerizations,0
brokenheartedly,0
brotherlinesses,0
bumptiousnesses,0
bureaucratizing,0
burglarproofing,0
businesspersons,1
cannibalization,1
capaciousnesses,0
capitalizations,1
carcinogenicity,0
cardiopulmonary,3
carnivorousness,0
categorizations,1
ceaselessnesses,0
centralizations,0
ceremoniousness,0
chancellorships,0
changeabilities,0
channelizations,0
characteristics,160
cheerlessnesses,0
childlessnesses,0
chronologically,4
cinematographer,23
cinematographic,0
circumferential,0
circumlocutions,0
circumnavigated,1
circumnavigates,1
circumscription,0
circumspections,0
classifications,14
claustrophobias,0
collateralizing,0
colorfastnesses,0
colorlessnesses,0
combativenesses,0
comfortableness,0
commercializing,5
communicability,0
comparabilities,0
compassionately,2
compatibilities,1
competitiveness,100
comprehensively,26
computerization,2
conceitednesses,0
conceptualizing,3
concessionaires,4
condescendingly,1
confectioneries,1
confidentiality,38
confraternities,0
confrontational,20
conglomerations,0
congratulations,112
congresspersons,0
consanguinities,0
conscientiously,4
consciousnesses,1
consequentially,1
conservationism,0
conservationist,12
considerateness,0
conspicuousness,0
constitutionals,0
constructionist,0
contemporaneity,0
contemporaneous,2
contentednesses,0
contentiousness,0
contextualizing,2
contraindicated,0
contraindicates,0
controversially,24
conventionality,0
conventionalize,0
cooperativeness,0
correspondences,5
correspondingly,1
cosmopolitanism,0
counterattacked,0
counterbalanced,1
counterbalances,0
counterclaiming,0
countercultures,0
countermeasures,12
counteroffering,0
courteousnesses,0
credulousnesses,0
crystallization,2
daguerreotyping,0
dastardlinesses,0
dauntlessnesses,0
deceitfulnesses,0
deceptivenesses,0
decolonizations,0
decommissioning,21
deconstructions,0
decontaminating,0
decontamination,6
decriminalizing,2
defectivenesses,0
defenselessness,0
defensivenesses,0
dehumanizations,0
dehydrogenating,0
deliciousnesses,0
deliriousnesses,0
demagnetization,0
demobilizations,1
democratization,9
demographically,2
demonetizations,0
demonstratively,0
demoralizations,0
demystification,1
denationalizing,0
departmentalize,0
dependabilities,0
depersonalizing,0
depolarizations,0
desalinizations,0
descriptiveness,0
desensitization,0
desirablenesses,0
desperatenesses,0
destabilization,7
destructibility,0
destructiveness,1
detoxifications,0
developmentally,8
dexterousnesses,0
differentiating,12
differentiation,13
digestibilities,0
disadvantageous,2
disaffiliations,0
disappointingly,13
disappointments,22
disapprobations,0
disarrangements,0
disassociations,0
disciplinarians,0
discombobulated,2
discombobulates,0
disconcertingly,0
discontentments,0
discontinuances,0
discontinuation,8
discontinuities,1
discontinuously,0
discountenanced,2
discountenances,0
discouragements,0
discriminations,0
disembarkations,0
disembowelments,0
disenchantments,0
disenfranchised,21
disenfranchises,4
disentanglement,3
disequilibriums,0
disestablishing,0
disgracefulness,0
disgruntlements,0
dishearteningly,0
disillusionment,23
disinclinations,0
disinformations,0
disinheritances,0
disintegrations,0
disinterestedly,0
disorganization,3
disorientations,0
dispassionately,2
disproportional,0
disrespectfully,0
dissatisfaction,81
dissimilarities,1
dissolutenesses,0
distastefulness,0
distinctiveness,2
distinguishable,9
diversification,76
downheartedness,0
effectivenesses,0
egalitarianisms,0
egocentricities,0
egregiousnesses,0
elaboratenesses,0
electrification,47
electromagnetic,16
emulsifications,0
endocrinologies,0
endocrinologist,5
enfranchisement,1
entrepreneurial,86
environmentally,114
epidemiologists,1
equivocalnesses,0
euphemistically,1
evangelicalisms,0
exclusivenesses,0
excommunicating,0
excommunication,1
excursivenesses,0
exemplification,1
existentialisms,0
existentialists,0
expansivenesses,0
expeditiousness,0
expensivenesses,0
experimentation,29
explosivenesses,0
expressionistic,0
exquisitenesses,0
extemporization,0
extensivenesses,0
externalization,0
extracurricular,29
extraordinarily,43
facetiousnesses,0
faithlessnesses,0
familiarization,0
faultlessnesses,0
featherbeddings,0
federalizations,0
ferociousnesses,0
flibbertigibbet,0
flirtatiousness,0
foolhardinesses,0
foresightedness,0
forgetfulnesses,0
fortunetellings,0
fractiousnesses,0
fraternizations,0
frightfulnesses,0
frivolousnesses,0
fruitlessnesses,0
fundamentalisms,0
fundamentalists,5
garrulousnesses,0
gastroenteritis,7
gastronomically,1
generalizations,7
gentrifications,0
geoengineerings,0
gracelessnesses,0
grandiloquences,0
grotesquenesses,0
groundbreakings,1
guilelessnesses,0
halfheartedness,0
hallucinogenics,2
haphazardnesses,0
hardheartedness,0
harpsichordists,0
healthfulnesses,0
heartlessnesses,0
heartsicknesses,0
heterogeneities,0
heterogeneously,0
heterosexuality,1
hilariousnesses,0
historiographer,0
homogenizations,0
homosexualities,0
honorablenesses,0
horticulturists,3
hospitalization,40
hotheadednesses,0
humanitarianism,2
humidifications,0
humorlessnesses,0
hydrocephaluses,0
hyperactivities,0
hypercritically,0
hyperthyroidism,1
hyperventilated,0
hyperventilates,1
hypothyroidisms,0
identifications,4
illustriousness,0
imitativenesses,0
immaterialities,0
immediatenesses,0
immobilizations,0
immunodeficient,0
impassibilities,0
impassivenesses,0
impeccabilities,0
impecuniousness,0
impenetrability,0
imperfectnesses,0
imperiousnesses,0
impetuousnesses,0
implacabilities,0
implementations,19
impossibilities,0
impoverishments,0
imprecisenesses,0
impressionistic,4
improbabilities,0
improvisational,7
impulsivenesses,0
inaccessibility,4
inadmissibility,2
inanimatenesses,0
inappropriately,27
inattentiveness,2
inclusivenesses,0
incompatibility,4
incomprehension,0
incongruousness,0
inconsequential,18
inconsiderately,0
inconsideration,0
inconsistencies,39
inconspicuously,0
inconveniencing,3
incorrectnesses,0
incorrigibility,0
incredibilities,0
indemnification,2
indeterminacies,0
indeterminately,0
individualistic,6
individualities,0
individualizing,1
indoctrinations,0
industrializing,1
industriousness,0
ineffectiveness,6
ineligibilities,0
inevitabilities,0
inexpensiveness,0
infallibilities,0
infinitesimally,2
inflexibilities,0
informativeness,0
infrastructures,18
ingeniousnesses,0
ingenuousnesses,0
injudiciousness,0
innocuousnesses,0
inoffensiveness,0
inquisitiveness,1
insatiabilities,0
inscrutableness,0
insensibilities,0
insensitivities,0
insidiousnesses,0
insignificances,0
insignificantly,0
instantaneously,7
institutionally,4
instrumentalist,1
instrumentality,1
instrumentation,13
insubordination,3
insubstantially,0
insufficiencies,1
insurrectionist,8
intangibilities,0
intellectualism,0
intellectualize,0
intelligentsias,0
intelligibility,0
intensification,23
intensivenesses,0
interchangeable,17
interchangeably,11
intercollegiate,2
interconnecting,6
interconnection,6
interdependence,8
internalization,1
internationally,249
interpretations,31
interrogatively,0
interrogatories,0
interscholastic,0
interventionism,1
interventionist,7
introspectively,0
intrusivenesses,0
intuitivenesses,0
invariabilities,0
inventivenesses,0
invidiousnesses,0
invincibilities,0
inviolabilities,0
involuntariness,0
invulnerability,2
irrationalities,0
judiciousnesses,0
kaffeeklatsches,0
kindergarteners,1
kindheartedness,0
laboriousnesses,0
lackadaisically,0
latitudinarians,0
lecherousnesses,0
legitimizations,0
leisurelinesses,0
levelheadedness,0
lexicographical,0
liberalizations,0
limitlessnesses,0
litigiousnesses,0
loathsomenesses,0
lucrativenesses,0
ludicrousnesses,0
luxuriousnesses,0
maladroitnesses,0
maliciousnesses,0
manageabilities,0
maneuverability,10
marginalization,8
marketabilities,0
marriageability,0
masochistically,0
materialization,0
meaninglessness,1
mechanistically,0
mellifluousness,0
melodiousnesses,0
mercilessnesses,0
meritoriousness,1
methamphetamine,65
microaggression,0
microbiological,1
microbiologists,1
microelectronic,0
micromanagement,0
micrometeorites,0
microprocessors,1
microscopically,0
militarizations,0
miniaturization,0
misapplications,0
misapprehending,0
misapprehension,1
misappropriated,8
misappropriates,0
miscalculations,2
miscellaneously,0
mischievousness,0
misconstruction,0
miserablenesses,0
misinformations,0
misinterpreting,6
misrepresenting,10
momentarinesses,0
momentousnesses,0
monopolizations,0
monounsaturated,3
mountaineerings,0
multilingualism,0
multiplications,0
multiprocessors,0
nationalization,3
naturalizations,0
nearsightedness,1
nefariousnesses,0
negotiabilities,0
neocolonialisms,0
neocolonialists,0
neoconservative,1
nervelessnesses,0
neutralizations,0
niggardlinesses,0
nitrocelluloses,0
nitroglycerines,0
noiselessnesses,0
nonavailability,0
nonbelligerents,0
noncommunicable,1
nonconformities,0
nonconstructive,0
noncontributing,0
noncontributory,0
noncooperations,0
nondepartmental,0
nondepreciating,0
nondisciplinary,0
nonexchangeable,0
nongovernmental,6
noninflammatory,0
noninflationary,0
nonintellectual,0
noninterference,0
nonintervention,0
nonintoxicating,0
nonoccupational,0
nonparticipants,0
nonperformances,0
nonprescription,2
nonprofessional,0
nonrecognitions,0
nonspecializing,0
nonsympathizers,0
nontransferable,0
notwithstanding,38
objectivenesses,0
obliviousnesses,0
obnoxiousnesses,0
obsessivenesses,0
obstructionisms,0
obstructionists,0
obstructiveness,0
obtrusivenesses,0
offensivenesses,0
offhandednesses,0
officiousnesses,0
ophthalmologies,0
ophthalmologist,6
outspokennesses,0
overcapitalized,0
overcapitalizes,0
overcompensated,0
overcompensates,0
overconfidences,0
overemphasizing,0
overestimations,0
overgeneralized,0
overgeneralizes,0
overindulgences,0
overpopulations,0
overproductions,0
oversimplifying,2
overspecialized,0
overspecializes,0
overstimulating,1
oversubscribing,0
palatalizations,0
paleontologists,4
parasympathetic,2
parenthetically,0
parliamentarian,17
parthenogeneses,0
parthenogenesis,0
particularities,3
particularizing,0
pasteurizations,0
paterfamiliases,0
pedestrianizing,0
penetrabilities,0
penuriousnesses,0
perpendicularly,1
personification,11
perspicaciously,0
pervasivenesses,0
pessimistically,0
phantasmagorias,0
pharmaceuticals,27
pharmacological,1
pharmacologists,0
philanthropists,14
philosophically,5
phosphorescence,2
photoengravings,0
photofinishings,0
photojournalism,4
photojournalist,18
photosynthesize,0
physiologically,1
physiotherapies,0
physiotherapist,13
picturesqueness,0
pigheadednesses,0
plainclothesman,0
plainclothesmen,0
plenipotentiary,1
pointlessnesses,0
poliomyelitides,0
politicizations,0
polymerizations,0
polyunsaturated,4
ponderousnesses,0
popularizations,0
postconsonantal,0
powerlessnesses,0
praiseworthiest,0
preadolescences,0
prearrangements,0
preconditioning,1
predestinations,0
predispositions,0
prefabrications,0
prehistorically,0
prekindergarten,1
prepositionally,0
preregistration,0
preservationist,0
pressurizations,0
presuppositions,0
pretentiousness,1
preternaturally,1
primitivenesses,0
problematically,1
procrastinating,4
procrastination,14
procrastinators,2
professionalism,135
professionalize,2
profitabilities,0
prognosticating,0
prognostication,1
prognosticators,4
progressiveness,1
prohibitionists,0
proportionately,8
proprietorships,1
provocativeness,0
psychedelically,1
psychoanalyzing,0
psychologically,41
psychotherapies,0
psychotherapist,13
pulchritudinous,0
punctiliousness,0
pusillanimities,0
pusillanimously,0
quadruplicating,0
quadruplication,0
quantifications,1
quarrelsomeness,0
querulousnesses,0
radicalizations,0
radioactivities,0
radiotelegraphs,0
radiotelegraphy,0
radiotelephones,0
radiotherapists,0
rapaciousnesses,0
rationalization,3
reapportionment,0
recapitulations,0
receptivenesses,0
recolonizations,0
recommencements,0
recommendations,525
recommissioning,0
reconciliations,1
reconfirmations,0
reconnaissances,0
reconsecrations,0
reconsideration,24
reconstitutions,0
reconstructions,3
recontaminating,0
recrystallizing,0
redistributions,0
reestablishment,0
regularizations,0
rehabilitations,0
reincorporating,0
reincorporation,1
reintroductions,2
religiousnesses,0
relinquishments,1
remorselessness,0
reorganizations,0
repetitiousness,0
rephotographing,0
representations,52
representatives,566
repulsivenesses,0
resentfulnesses,0
resourcefulness,17
restrengthening,0
restrictiveness,0
retentivenesses,0
retrospectively,10
revitalizations,0
revivifications,0
revolutionaries,17
revolutionising,5
revolutionizing,22
righteousnesses,0
ritualistically,0
sadomasochistic,1
salaciousnesses,0
sanctifications,0
sanctimoniously,0
seaworthinesses,0
secretivenesses,0
secularizations,0
seductivenesses,0
segregationists,0
semitransparent,0
sensationalisms,0
sensationalists,0
sensationalized,4
sensationalizes,1
senselessnesses,0
sensitivenesses,0
sentimentalisms,0
sentimentalists,0
sentimentalized,0
sentimentalizes,0
septuagenarians,1
servomechanisms,0
shamelessnesses,0
shapelessnesses,0
shiftlessnesses,0
simplifications,0
slaughterhouses,3
sledgehammering,0
sleeplessnesses,0
solidifications,0
sophistications,0
sorrowfulnesses,0
specializations,4
sprightlinesses,0
squeamishnesses,0
standardization,12
statelessnesses,0
steadfastnesses,0
stigmatizations,0
straightforward,210
straightjackets,0
straitjacketing,0
stratifications,0
strenuousnesses,0
stultifications,0
subprofessional,0
substantiations,0
sumptuousnesses,0
superabundances,0
superannuations,1
superconducting,8
superconductive,0
superconductors,0
supererogations,0
superfluousness,0
superimposition,1
superintendence,0
superintendency,0
superintendents,14
supernumeraries,0
supersaturating,0
supersaturation,0
superscriptions,0
superstitiously,0
superstructures,1
supplementation,11
surreptitiously,11
syllabification,0
sympathetically,7
symptomatically,0
synchronization,4
systematization,0
talkativenesses,0
tastelessnesses,0
tatterdemalions,0
technologically,22
teleconferenced,0
teleconferences,0
telegraphically,0
telephotography,0
teleprocessings,0
teletypewriters,0
temperamentally,2
temperatenesses,0
tempestuousness,0
temporarinesses,0
tenaciousnesses,0
tendentiousness,0
tentativenesses,0
thanklessnesses,0
theatricalities,0
therapeutically,1
thoughtlessness,0
thunderstricken,0
toastmistresses,0
tonsillectomies,0
topographically,1
totalitarianism,9
traditionalisms,0
traditionalists,6
transfiguration,1
transformations,26
transistorizing,0
transliterating,0
transliteration,0
transmigrations,0
transmogrifying,0
transplantation,16
transportations,0
transsexualisms,0
treacherousness,0
tremulousnesses,0
trigonometrical,0
trinitrotoluene,0
trivializations,0
troubleshooters,2
troubleshooting,20
trustworthiness,11
typographically,0
tyrannosauruses,0
unaccommodating,0
unceremoniously,17
uncleanlinesses,0
uncommunicative,0
uncomplainingly,0
uncomplimentary,0
uncomprehending,0
unconditionally,16
unconsciousness,9
undemonstrative,0
underemployment,3
underestimating,16
underestimation,4
underhandedness,1
underprivileged,21
underproduction,0
understandingly,1
understatements,0
undervaluations,0
undistinguished,1
unearthlinesses,0
unexceptionable,0
unexceptionably,0
unexceptionally,0
unfamiliarities,0
ungrammatically,0
unhealthinesses,0
unimaginatively,1
unintentionally,34
unnaturalnesses,0
unobjectionable,0
unobtrusiveness,0
unprecedentedly,2
unprepossessing,0
unpretentiously,0
unpronounceable,0
unquestioningly,3
unrealistically,0
unreconstructed,2
unreliabilities,0
unrighteousness,1
unselfishnesses,0
unsightlinesses,0
unsophisticated,4
unsportsmanlike,9
unsubstantiated,29
unsuitabilities,0
unwholesomeness,0
unwillingnesses,0
unworldlinesses,0
utilitarianisms,0
valetudinarians,0
venturesomeness,0
venturousnesses,0
verisimilitudes,0
vicariousnesses,0
vivaciousnesses,0
vivisectionists,0
voicelessnesses,0
voraciousnesses,0
vulnerabilities,130
warmheartedness,0
weatherizations,0
weatherproofing,1
weatherstripped,0
westernizations,0
whatchamacallit,0
whippersnappers,0
wholesomenesses,0
wonderfulnesses,0
worthlessnesses,0
wrongheadedness,0
absentmindedness,0
abstemiousnesses,0
abstractednesses,0
acceptablenesses,0
acclimatizations,0
accountabilities,1
acknowledgements,1
acquaintanceship,0
administratively,9
aggressivenesses,0
agriculturalists,0
alphabetizations,0
alphanumerically,0
amateurishnesses,0
anesthesiologies,0
anesthesiologist,3
anesthetizations,0
antagonistically,0
anthropomorphism,1
anthropomorphous,0
antiabortionists,0
apprehensiveness,0
archaeologically,2
aristocratically,0
arterioscleroses,0
arteriosclerosis,0
articulatenesses,0
attractivenesses,0
auspiciousnesses,0
authoritarianism,22
autobiographical,16
bigheartednesses,0
biodegradability,0
biotechnological,2
bloodthirstiness,0
boisterousnesses,0
breathlessnesses,0
bullheadednesses,0
bureaucratically,2
cannibalizations,0
cantankerousness,0
capitalistically,0
capriciousnesses,0
catastrophically,12
censoriousnesses,0
changeablenesses,0
characterization,38
charitablenesses,0
chauvinistically,0
chemotherapeutic,1
chivalrousnesses,0
cinematographers,3
cinematographies,0
circuitousnesses,0
circumnavigating,0
circumnavigation,0
circumscriptions,0
circumstantially,0
collectivization,1
colorblindnesses,0
combustibilities,0
compartmentalize,4
compulsivenesses,0
computerizations,0
conclusivenesses,0
conductibilities,0
conjunctivitises,0
conservationisms,0
conservationists,23
conspiratorially,1
constitutionally,36
constructionists,0
constructiveness,0
contagiousnesses,0
containerization,2
contemptuousness,0
contraindicating,0
contraindication,0
conventionalized,0
conventionalizes,0
conversationally,0
convertibilities,0
corruptibilities,0
cosmopolitanisms,0
counterattacking,3
counterbalancing,1
counterclockwise,4
counterespionage,1
counteroffensive,11
countersignature,0
courageousnesses,0
crystallizations,0
cumbersomenesses,0
curvaceousnesses,0
decentralization,8
declassification,2
decontaminations,0
deliberatenesses,0
demagnetizations,0
demilitarization,4
democratizations,0
demystifications,0
departmentalized,0
departmentalizes,0
desensitizations,0
destabilizations,0
diagrammatically,0
differentiations,0
disagreeableness,1
discombobulating,2
discombobulation,0
disconnectedness,1
discontinuations,0
discountenancing,0
discursivenesses,0
disenfranchising,3
disentanglements,0
disestablishment,1
disfranchisement,1
disillusionments,0
disjointednesses,0
disorderlinesses,0
disorganizations,0
disproportionate,72
disqualification,64
dissatisfactions,2
diversifications,0
diverticulitises,0
ecclesiastically,0
effortlessnesses,0
electrifications,0
electromagnetism,1
endocrinologists,3
enfranchisements,0
enthusiastically,53
environmentalism,8
environmentalist,20
excommunications,0
exemplifications,0
exhaustivenesses,0
experimentations,3
expressivenesses,0
extemporaneously,1
extemporizations,0
externalizations,0
extraterrestrial,12
extraterritorial,3
familiarizations,0
farsightednesses,0
fastidiousnesses,0
fictionalization,0
flibbertigibbets,0
forthrightnesses,0
fortuitousnesses,0
gastrointestinal,32
gratuitousnesses,0
gregariousnesses,0
hardheadednesses,0
harmoniousnesses,0
highhandednesses,0
historiographers,0
historiographies,0
hospitalizations,35
humanitarianisms,0
hydroelectricity,4
hypersensitivity,3
hyperthyroidisms,0
hyperventilating,1
hyperventilation,1
immaculatenesses,0
immaterialnesses,0
immunodeficiency,0
imperceptibility,1
impermeabilities,0
imperturbability,0
implausibilities,1
impracticalities,0
impregnabilities,0
impressibilities,0
impressivenesses,0
inadvisabilities,0
inalienabilities,0
inarticulateness,0
incestuousnesses,0
incommensurately,0
incompletenesses,0
incomprehensible,22
incomprehensibly,1
incomprehensions,0
inconceivability,0
inconclusiveness,0
inconsiderations,0
incontestability,0
incontrovertible,3
incontrovertibly,0
incorruptibility,0
indecisivenesses,0
indefinitenesses,0
indemnifications,0
indiscriminately,23
indispensability,3
indistinctnesses,0
indivisibilities,0
inextinguishable,1
infectiousnesses,0
inflammabilities,0
inscrutabilities,0
inseparabilities,0
institutionalize,6
instrumentalists,3
instrumentations,0
insubordinations,0
insurrectionists,4
intellectualisms,0
intellectualized,0
intellectualizes,0
intensifications,0
intercommunicate,0
interconnections,5
intercontinental,16
interdependences,0
interdependently,0
internalizations,0
internationalise,1
internationalism,5
internationalist,3
internationalize,0
interventionisms,0
interventionists,4
intractabilities,0
irresolutenesses,0
irresponsibility,8
lasciviousnesses,0
licentiousnesses,0
lightheartedness,1
lithographically,0
loquaciousnesses,0
lugubriousnesses,0
marginalizations,0
materializations,0
meaningfulnesses,0
melodramatically,0
meretriciousness,0
methamphetamines,3
methodicalnesses,0
methodologically,1
meticulousnesses,0
microaggressions,10
microelectronics,5
micromanagements,0
miniaturizations,0
misanthropically,0
misapprehensions,0
misappropriating,5
misappropriation,17
misconstructions,0
mispronunciation,2
misunderstanding,51
monocotyledonous,0
monotonousnesses,0
motionlessnesses,0
multiculturalism,7
multidimensional,7
multifariousness,0
multilingualisms,0
multimillionaire,3
mysteriousnesses,0
nanotechnologies,1
nationalizations,0
neglectfulnesses,0
neighborlinesses,0
neoconservatives,2
neurotransmitter,10
newsworthinesses,0
noncomprehending,0
noncontroversial,1
nonintellectuals,0
noninterferences,0
noninterventions,0
nonparticipating,1
nonprofessionals,0
nonproliferation,2
nonreciprocating,0
noteworthinesses,0
nutritiousnesses,0
obsequiousnesses,0
obstreperousness,0
omnivorousnesses,0
openhandednesses,0
ophthalmologists,2
oppressivenesses,0
organizationally,1
orthographically,0
osteoarthritides,0
outlandishnesses,0
overcapitalizing,0
overcompensating,0
overcompensation,1
overenthusiastic,1
overgeneralizing,0
overspecializing,0
paraprofessional,3
parapsychologies,0
parapsychologist,0
parliamentarians,26
perceptivenesses,0
perfectibilities,0
permissivenesses,0
perniciousnesses,0
perpendicularity,0
personifications,0
persuasivenesses,0
phosphorescences,0
phosphorescently,0
photographically,1
photojournalisms,0
photojournalists,6
photosynthesized,0
photosynthesizes,0
physiotherapists,7
pornographically,0
possessivenesses,0
practicabilities,0
praiseworthiness,0
precariousnesses,0
precociousnesses,0
predetermination,0
predictabilities,0
prekindergartens,0
preregistrations,0
preservationists,4
prestidigitation,1
presumptuousness,1
procrastinations,0
productivenesses,0
professionalisms,0
professionalized,1
professionalizes,0
prognostications,4
protectivenesses,0
psychoanalytical,0
psychotherapists,1
pugnaciousnesses,0
purposefulnesses,0
quadruplications,0
quintessentially,15
radiotelegraphed,0
rambunctiousness,0
rationalizations,1
reapportionments,0
reasonablenesses,0
rebelliousnesses,0
reclassification,6
reconsiderations,1
reestablishments,0
reincorporations,0
reinterpretation,5
relentlessnesses,0
remarkablenesses,0
repetitivenesses,0
reprehensibility,0
representational,2
respectabilities,0
respectfulnesses,0
responsibilities,329
responsivenesses,0
ridiculousnesses,0
sacrosanctnesses,0
schoolmistresses,0
scrupulousnesses,0
scurrilousnesses,0
semiprofessional,0
sensationalizing,0
sentimentalities,0
sentimentalizing,0
serviceabilities,0
sesquicentennial,0
shortsightedness,2
solicitousnesses,0
speechlessnesses,0
standardizations,0
straightforwards,0
straightjacketed,0
subconsciousness,0
submissivenesses,0
subprofessionals,0
subversivenesses,0
suggestibilities,0
suggestivenesses,0
superciliousness,0
superficialities,0
superimpositions,0
superintendences,0
supersaturations,0
supplementations,1
surrealistically,0
susceptibilities,2
syllabifications,0
synchronizations,0
systematizations,0
teleconferencing,0
terminologically,0
thermostatically,1
thoughtfulnesses,0
tintinnabulation,0
totalitarianisms,0
transcendentally,1
transcontinental,4
transfigurations,0
transitivenesses,0
transliterations,0
transplantations,0
trinitrotoluenes,0
troubleshootings,0
unavailabilities,0
uncharacteristic,14
uncompromisingly,1
unconstitutional,96
unconventionally,3
underdevelopment,8
underemployments,0
underestimations,0
undernourishment,1
underproductions,0
underrepresented,36
undersecretaries,3
undesirabilities,0
undifferentiated,2
undiscriminating,1
unexpectednesses,0
unfaithfulnesses,0
unflappabilities,0
unfriendlinesses,0
ungratefulnesses,0
unpleasantnesses,0
unpredictability,31
unpreparednesses,0
unprofessionally,3
unreasonableness,0
unrepresentative,1
unresponsiveness,2
unsatisfactorily,0
unscientifically,1
unscrupulousness,0
untruthfulnesses,0
vindictivenesses,0
vociferousnesses,0
voluminousnesses,0
voluptuousnesses,0
weatherstripping,1
weightlessnesses,0
whatchamacallits,0
wholeheartedness,0
acquaintanceships,0
acquisitivenesses,0
acrimoniousnesses,0
adventurousnesses,0
anachronistically,0
anesthesiologists,1
anthropologically,0
anthropomorphisms,0
anticlimactically,0
appropriatenesses,0
argumentativeness,0
authoritarianisms,0
authoritativeness,0
bibliographically,0
blameworthinesses,0
bureaucratization,0
carcinogenicities,0
carnivorousnesses,0
ceremoniousnesses,0
characterizations,4
choreographically,0
circumnavigations,0
collectivizations,0
comfortablenesses,0
commercialization,27
communicabilities,0
compartmentalized,2
compartmentalizes,0
competitivenesses,0
comprehensibility,0
comprehensiveness,0
conceptualization,4
confidentialities,0
congregationalism,0
congregationalist,0
conscientiousness,4
consideratenesses,0
conspicuousnesses,0
constitutionality,18
consubstantiation,0
containerizations,0
contemporaneities,0
contemporaneously,0
contentiousnesses,0
contradistinction,0
contraindications,1
conventionalities,0
conventionalizing,0
conversationalist,2
cooperativenesses,0
counterespionages,0
counterinsurgency,4
counteroffensives,0
counterproductive,35
counterrevolution,2
countersignatures,0
decentralizations,0
declassifications,0
decriminalization,10
defenselessnesses,0
demilitarizations,0
demonstrativeness,0
departmentalizing,0
descriptivenesses,0
destructibilities,0
destructivenesses,0
disadvantageously,0
discombobulations,0
disestablishments,0
disfranchisements,0
disgracefulnesses,0
disinterestedness,0
disqualifications,2
distastefulnesses,0
distinctivenesses,0
downheartednesses,0
electrocardiogram,0
electromagnetisms,0
environmentalisms,0
environmentalists,39
expeditiousnesses,0
extraterrestrials,6
fictionalizations,0
flirtatiousnesses,0
foresightednesses,0
gastroenteritides,0
halfheartednesses,0
hardheartednesses,0
heterosexualities,0
hydroelectrically,0
hyperventilations,0
idiosyncratically,1
illustriousnesses,0
impecuniousnesses,0
impenetrabilities,0
imperialistically,0
impressionability,0
inaccessibilities,0
inadmissibilities,0
inappropriateness,1
inattentivenesses,0
incompatibilities,0
incongruousnesses,0
inconsequentially,0
inconsiderateness,0
inconspicuousness,0
incorrigibilities,0
indestructibility,0
indistinguishable,14
indistinguishably,0
individualization,0
industrialization,15
industriousnesses,0
ineffectivenesses,0
inexpensivenesses,0
informativenesses,0
injudiciousnesses,0
inoffensivenesses,0
inquisitivenesses,0
inscrutablenesses,0
institutionalized,15
institutionalizes,0
instrumentalities,2
intellectualizing,0
intelligibilities,0
intercommunicated,0
intercommunicates,0
interdepartmental,2
interdisciplinary,24
intergovernmental,15
internationalised,0
internationalises,0
internationalisms,0
internationalists,1
internationalized,0
internationalizes,0
interrelationship,0
involuntarinesses,0
invulnerabilities,0
irreconcilability,0
kaleidoscopically,0
kindheartednesses,0
levelheadednesses,0
maneuverabilities,0
marriageabilities,0
materialistically,0
meaninglessnesses,0
mellifluousnesses,0
meritoriousnesses,0
misappropriations,0
mischievousnesses,0
misinterpretation,10
mispronunciations,0
misrepresentation,22
misunderstandings,24
multiculturalisms,0
multidisciplinary,22
multimillionaires,2
nationalistically,0
nearsightednesses,0
neurotransmitters,5
nonadministrative,0
nonavailabilities,0
nondenominational,2
nondiscrimination,2
nondiscriminatory,1
nonproliferations,0
obstructivenesses,0
opportunistically,4
overcompensations,0
overconscientious,0
oversensitiveness,0
paraprofessionals,1
parapsychologists,0
particularization,0
philanthropically,0
photoelectrically,0
photosynthesizing,2
picturesquenesses,0
plenipotentiaries,0
predeterminations,0
prestidigitations,0
pretentiousnesses,0
professionalizing,0
progressivenesses,0
provocativenesses,0
punctiliousnesses,0
quarrelsomenesses,0
radiotelegraphies,0
radiotelegraphing,0
reclassifications,0
reinterpretations,0
remorselessnesses,0
repetitiousnesses,0
resourcefulnesses,0
restrictivenesses,0
sanctimoniousness,1
semiprofessionals,0
sesquicentennials,0
straightforwardly,3
straightjacketing,0
superconductivity,1
superfluousnesses,0
superintendencies,0
surreptitiousness,0
telecommunication,14
teleconferencings,0
telephotographies,0
tempestuousnesses,0
tendentiousnesses,0
tenderheartedness,0
thoughtlessnesses,0
tintinnabulations,0
transcendentalism,0
transcendentalist,0
treacherousnesses,0
trustworthinesses,0
ultraconservative,1
uncomprehendingly,0
unconsciousnesses,0
unconventionality,1
undemonstratively,0
underdevelopments,0
underhandednesses,0
undernourishments,0
unobtrusivenesses,0
unrighteousnesses,0
unsympathetically,0
unwholesomenesses,0
valetudinarianism,0
venturesomenesses,0
warmheartednesses,0
weatherstrippings,0
wrongheadednesses,0
absentmindednesses,0
antivivisectionist,0
apprehensivenesses,0
autobiographically,0
biodegradabilities,0
bloodthirstinesses,0
bureaucratizations,0
cantankerousnesses,0
characteristically,10
chlorofluorocarbon,0
commercializations,0
compartmentalizing,0
conceptualizations,0
congregationalisms,0
congregationalists,0
constructivenesses,0
consubstantiations,0
contemptuousnesses,0
contradistinctions,0
conversationalists,0
counterrevolutions,1
decriminalizations,0
disagreeablenesses,0
disconnectednesses,0
disenfranchisement,8
disproportionately,107
electrocardiograms,0
electrocardiograph,1
extemporaneousness,0
hydroelectricities,0
hypersensitiveness,0
hypersensitivities,0
immunodeficiencies,0
imperceptibilities,0
imperturbabilities,0
inarticulatenesses,0
inconceivabilities,0
inconclusivenesses,0
incontestabilities,0
incorruptibilities,0
indispensabilities,0
individualizations,0
industrializations,0
institutionalizing,1
intercommunicating,0
intercommunication,0
internationalising,0
internationalizing,0
interrelationships,0
irresponsibilities,0
lightheartednesses,0
meretriciousnesses,0
misinterpretations,2
misrepresentations,7
multifariousnesses,0
nondiscriminations,0
noninterchangeable,0
obstreperousnesses,0
oversimplification,3
overspecialization,0
particularizations,0
perpendicularities,0
praiseworthinesses,0
presumptuousnesses,0
rambunctiousnesses,0
reprehensibilities,0
sentimentalization,0
shortsightednesses,0
subconsciousnesses,0
superciliousnesses,0
telecommunications,56
transcendentalisms,0
transcendentalists,0
transmogrification,0
transubstantiation,1
ultraconservatives,0
unconstitutionally,10
unpredictabilities,0
unreasonablenesses,0
unresponsivenesses,0
unscrupulousnesses,0
valetudinarianisms,0
wholeheartednesses,0
anthropomorphically,0
antivivisectionists,0
argumentativenesses,0
authoritativenesses,0
chlorofluorocarbons,0
comprehensibilities,0
comprehensivenesses,0
conscientiousnesses,0
constitutionalities,0
counterinsurgencies,0
counterintelligence,4
demonstrativenesses,0
departmentalization,1
disenfranchisements,0
disinterestednesses,0
electrocardiographs,0
electrocardiography,0
electromagnetically,0
extraterritoriality,1
impressionabilities,0
inappropriatenesses,0
incomprehensibility,0
inconsideratenesses,0
inconspicuousnesses,0
indestructibilities,0
individualistically,0
intercommunications,0
interdenominational,0
irreconcilabilities,0
nonrepresentational,0
oversensitivenesses,0
oversimplifications,0
overspecializations,0
sanctimoniousnesses,0
sentimentalizations,0
straightforwardness,2
superconductivities,0
surreptitiousnesses,0
tenderheartednesses,0
transmogrifications,0
transubstantiations,0
unconstitutionality,4
unconventionalities,0
compartmentalization,3
counterintelligences,0
counterrevolutionary,2
departmentalizations,0
electroencephalogram,0
extemporaneousnesses,0
hypersensitivenesses,0
institutionalization,2
uncharacteristically,15
compartmentalizations,0
electrocardiographies,0
electroencephalograms,0
electroencephalograph,0
extraterritorialities,0
incomprehensibilities,0
institutionalizations,0
straightforwardnesses,0
unconstitutionalities,0
counterrevolutionaries,0
electroencephalographs,0
electroencephalography,1
electroencephalographic,0
electroencephalographies,0
